
Checking for solvers before compiling...

DASPK solver found. Compiling with DASPK and sensitivity analysis capability...

python setup.py build_ext --inplace
warning: rmgpy/solver/surface.pyx:415:61: Unreachable code
Compiling rmgpy/rmgobject.pyx because it changed.
Compiling rmgpy/kinetics/arrhenius.pyx because it changed.
Compiling rmgpy/kinetics/chebyshev.pyx because it changed.
Compiling rmgpy/kinetics/kineticsdata.pyx because it changed.
Compiling rmgpy/kinetics/falloff.pyx because it changed.
Compiling rmgpy/kinetics/model.pyx because it changed.
Compiling rmgpy/kinetics/tunneling.pyx because it changed.
Compiling rmgpy/kinetics/surface.pyx because it changed.
Compiling rmgpy/kinetics/uncertainties.pyx because it changed.
Compiling rmgpy/molecule/atomtype.py because it changed.
Compiling rmgpy/molecule/element.py because it changed.
Compiling rmgpy/molecule/graph.pyx because it changed.
Compiling rmgpy/molecule/group.py because it changed.
Compiling rmgpy/molecule/molecule.py because it changed.
Compiling rmgpy/molecule/symmetry.py because it changed.
Compiling rmgpy/molecule/vf2.pyx because it changed.
Compiling rmgpy/molecule/converter.py because it changed.
Compiling rmgpy/molecule/translator.py because it changed.
Compiling rmgpy/molecule/util.py because it changed.
Compiling rmgpy/molecule/inchi.py because it changed.
Compiling rmgpy/molecule/resonance.py because it changed.
Compiling rmgpy/molecule/pathfinder.py because it changed.
Compiling rmgpy/molecule/kekulize.pyx because it changed.
Compiling rmgpy/pdep/collision.pyx because it changed.
Compiling rmgpy/pdep/configuration.pyx because it changed.
Compiling rmgpy/pdep/me.pyx because it changed.
Compiling rmgpy/pdep/msc.pyx because it changed.
Compiling rmgpy/pdep/reaction.pyx because it changed.
Compiling rmgpy/pdep/rs.pyx because it changed.
Compiling rmgpy/pdep/cse.pyx because it changed.
Compiling rmgpy/statmech/conformer.pyx because it changed.
Compiling rmgpy/statmech/mode.pyx because it changed.
Compiling rmgpy/statmech/rotation.pyx because it changed.
Compiling rmgpy/statmech/schrodinger.pyx because it changed.
Compiling rmgpy/statmech/torsion.pyx because it changed.
Compiling rmgpy/statmech/translation.pyx because it changed.
Compiling rmgpy/statmech/vibration.pyx because it changed.
Compiling rmgpy/thermo/thermodata.pyx because it changed.
Compiling rmgpy/thermo/model.pyx because it changed.
Compiling rmgpy/thermo/nasa.pyx because it changed.
Compiling rmgpy/thermo/wilhoit.pyx because it changed.
Compiling rmgpy/constants.py because it changed.
Compiling rmgpy/quantity.py because it changed.
Compiling rmgpy/reaction.py because it changed.
Compiling rmgpy/species.py because it changed.
Compiling rmgpy/chemkin.pyx because it changed.
Compiling rmgpy/solver/base.pyx because it changed.
Compiling rmgpy/solver/simple.pyx because it changed.
Compiling rmgpy/solver/liquid.pyx because it changed.
Compiling rmgpy/solver/mbSampled.pyx because it changed.
Compiling rmgpy/solver/surface.pyx because it changed.
Compiling rmgpy/solver/plasma.pyx because it changed.
[ 1/52] Cythonizing rmgpy/chemkin.pyx
[ 2/52] Cythonizing rmgpy/constants.py
[ 3/52] Cythonizing rmgpy/kinetics/arrhenius.pyx
[ 4/52] Cythonizing rmgpy/kinetics/chebyshev.pyx
[ 5/52] Cythonizing rmgpy/kinetics/falloff.pyx
[ 6/52] Cythonizing rmgpy/kinetics/kineticsdata.pyx
[ 7/52] Cythonizing rmgpy/kinetics/model.pyx
[ 8/52] Cythonizing rmgpy/kinetics/surface.pyx
[ 9/52] Cythonizing rmgpy/kinetics/tunneling.pyx
[10/52] Cythonizing rmgpy/kinetics/uncertainties.pyx
[11/52] Cythonizing rmgpy/molecule/atomtype.py
[12/52] Cythonizing rmgpy/molecule/converter.py
[13/52] Cythonizing rmgpy/molecule/element.py
[14/52] Cythonizing rmgpy/molecule/graph.pyx
[15/52] Cythonizing rmgpy/molecule/group.py
[16/52] Cythonizing rmgpy/molecule/inchi.py
[17/52] Cythonizing rmgpy/molecule/kekulize.pyx
[18/52] Cythonizing rmgpy/molecule/molecule.py
[19/52] Cythonizing rmgpy/molecule/pathfinder.py
[20/52] Cythonizing rmgpy/molecule/resonance.py
[21/52] Cythonizing rmgpy/molecule/symmetry.py
[22/52] Cythonizing rmgpy/molecule/translator.py
[23/52] Cythonizing rmgpy/molecule/util.py
[24/52] Cythonizing rmgpy/molecule/vf2.pyx
[25/52] Cythonizing rmgpy/pdep/collision.pyx
[26/52] Cythonizing rmgpy/pdep/configuration.pyx
[27/52] Cythonizing rmgpy/pdep/cse.pyx
[28/52] Cythonizing rmgpy/pdep/me.pyx
[29/52] Cythonizing rmgpy/pdep/msc.pyx
[30/52] Cythonizing rmgpy/pdep/reaction.pyx
[31/52] Cythonizing rmgpy/pdep/rs.pyx
[32/52] Cythonizing rmgpy/quantity.py
[33/52] Cythonizing rmgpy/reaction.py
[34/52] Cythonizing rmgpy/rmgobject.pyx
[35/52] Cythonizing rmgpy/solver/base.pyx
[36/52] Cythonizing rmgpy/solver/liquid.pyx
[37/52] Cythonizing rmgpy/solver/mbSampled.pyx
[38/52] Cythonizing rmgpy/solver/plasma.pyx
[39/52] Cythonizing rmgpy/solver/simple.pyx
[40/52] Cythonizing rmgpy/solver/surface.pyx
[41/52] Cythonizing rmgpy/species.py
[42/52] Cythonizing rmgpy/statmech/conformer.pyx
[43/52] Cythonizing rmgpy/statmech/mode.pyx
[44/52] Cythonizing rmgpy/statmech/rotation.pyx
[45/52] Cythonizing rmgpy/statmech/schrodinger.pyx
[46/52] Cythonizing rmgpy/statmech/torsion.pyx
[47/52] Cythonizing rmgpy/statmech/translation.pyx
[48/52] Cythonizing rmgpy/statmech/vibration.pyx
[49/52] Cythonizing rmgpy/thermo/model.pyx
[50/52] Cythonizing rmgpy/thermo/nasa.pyx
[51/52] Cythonizing rmgpy/thermo/thermodata.pyx
[52/52] Cythonizing rmgpy/thermo/wilhoit.pyx
running build_ext
building 'rmgpy.rmgobject' extension
creating build/temp.linux-x86_64-cpython-39/rmgpy
gcc -pthread -B /home/alon/anaconda3/envs/rmg_env/compiler_compat -Wno-unused-result -Wsign-compare -DNDEBUG -fwrapv -O2 -Wall -fPIC -O2 -isystem /home/alon/anaconda3/envs/rmg_env/include -fPIC -O2 -isystem /home/alon/anaconda3/envs/rmg_env/include -fPIC -I/home/alon/anaconda3/envs/rmg_env/lib/python3.9/site-packages/numpy/core/include -I/home/alon/anaconda3/envs/rmg_env/include/python3.9 -c rmgpy/rmgobject.c -o build/temp.linux-x86_64-cpython-39/rmgpy/rmgobject.o
creating build/lib.linux-x86_64-cpython-39/rmgpy
gcc -pthread -B /home/alon/anaconda3/envs/rmg_env/compiler_compat -shared -Wl,--allow-shlib-undefined -Wl,-rpath,/home/alon/anaconda3/envs/rmg_env/lib -Wl,-rpath-link,/home/alon/anaconda3/envs/rmg_env/lib -L/home/alon/anaconda3/envs/rmg_env/lib -Wl,--allow-shlib-undefined -Wl,-rpath,/home/alon/anaconda3/envs/rmg_env/lib -Wl,-rpath-link,/home/alon/anaconda3/envs/rmg_env/lib -L/home/alon/anaconda3/envs/rmg_env/lib build/temp.linux-x86_64-cpython-39/rmgpy/rmgobject.o -o build/lib.linux-x86_64-cpython-39/rmgpy/rmgobject.cpython-39-x86_64-linux-gnu.so
building 'rmgpy.kinetics.arrhenius' extension
creating build/temp.linux-x86_64-cpython-39/rmgpy/kinetics
gcc -pthread -B /home/alon/anaconda3/envs/rmg_env/compiler_compat -Wno-unused-result -Wsign-compare -DNDEBUG -fwrapv -O2 -Wall -fPIC -O2 -isystem /home/alon/anaconda3/envs/rmg_env/include -fPIC -O2 -isystem /home/alon/anaconda3/envs/rmg_env/include -fPIC -I/home/alon/anaconda3/envs/rmg_env/lib/python3.9/site-packages/numpy/core/include -I/home/alon/anaconda3/envs/rmg_env/include/python3.9 -c rmgpy/kinetics/arrhenius.c -o build/temp.linux-x86_64-cpython-39/rmgpy/kinetics/arrhenius.o
In file included from /home/alon/anaconda3/envs/rmg_env/lib/python3.9/site-packages/numpy/core/include/numpy/ndarraytypes.h:1929,
                 from /home/alon/anaconda3/envs/rmg_env/lib/python3.9/site-packages/numpy/core/include/numpy/ndarrayobject.h:12,
                 from /home/alon/anaconda3/envs/rmg_env/lib/python3.9/site-packages/numpy/core/include/numpy/arrayobject.h:5,
                 from rmgpy/kinetics/arrhenius.c:1139:
/home/alon/anaconda3/envs/rmg_env/lib/python3.9/site-packages/numpy/core/include/numpy/npy_1_7_deprecated_api.h:17:2: warning: #warning "Using deprecated NumPy API, disable it with " "#define NPY_NO_DEPRECATED_API NPY_1_7_API_VERSION" [-Wcpp]
   17 | #warning "Using deprecated NumPy API, disable it with " \
      |  ^~~~~~~
creating build/lib.linux-x86_64-cpython-39/rmgpy/kinetics
gcc -pthread -B /home/alon/anaconda3/envs/rmg_env/compiler_compat -shared -Wl,--allow-shlib-undefined -Wl,-rpath,/home/alon/anaconda3/envs/rmg_env/lib -Wl,-rpath-link,/home/alon/anaconda3/envs/rmg_env/lib -L/home/alon/anaconda3/envs/rmg_env/lib -Wl,--allow-shlib-undefined -Wl,-rpath,/home/alon/anaconda3/envs/rmg_env/lib -Wl,-rpath-link,/home/alon/anaconda3/envs/rmg_env/lib -L/home/alon/anaconda3/envs/rmg_env/lib build/temp.linux-x86_64-cpython-39/rmgpy/kinetics/arrhenius.o -o build/lib.linux-x86_64-cpython-39/rmgpy/kinetics/arrhenius.cpython-39-x86_64-linux-gnu.so
building 'rmgpy.kinetics.chebyshev' extension
gcc -pthread -B /home/alon/anaconda3/envs/rmg_env/compiler_compat -Wno-unused-result -Wsign-compare -DNDEBUG -fwrapv -O2 -Wall -fPIC -O2 -isystem /home/alon/anaconda3/envs/rmg_env/include -fPIC -O2 -isystem /home/alon/anaconda3/envs/rmg_env/include -fPIC -I/home/alon/anaconda3/envs/rmg_env/lib/python3.9/site-packages/numpy/core/include -I/home/alon/anaconda3/envs/rmg_env/include/python3.9 -c rmgpy/kinetics/chebyshev.c -o build/temp.linux-x86_64-cpython-39/rmgpy/kinetics/chebyshev.o
In file included from /home/alon/anaconda3/envs/rmg_env/lib/python3.9/site-packages/numpy/core/include/numpy/ndarraytypes.h:1929,
                 from /home/alon/anaconda3/envs/rmg_env/lib/python3.9/site-packages/numpy/core/include/numpy/ndarrayobject.h:12,
                 from /home/alon/anaconda3/envs/rmg_env/lib/python3.9/site-packages/numpy/core/include/numpy/arrayobject.h:5,
                 from rmgpy/kinetics/chebyshev.c:1139:
/home/alon/anaconda3/envs/rmg_env/lib/python3.9/site-packages/numpy/core/include/numpy/npy_1_7_deprecated_api.h:17:2: warning: #warning "Using deprecated NumPy API, disable it with " "#define NPY_NO_DEPRECATED_API NPY_1_7_API_VERSION" [-Wcpp]
   17 | #warning "Using deprecated NumPy API, disable it with " \
      |  ^~~~~~~
rmgpy/kinetics/chebyshev.c: In function ‘__pyx_f_5rmgpy_8kinetics_9chebyshev_9Chebyshev_chebyshev’:
rmgpy/kinetics/chebyshev.c:6543:10: warning: ‘__pyx_v_T’ may be used uninitialized [-Wmaybe-uninitialized]
 6543 |   return __pyx_r;
      |          ^~~~~~~
rmgpy/kinetics/chebyshev.c:6317:10: note: ‘__pyx_v_T’ was declared here
 6317 |   double __pyx_v_T;
      |          ^~~~~~~~~
gcc -pthread -B /home/alon/anaconda3/envs/rmg_env/compiler_compat -shared -Wl,--allow-shlib-undefined -Wl,-rpath,/home/alon/anaconda3/envs/rmg_env/lib -Wl,-rpath-link,/home/alon/anaconda3/envs/rmg_env/lib -L/home/alon/anaconda3/envs/rmg_env/lib -Wl,--allow-shlib-undefined -Wl,-rpath,/home/alon/anaconda3/envs/rmg_env/lib -Wl,-rpath-link,/home/alon/anaconda3/envs/rmg_env/lib -L/home/alon/anaconda3/envs/rmg_env/lib build/temp.linux-x86_64-cpython-39/rmgpy/kinetics/chebyshev.o -o build/lib.linux-x86_64-cpython-39/rmgpy/kinetics/chebyshev.cpython-39-x86_64-linux-gnu.so
building 'rmgpy.kinetics.kineticsdata' extension
gcc -pthread -B /home/alon/anaconda3/envs/rmg_env/compiler_compat -Wno-unused-result -Wsign-compare -DNDEBUG -fwrapv -O2 -Wall -fPIC -O2 -isystem /home/alon/anaconda3/envs/rmg_env/include -fPIC -O2 -isystem /home/alon/anaconda3/envs/rmg_env/include -fPIC -I/home/alon/anaconda3/envs/rmg_env/lib/python3.9/site-packages/numpy/core/include -I/home/alon/anaconda3/envs/rmg_env/include/python3.9 -c rmgpy/kinetics/kineticsdata.c -o build/temp.linux-x86_64-cpython-39/rmgpy/kinetics/kineticsdata.o
In file included from /home/alon/anaconda3/envs/rmg_env/lib/python3.9/site-packages/numpy/core/include/numpy/ndarraytypes.h:1929,
                 from /home/alon/anaconda3/envs/rmg_env/lib/python3.9/site-packages/numpy/core/include/numpy/ndarrayobject.h:12,
                 from /home/alon/anaconda3/envs/rmg_env/lib/python3.9/site-packages/numpy/core/include/numpy/arrayobject.h:5,
                 from rmgpy/kinetics/kineticsdata.c:1139:
/home/alon/anaconda3/envs/rmg_env/lib/python3.9/site-packages/numpy/core/include/numpy/npy_1_7_deprecated_api.h:17:2: warning: #warning "Using deprecated NumPy API, disable it with " "#define NPY_NO_DEPRECATED_API NPY_1_7_API_VERSION" [-Wcpp]
   17 | #warning "Using deprecated NumPy API, disable it with " \
      |  ^~~~~~~
gcc -pthread -B /home/alon/anaconda3/envs/rmg_env/compiler_compat -shared -Wl,--allow-shlib-undefined -Wl,-rpath,/home/alon/anaconda3/envs/rmg_env/lib -Wl,-rpath-link,/home/alon/anaconda3/envs/rmg_env/lib -L/home/alon/anaconda3/envs/rmg_env/lib -Wl,--allow-shlib-undefined -Wl,-rpath,/home/alon/anaconda3/envs/rmg_env/lib -Wl,-rpath-link,/home/alon/anaconda3/envs/rmg_env/lib -L/home/alon/anaconda3/envs/rmg_env/lib build/temp.linux-x86_64-cpython-39/rmgpy/kinetics/kineticsdata.o -o build/lib.linux-x86_64-cpython-39/rmgpy/kinetics/kineticsdata.cpython-39-x86_64-linux-gnu.so
building 'rmgpy.kinetics.falloff' extension
gcc -pthread -B /home/alon/anaconda3/envs/rmg_env/compiler_compat -Wno-unused-result -Wsign-compare -DNDEBUG -fwrapv -O2 -Wall -fPIC -O2 -isystem /home/alon/anaconda3/envs/rmg_env/include -fPIC -O2 -isystem /home/alon/anaconda3/envs/rmg_env/include -fPIC -I/home/alon/anaconda3/envs/rmg_env/lib/python3.9/site-packages/numpy/core/include -I/home/alon/anaconda3/envs/rmg_env/include/python3.9 -c rmgpy/kinetics/falloff.c -o build/temp.linux-x86_64-cpython-39/rmgpy/kinetics/falloff.o
In file included from /home/alon/anaconda3/envs/rmg_env/lib/python3.9/site-packages/numpy/core/include/numpy/ndarraytypes.h:1929,
                 from /home/alon/anaconda3/envs/rmg_env/lib/python3.9/site-packages/numpy/core/include/numpy/ndarrayobject.h:12,
                 from /home/alon/anaconda3/envs/rmg_env/lib/python3.9/site-packages/numpy/core/include/numpy/arrayobject.h:5,
                 from rmgpy/kinetics/falloff.c:1139:
/home/alon/anaconda3/envs/rmg_env/lib/python3.9/site-packages/numpy/core/include/numpy/npy_1_7_deprecated_api.h:17:2: warning: #warning "Using deprecated NumPy API, disable it with " "#define NPY_NO_DEPRECATED_API NPY_1_7_API_VERSION" [-Wcpp]
   17 | #warning "Using deprecated NumPy API, disable it with " \
      |  ^~~~~~~
gcc -pthread -B /home/alon/anaconda3/envs/rmg_env/compiler_compat -shared -Wl,--allow-shlib-undefined -Wl,-rpath,/home/alon/anaconda3/envs/rmg_env/lib -Wl,-rpath-link,/home/alon/anaconda3/envs/rmg_env/lib -L/home/alon/anaconda3/envs/rmg_env/lib -Wl,--allow-shlib-undefined -Wl,-rpath,/home/alon/anaconda3/envs/rmg_env/lib -Wl,-rpath-link,/home/alon/anaconda3/envs/rmg_env/lib -L/home/alon/anaconda3/envs/rmg_env/lib build/temp.linux-x86_64-cpython-39/rmgpy/kinetics/falloff.o -o build/lib.linux-x86_64-cpython-39/rmgpy/kinetics/falloff.cpython-39-x86_64-linux-gnu.so
building 'rmgpy.kinetics.model' extension
gcc -pthread -B /home/alon/anaconda3/envs/rmg_env/compiler_compat -Wno-unused-result -Wsign-compare -DNDEBUG -fwrapv -O2 -Wall -fPIC -O2 -isystem /home/alon/anaconda3/envs/rmg_env/include -fPIC -O2 -isystem /home/alon/anaconda3/envs/rmg_env/include -fPIC -I/home/alon/anaconda3/envs/rmg_env/lib/python3.9/site-packages/numpy/core/include -I/home/alon/anaconda3/envs/rmg_env/include/python3.9 -c rmgpy/kinetics/model.c -o build/temp.linux-x86_64-cpython-39/rmgpy/kinetics/model.o
In file included from /home/alon/anaconda3/envs/rmg_env/lib/python3.9/site-packages/numpy/core/include/numpy/ndarraytypes.h:1929,
                 from /home/alon/anaconda3/envs/rmg_env/lib/python3.9/site-packages/numpy/core/include/numpy/ndarrayobject.h:12,
                 from /home/alon/anaconda3/envs/rmg_env/lib/python3.9/site-packages/numpy/core/include/numpy/arrayobject.h:5,
                 from rmgpy/kinetics/model.c:1139:
/home/alon/anaconda3/envs/rmg_env/lib/python3.9/site-packages/numpy/core/include/numpy/npy_1_7_deprecated_api.h:17:2: warning: #warning "Using deprecated NumPy API, disable it with " "#define NPY_NO_DEPRECATED_API NPY_1_7_API_VERSION" [-Wcpp]
   17 | #warning "Using deprecated NumPy API, disable it with " \
      |  ^~~~~~~
gcc -pthread -B /home/alon/anaconda3/envs/rmg_env/compiler_compat -shared -Wl,--allow-shlib-undefined -Wl,-rpath,/home/alon/anaconda3/envs/rmg_env/lib -Wl,-rpath-link,/home/alon/anaconda3/envs/rmg_env/lib -L/home/alon/anaconda3/envs/rmg_env/lib -Wl,--allow-shlib-undefined -Wl,-rpath,/home/alon/anaconda3/envs/rmg_env/lib -Wl,-rpath-link,/home/alon/anaconda3/envs/rmg_env/lib -L/home/alon/anaconda3/envs/rmg_env/lib build/temp.linux-x86_64-cpython-39/rmgpy/kinetics/model.o -o build/lib.linux-x86_64-cpython-39/rmgpy/kinetics/model.cpython-39-x86_64-linux-gnu.so
building 'rmgpy.kinetics.tunneling' extension
gcc -pthread -B /home/alon/anaconda3/envs/rmg_env/compiler_compat -Wno-unused-result -Wsign-compare -DNDEBUG -fwrapv -O2 -Wall -fPIC -O2 -isystem /home/alon/anaconda3/envs/rmg_env/include -fPIC -O2 -isystem /home/alon/anaconda3/envs/rmg_env/include -fPIC -I/home/alon/anaconda3/envs/rmg_env/lib/python3.9/site-packages/numpy/core/include -I/home/alon/anaconda3/envs/rmg_env/include/python3.9 -c rmgpy/kinetics/tunneling.c -o build/temp.linux-x86_64-cpython-39/rmgpy/kinetics/tunneling.o
In file included from /home/alon/anaconda3/envs/rmg_env/lib/python3.9/site-packages/numpy/core/include/numpy/ndarraytypes.h:1929,
                 from /home/alon/anaconda3/envs/rmg_env/lib/python3.9/site-packages/numpy/core/include/numpy/ndarrayobject.h:12,
                 from /home/alon/anaconda3/envs/rmg_env/lib/python3.9/site-packages/numpy/core/include/numpy/arrayobject.h:5,
                 from rmgpy/kinetics/tunneling.c:1139:
/home/alon/anaconda3/envs/rmg_env/lib/python3.9/site-packages/numpy/core/include/numpy/npy_1_7_deprecated_api.h:17:2: warning: #warning "Using deprecated NumPy API, disable it with " "#define NPY_NO_DEPRECATED_API NPY_1_7_API_VERSION" [-Wcpp]
   17 | #warning "Using deprecated NumPy API, disable it with " \
      |  ^~~~~~~
rmgpy/kinetics/tunneling.c: In function ‘__pyx_f_5rmgpy_8kinetics_9tunneling_6Eckart_calculate_tunneling_function’:
rmgpy/kinetics/tunneling.c:7802:42: warning: ‘__pyx_v_r0’ may be used uninitialized [-Wmaybe-uninitialized]
 7802 |   for (__pyx_t_7 = __pyx_v_r0; __pyx_t_7 < __pyx_t_14; __pyx_t_7+=1) {
      |                                ~~~~~~~~~~^~~~~~~~~~~~
rmgpy/kinetics/tunneling.c:7413:7: note: ‘__pyx_v_r0’ was declared here
 7413 |   int __pyx_v_r0;
      |       ^~~~~~~~~~
gcc -pthread -B /home/alon/anaconda3/envs/rmg_env/compiler_compat -shared -Wl,--allow-shlib-undefined -Wl,-rpath,/home/alon/anaconda3/envs/rmg_env/lib -Wl,-rpath-link,/home/alon/anaconda3/envs/rmg_env/lib -L/home/alon/anaconda3/envs/rmg_env/lib -Wl,--allow-shlib-undefined -Wl,-rpath,/home/alon/anaconda3/envs/rmg_env/lib -Wl,-rpath-link,/home/alon/anaconda3/envs/rmg_env/lib -L/home/alon/anaconda3/envs/rmg_env/lib build/temp.linux-x86_64-cpython-39/rmgpy/kinetics/tunneling.o -o build/lib.linux-x86_64-cpython-39/rmgpy/kinetics/tunneling.cpython-39-x86_64-linux-gnu.so
building 'rmgpy.kinetics.surface' extension
gcc -pthread -B /home/alon/anaconda3/envs/rmg_env/compiler_compat -Wno-unused-result -Wsign-compare -DNDEBUG -fwrapv -O2 -Wall -fPIC -O2 -isystem /home/alon/anaconda3/envs/rmg_env/include -fPIC -O2 -isystem /home/alon/anaconda3/envs/rmg_env/include -fPIC -I/home/alon/anaconda3/envs/rmg_env/lib/python3.9/site-packages/numpy/core/include -I/home/alon/anaconda3/envs/rmg_env/include/python3.9 -c rmgpy/kinetics/surface.c -o build/temp.linux-x86_64-cpython-39/rmgpy/kinetics/surface.o
In file included from /home/alon/anaconda3/envs/rmg_env/lib/python3.9/site-packages/numpy/core/include/numpy/ndarraytypes.h:1929,
                 from /home/alon/anaconda3/envs/rmg_env/lib/python3.9/site-packages/numpy/core/include/numpy/ndarrayobject.h:12,
                 from /home/alon/anaconda3/envs/rmg_env/lib/python3.9/site-packages/numpy/core/include/numpy/arrayobject.h:5,
                 from rmgpy/kinetics/surface.c:1139:
/home/alon/anaconda3/envs/rmg_env/lib/python3.9/site-packages/numpy/core/include/numpy/npy_1_7_deprecated_api.h:17:2: warning: #warning "Using deprecated NumPy API, disable it with " "#define NPY_NO_DEPRECATED_API NPY_1_7_API_VERSION" [-Wcpp]
   17 | #warning "Using deprecated NumPy API, disable it with " \
      |  ^~~~~~~
gcc -pthread -B /home/alon/anaconda3/envs/rmg_env/compiler_compat -shared -Wl,--allow-shlib-undefined -Wl,-rpath,/home/alon/anaconda3/envs/rmg_env/lib -Wl,-rpath-link,/home/alon/anaconda3/envs/rmg_env/lib -L/home/alon/anaconda3/envs/rmg_env/lib -Wl,--allow-shlib-undefined -Wl,-rpath,/home/alon/anaconda3/envs/rmg_env/lib -Wl,-rpath-link,/home/alon/anaconda3/envs/rmg_env/lib -L/home/alon/anaconda3/envs/rmg_env/lib build/temp.linux-x86_64-cpython-39/rmgpy/kinetics/surface.o -o build/lib.linux-x86_64-cpython-39/rmgpy/kinetics/surface.cpython-39-x86_64-linux-gnu.so
building 'rmgpy.kinetics.uncertainties' extension
gcc -pthread -B /home/alon/anaconda3/envs/rmg_env/compiler_compat -Wno-unused-result -Wsign-compare -DNDEBUG -fwrapv -O2 -Wall -fPIC -O2 -isystem /home/alon/anaconda3/envs/rmg_env/include -fPIC -O2 -isystem /home/alon/anaconda3/envs/rmg_env/include -fPIC -I/home/alon/anaconda3/envs/rmg_env/lib/python3.9/site-packages/numpy/core/include -I/home/alon/anaconda3/envs/rmg_env/include/python3.9 -c rmgpy/kinetics/uncertainties.c -o build/temp.linux-x86_64-cpython-39/rmgpy/kinetics/uncertainties.o
In file included from /home/alon/anaconda3/envs/rmg_env/lib/python3.9/site-packages/numpy/core/include/numpy/ndarraytypes.h:1929,
                 from /home/alon/anaconda3/envs/rmg_env/lib/python3.9/site-packages/numpy/core/include/numpy/ndarrayobject.h:12,
                 from /home/alon/anaconda3/envs/rmg_env/lib/python3.9/site-packages/numpy/core/include/numpy/arrayobject.h:5,
                 from rmgpy/kinetics/uncertainties.c:1139:
/home/alon/anaconda3/envs/rmg_env/lib/python3.9/site-packages/numpy/core/include/numpy/npy_1_7_deprecated_api.h:17:2: warning: #warning "Using deprecated NumPy API, disable it with " "#define NPY_NO_DEPRECATED_API NPY_1_7_API_VERSION" [-Wcpp]
   17 | #warning "Using deprecated NumPy API, disable it with " \
      |  ^~~~~~~
gcc -pthread -B /home/alon/anaconda3/envs/rmg_env/compiler_compat -shared -Wl,--allow-shlib-undefined -Wl,-rpath,/home/alon/anaconda3/envs/rmg_env/lib -Wl,-rpath-link,/home/alon/anaconda3/envs/rmg_env/lib -L/home/alon/anaconda3/envs/rmg_env/lib -Wl,--allow-shlib-undefined -Wl,-rpath,/home/alon/anaconda3/envs/rmg_env/lib -Wl,-rpath-link,/home/alon/anaconda3/envs/rmg_env/lib -L/home/alon/anaconda3/envs/rmg_env/lib build/temp.linux-x86_64-cpython-39/rmgpy/kinetics/uncertainties.o -o build/lib.linux-x86_64-cpython-39/rmgpy/kinetics/uncertainties.cpython-39-x86_64-linux-gnu.so
building 'rmgpy.molecule.atomtype' extension
creating build/temp.linux-x86_64-cpython-39/rmgpy/molecule
gcc -pthread -B /home/alon/anaconda3/envs/rmg_env/compiler_compat -Wno-unused-result -Wsign-compare -DNDEBUG -fwrapv -O2 -Wall -fPIC -O2 -isystem /home/alon/anaconda3/envs/rmg_env/include -fPIC -O2 -isystem /home/alon/anaconda3/envs/rmg_env/include -fPIC -I/home/alon/anaconda3/envs/rmg_env/lib/python3.9/site-packages/numpy/core/include -I/home/alon/anaconda3/envs/rmg_env/include/python3.9 -c rmgpy/molecule/atomtype.c -o build/temp.linux-x86_64-cpython-39/rmgpy/molecule/atomtype.o
creating build/lib.linux-x86_64-cpython-39/rmgpy/molecule
gcc -pthread -B /home/alon/anaconda3/envs/rmg_env/compiler_compat -shared -Wl,--allow-shlib-undefined -Wl,-rpath,/home/alon/anaconda3/envs/rmg_env/lib -Wl,-rpath-link,/home/alon/anaconda3/envs/rmg_env/lib -L/home/alon/anaconda3/envs/rmg_env/lib -Wl,--allow-shlib-undefined -Wl,-rpath,/home/alon/anaconda3/envs/rmg_env/lib -Wl,-rpath-link,/home/alon/anaconda3/envs/rmg_env/lib -L/home/alon/anaconda3/envs/rmg_env/lib build/temp.linux-x86_64-cpython-39/rmgpy/molecule/atomtype.o -o build/lib.linux-x86_64-cpython-39/rmgpy/molecule/atomtype.cpython-39-x86_64-linux-gnu.so
building 'rmgpy.molecule.element' extension
gcc -pthread -B /home/alon/anaconda3/envs/rmg_env/compiler_compat -Wno-unused-result -Wsign-compare -DNDEBUG -fwrapv -O2 -Wall -fPIC -O2 -isystem /home/alon/anaconda3/envs/rmg_env/include -fPIC -O2 -isystem /home/alon/anaconda3/envs/rmg_env/include -fPIC -I/home/alon/anaconda3/envs/rmg_env/lib/python3.9/site-packages/numpy/core/include -I/home/alon/anaconda3/envs/rmg_env/include/python3.9 -c rmgpy/molecule/element.c -o build/temp.linux-x86_64-cpython-39/rmgpy/molecule/element.o
gcc -pthread -B /home/alon/anaconda3/envs/rmg_env/compiler_compat -shared -Wl,--allow-shlib-undefined -Wl,-rpath,/home/alon/anaconda3/envs/rmg_env/lib -Wl,-rpath-link,/home/alon/anaconda3/envs/rmg_env/lib -L/home/alon/anaconda3/envs/rmg_env/lib -Wl,--allow-shlib-undefined -Wl,-rpath,/home/alon/anaconda3/envs/rmg_env/lib -Wl,-rpath-link,/home/alon/anaconda3/envs/rmg_env/lib -L/home/alon/anaconda3/envs/rmg_env/lib build/temp.linux-x86_64-cpython-39/rmgpy/molecule/element.o -o build/lib.linux-x86_64-cpython-39/rmgpy/molecule/element.cpython-39-x86_64-linux-gnu.so
building 'rmgpy.molecule.graph' extension
gcc -pthread -B /home/alon/anaconda3/envs/rmg_env/compiler_compat -Wno-unused-result -Wsign-compare -DNDEBUG -fwrapv -O2 -Wall -fPIC -O2 -isystem /home/alon/anaconda3/envs/rmg_env/include -fPIC -O2 -isystem /home/alon/anaconda3/envs/rmg_env/include -fPIC -I/home/alon/anaconda3/envs/rmg_env/lib/python3.9/site-packages/numpy/core/include -I/home/alon/anaconda3/envs/rmg_env/include/python3.9 -c rmgpy/molecule/graph.c -o build/temp.linux-x86_64-cpython-39/rmgpy/molecule/graph.o
gcc -pthread -B /home/alon/anaconda3/envs/rmg_env/compiler_compat -shared -Wl,--allow-shlib-undefined -Wl,-rpath,/home/alon/anaconda3/envs/rmg_env/lib -Wl,-rpath-link,/home/alon/anaconda3/envs/rmg_env/lib -L/home/alon/anaconda3/envs/rmg_env/lib -Wl,--allow-shlib-undefined -Wl,-rpath,/home/alon/anaconda3/envs/rmg_env/lib -Wl,-rpath-link,/home/alon/anaconda3/envs/rmg_env/lib -L/home/alon/anaconda3/envs/rmg_env/lib build/temp.linux-x86_64-cpython-39/rmgpy/molecule/graph.o -o build/lib.linux-x86_64-cpython-39/rmgpy/molecule/graph.cpython-39-x86_64-linux-gnu.so
building 'rmgpy.molecule.group' extension
gcc -pthread -B /home/alon/anaconda3/envs/rmg_env/compiler_compat -Wno-unused-result -Wsign-compare -DNDEBUG -fwrapv -O2 -Wall -fPIC -O2 -isystem /home/alon/anaconda3/envs/rmg_env/include -fPIC -O2 -isystem /home/alon/anaconda3/envs/rmg_env/include -fPIC -I/home/alon/anaconda3/envs/rmg_env/lib/python3.9/site-packages/numpy/core/include -I/home/alon/anaconda3/envs/rmg_env/include/python3.9 -c rmgpy/molecule/group.c -o build/temp.linux-x86_64-cpython-39/rmgpy/molecule/group.o
In file included from /home/alon/anaconda3/envs/rmg_env/lib/python3.9/site-packages/numpy/core/include/numpy/ndarraytypes.h:1929,
                 from /home/alon/anaconda3/envs/rmg_env/lib/python3.9/site-packages/numpy/core/include/numpy/ndarrayobject.h:12,
                 from /home/alon/anaconda3/envs/rmg_env/lib/python3.9/site-packages/numpy/core/include/numpy/arrayobject.h:5,
                 from rmgpy/molecule/group.c:1139:
/home/alon/anaconda3/envs/rmg_env/lib/python3.9/site-packages/numpy/core/include/numpy/npy_1_7_deprecated_api.h:17:2: warning: #warning "Using deprecated NumPy API, disable it with " "#define NPY_NO_DEPRECATED_API NPY_1_7_API_VERSION" [-Wcpp]
   17 | #warning "Using deprecated NumPy API, disable it with " \
      |  ^~~~~~~
gcc -pthread -B /home/alon/anaconda3/envs/rmg_env/compiler_compat -shared -Wl,--allow-shlib-undefined -Wl,-rpath,/home/alon/anaconda3/envs/rmg_env/lib -Wl,-rpath-link,/home/alon/anaconda3/envs/rmg_env/lib -L/home/alon/anaconda3/envs/rmg_env/lib -Wl,--allow-shlib-undefined -Wl,-rpath,/home/alon/anaconda3/envs/rmg_env/lib -Wl,-rpath-link,/home/alon/anaconda3/envs/rmg_env/lib -L/home/alon/anaconda3/envs/rmg_env/lib build/temp.linux-x86_64-cpython-39/rmgpy/molecule/group.o -o build/lib.linux-x86_64-cpython-39/rmgpy/molecule/group.cpython-39-x86_64-linux-gnu.so
building 'rmgpy.molecule.molecule' extension
gcc -pthread -B /home/alon/anaconda3/envs/rmg_env/compiler_compat -Wno-unused-result -Wsign-compare -DNDEBUG -fwrapv -O2 -Wall -fPIC -O2 -isystem /home/alon/anaconda3/envs/rmg_env/include -fPIC -O2 -isystem /home/alon/anaconda3/envs/rmg_env/include -fPIC -I/home/alon/anaconda3/envs/rmg_env/lib/python3.9/site-packages/numpy/core/include -I/home/alon/anaconda3/envs/rmg_env/include/python3.9 -c rmgpy/molecule/molecule.c -o build/temp.linux-x86_64-cpython-39/rmgpy/molecule/molecule.o
In file included from /home/alon/anaconda3/envs/rmg_env/lib/python3.9/site-packages/numpy/core/include/numpy/ndarraytypes.h:1929,
                 from /home/alon/anaconda3/envs/rmg_env/lib/python3.9/site-packages/numpy/core/include/numpy/ndarrayobject.h:12,
                 from /home/alon/anaconda3/envs/rmg_env/lib/python3.9/site-packages/numpy/core/include/numpy/arrayobject.h:5,
                 from rmgpy/molecule/molecule.c:1139:
/home/alon/anaconda3/envs/rmg_env/lib/python3.9/site-packages/numpy/core/include/numpy/npy_1_7_deprecated_api.h:17:2: warning: #warning "Using deprecated NumPy API, disable it with " "#define NPY_NO_DEPRECATED_API NPY_1_7_API_VERSION" [-Wcpp]
   17 | #warning "Using deprecated NumPy API, disable it with " \
      |  ^~~~~~~
gcc -pthread -B /home/alon/anaconda3/envs/rmg_env/compiler_compat -shared -Wl,--allow-shlib-undefined -Wl,-rpath,/home/alon/anaconda3/envs/rmg_env/lib -Wl,-rpath-link,/home/alon/anaconda3/envs/rmg_env/lib -L/home/alon/anaconda3/envs/rmg_env/lib -Wl,--allow-shlib-undefined -Wl,-rpath,/home/alon/anaconda3/envs/rmg_env/lib -Wl,-rpath-link,/home/alon/anaconda3/envs/rmg_env/lib -L/home/alon/anaconda3/envs/rmg_env/lib build/temp.linux-x86_64-cpython-39/rmgpy/molecule/molecule.o -o build/lib.linux-x86_64-cpython-39/rmgpy/molecule/molecule.cpython-39-x86_64-linux-gnu.so
building 'rmgpy.molecule.symmetry' extension
gcc -pthread -B /home/alon/anaconda3/envs/rmg_env/compiler_compat -Wno-unused-result -Wsign-compare -DNDEBUG -fwrapv -O2 -Wall -fPIC -O2 -isystem /home/alon/anaconda3/envs/rmg_env/include -fPIC -O2 -isystem /home/alon/anaconda3/envs/rmg_env/include -fPIC -I/home/alon/anaconda3/envs/rmg_env/lib/python3.9/site-packages/numpy/core/include -I/home/alon/anaconda3/envs/rmg_env/include/python3.9 -c rmgpy/molecule/symmetry.c -o build/temp.linux-x86_64-cpython-39/rmgpy/molecule/symmetry.o
In file included from /home/alon/anaconda3/envs/rmg_env/lib/python3.9/site-packages/numpy/core/include/numpy/ndarraytypes.h:1929,
                 from /home/alon/anaconda3/envs/rmg_env/lib/python3.9/site-packages/numpy/core/include/numpy/ndarrayobject.h:12,
                 from /home/alon/anaconda3/envs/rmg_env/lib/python3.9/site-packages/numpy/core/include/numpy/arrayobject.h:5,
                 from rmgpy/molecule/symmetry.c:1139:
/home/alon/anaconda3/envs/rmg_env/lib/python3.9/site-packages/numpy/core/include/numpy/npy_1_7_deprecated_api.h:17:2: warning: #warning "Using deprecated NumPy API, disable it with " "#define NPY_NO_DEPRECATED_API NPY_1_7_API_VERSION" [-Wcpp]
   17 | #warning "Using deprecated NumPy API, disable it with " \
      |  ^~~~~~~
gcc -pthread -B /home/alon/anaconda3/envs/rmg_env/compiler_compat -shared -Wl,--allow-shlib-undefined -Wl,-rpath,/home/alon/anaconda3/envs/rmg_env/lib -Wl,-rpath-link,/home/alon/anaconda3/envs/rmg_env/lib -L/home/alon/anaconda3/envs/rmg_env/lib -Wl,--allow-shlib-undefined -Wl,-rpath,/home/alon/anaconda3/envs/rmg_env/lib -Wl,-rpath-link,/home/alon/anaconda3/envs/rmg_env/lib -L/home/alon/anaconda3/envs/rmg_env/lib build/temp.linux-x86_64-cpython-39/rmgpy/molecule/symmetry.o -o build/lib.linux-x86_64-cpython-39/rmgpy/molecule/symmetry.cpython-39-x86_64-linux-gnu.so
building 'rmgpy.molecule.vf2' extension
gcc -pthread -B /home/alon/anaconda3/envs/rmg_env/compiler_compat -Wno-unused-result -Wsign-compare -DNDEBUG -fwrapv -O2 -Wall -fPIC -O2 -isystem /home/alon/anaconda3/envs/rmg_env/include -fPIC -O2 -isystem /home/alon/anaconda3/envs/rmg_env/include -fPIC -I/home/alon/anaconda3/envs/rmg_env/lib/python3.9/site-packages/numpy/core/include -I/home/alon/anaconda3/envs/rmg_env/include/python3.9 -c rmgpy/molecule/vf2.c -o build/temp.linux-x86_64-cpython-39/rmgpy/molecule/vf2.o
gcc -pthread -B /home/alon/anaconda3/envs/rmg_env/compiler_compat -shared -Wl,--allow-shlib-undefined -Wl,-rpath,/home/alon/anaconda3/envs/rmg_env/lib -Wl,-rpath-link,/home/alon/anaconda3/envs/rmg_env/lib -L/home/alon/anaconda3/envs/rmg_env/lib -Wl,--allow-shlib-undefined -Wl,-rpath,/home/alon/anaconda3/envs/rmg_env/lib -Wl,-rpath-link,/home/alon/anaconda3/envs/rmg_env/lib -L/home/alon/anaconda3/envs/rmg_env/lib build/temp.linux-x86_64-cpython-39/rmgpy/molecule/vf2.o -o build/lib.linux-x86_64-cpython-39/rmgpy/molecule/vf2.cpython-39-x86_64-linux-gnu.so
building 'rmgpy.molecule.converter' extension
gcc -pthread -B /home/alon/anaconda3/envs/rmg_env/compiler_compat -Wno-unused-result -Wsign-compare -DNDEBUG -fwrapv -O2 -Wall -fPIC -O2 -isystem /home/alon/anaconda3/envs/rmg_env/include -fPIC -O2 -isystem /home/alon/anaconda3/envs/rmg_env/include -fPIC -I/home/alon/anaconda3/envs/rmg_env/lib/python3.9/site-packages/numpy/core/include -I/home/alon/anaconda3/envs/rmg_env/include/python3.9 -c rmgpy/molecule/converter.c -o build/temp.linux-x86_64-cpython-39/rmgpy/molecule/converter.o
In file included from /home/alon/anaconda3/envs/rmg_env/lib/python3.9/site-packages/numpy/core/include/numpy/ndarraytypes.h:1929,
                 from /home/alon/anaconda3/envs/rmg_env/lib/python3.9/site-packages/numpy/core/include/numpy/ndarrayobject.h:12,
                 from /home/alon/anaconda3/envs/rmg_env/lib/python3.9/site-packages/numpy/core/include/numpy/arrayobject.h:5,
                 from rmgpy/molecule/converter.c:1139:
/home/alon/anaconda3/envs/rmg_env/lib/python3.9/site-packages/numpy/core/include/numpy/npy_1_7_deprecated_api.h:17:2: warning: #warning "Using deprecated NumPy API, disable it with " "#define NPY_NO_DEPRECATED_API NPY_1_7_API_VERSION" [-Wcpp]
   17 | #warning "Using deprecated NumPy API, disable it with " \
      |  ^~~~~~~
gcc -pthread -B /home/alon/anaconda3/envs/rmg_env/compiler_compat -shared -Wl,--allow-shlib-undefined -Wl,-rpath,/home/alon/anaconda3/envs/rmg_env/lib -Wl,-rpath-link,/home/alon/anaconda3/envs/rmg_env/lib -L/home/alon/anaconda3/envs/rmg_env/lib -Wl,--allow-shlib-undefined -Wl,-rpath,/home/alon/anaconda3/envs/rmg_env/lib -Wl,-rpath-link,/home/alon/anaconda3/envs/rmg_env/lib -L/home/alon/anaconda3/envs/rmg_env/lib build/temp.linux-x86_64-cpython-39/rmgpy/molecule/converter.o -o build/lib.linux-x86_64-cpython-39/rmgpy/molecule/converter.cpython-39-x86_64-linux-gnu.so
building 'rmgpy.molecule.translator' extension
gcc -pthread -B /home/alon/anaconda3/envs/rmg_env/compiler_compat -Wno-unused-result -Wsign-compare -DNDEBUG -fwrapv -O2 -Wall -fPIC -O2 -isystem /home/alon/anaconda3/envs/rmg_env/include -fPIC -O2 -isystem /home/alon/anaconda3/envs/rmg_env/include -fPIC -I/home/alon/anaconda3/envs/rmg_env/lib/python3.9/site-packages/numpy/core/include -I/home/alon/anaconda3/envs/rmg_env/include/python3.9 -c rmgpy/molecule/translator.c -o build/temp.linux-x86_64-cpython-39/rmgpy/molecule/translator.o
In file included from /home/alon/anaconda3/envs/rmg_env/lib/python3.9/site-packages/numpy/core/include/numpy/ndarraytypes.h:1929,
                 from /home/alon/anaconda3/envs/rmg_env/lib/python3.9/site-packages/numpy/core/include/numpy/ndarrayobject.h:12,
                 from /home/alon/anaconda3/envs/rmg_env/lib/python3.9/site-packages/numpy/core/include/numpy/arrayobject.h:5,
                 from rmgpy/molecule/translator.c:1139:
/home/alon/anaconda3/envs/rmg_env/lib/python3.9/site-packages/numpy/core/include/numpy/npy_1_7_deprecated_api.h:17:2: warning: #warning "Using deprecated NumPy API, disable it with " "#define NPY_NO_DEPRECATED_API NPY_1_7_API_VERSION" [-Wcpp]
   17 | #warning "Using deprecated NumPy API, disable it with " \
      |  ^~~~~~~
gcc -pthread -B /home/alon/anaconda3/envs/rmg_env/compiler_compat -shared -Wl,--allow-shlib-undefined -Wl,-rpath,/home/alon/anaconda3/envs/rmg_env/lib -Wl,-rpath-link,/home/alon/anaconda3/envs/rmg_env/lib -L/home/alon/anaconda3/envs/rmg_env/lib -Wl,--allow-shlib-undefined -Wl,-rpath,/home/alon/anaconda3/envs/rmg_env/lib -Wl,-rpath-link,/home/alon/anaconda3/envs/rmg_env/lib -L/home/alon/anaconda3/envs/rmg_env/lib build/temp.linux-x86_64-cpython-39/rmgpy/molecule/translator.o -o build/lib.linux-x86_64-cpython-39/rmgpy/molecule/translator.cpython-39-x86_64-linux-gnu.so
building 'rmgpy.molecule.util' extension
gcc -pthread -B /home/alon/anaconda3/envs/rmg_env/compiler_compat -Wno-unused-result -Wsign-compare -DNDEBUG -fwrapv -O2 -Wall -fPIC -O2 -isystem /home/alon/anaconda3/envs/rmg_env/include -fPIC -O2 -isystem /home/alon/anaconda3/envs/rmg_env/include -fPIC -I/home/alon/anaconda3/envs/rmg_env/lib/python3.9/site-packages/numpy/core/include -I/home/alon/anaconda3/envs/rmg_env/include/python3.9 -c rmgpy/molecule/util.c -o build/temp.linux-x86_64-cpython-39/rmgpy/molecule/util.o
gcc -pthread -B /home/alon/anaconda3/envs/rmg_env/compiler_compat -shared -Wl,--allow-shlib-undefined -Wl,-rpath,/home/alon/anaconda3/envs/rmg_env/lib -Wl,-rpath-link,/home/alon/anaconda3/envs/rmg_env/lib -L/home/alon/anaconda3/envs/rmg_env/lib -Wl,--allow-shlib-undefined -Wl,-rpath,/home/alon/anaconda3/envs/rmg_env/lib -Wl,-rpath-link,/home/alon/anaconda3/envs/rmg_env/lib -L/home/alon/anaconda3/envs/rmg_env/lib build/temp.linux-x86_64-cpython-39/rmgpy/molecule/util.o -o build/lib.linux-x86_64-cpython-39/rmgpy/molecule/util.cpython-39-x86_64-linux-gnu.so
building 'rmgpy.molecule.inchi' extension
gcc -pthread -B /home/alon/anaconda3/envs/rmg_env/compiler_compat -Wno-unused-result -Wsign-compare -DNDEBUG -fwrapv -O2 -Wall -fPIC -O2 -isystem /home/alon/anaconda3/envs/rmg_env/include -fPIC -O2 -isystem /home/alon/anaconda3/envs/rmg_env/include -fPIC -I/home/alon/anaconda3/envs/rmg_env/lib/python3.9/site-packages/numpy/core/include -I/home/alon/anaconda3/envs/rmg_env/include/python3.9 -c rmgpy/molecule/inchi.c -o build/temp.linux-x86_64-cpython-39/rmgpy/molecule/inchi.o
In file included from /home/alon/anaconda3/envs/rmg_env/lib/python3.9/site-packages/numpy/core/include/numpy/ndarraytypes.h:1929,
                 from /home/alon/anaconda3/envs/rmg_env/lib/python3.9/site-packages/numpy/core/include/numpy/ndarrayobject.h:12,
                 from /home/alon/anaconda3/envs/rmg_env/lib/python3.9/site-packages/numpy/core/include/numpy/arrayobject.h:5,
                 from rmgpy/molecule/inchi.c:1139:
/home/alon/anaconda3/envs/rmg_env/lib/python3.9/site-packages/numpy/core/include/numpy/npy_1_7_deprecated_api.h:17:2: warning: #warning "Using deprecated NumPy API, disable it with " "#define NPY_NO_DEPRECATED_API NPY_1_7_API_VERSION" [-Wcpp]
   17 | #warning "Using deprecated NumPy API, disable it with " \
      |  ^~~~~~~
gcc -pthread -B /home/alon/anaconda3/envs/rmg_env/compiler_compat -shared -Wl,--allow-shlib-undefined -Wl,-rpath,/home/alon/anaconda3/envs/rmg_env/lib -Wl,-rpath-link,/home/alon/anaconda3/envs/rmg_env/lib -L/home/alon/anaconda3/envs/rmg_env/lib -Wl,--allow-shlib-undefined -Wl,-rpath,/home/alon/anaconda3/envs/rmg_env/lib -Wl,-rpath-link,/home/alon/anaconda3/envs/rmg_env/lib -L/home/alon/anaconda3/envs/rmg_env/lib build/temp.linux-x86_64-cpython-39/rmgpy/molecule/inchi.o -o build/lib.linux-x86_64-cpython-39/rmgpy/molecule/inchi.cpython-39-x86_64-linux-gnu.so
building 'rmgpy.molecule.resonance' extension
gcc -pthread -B /home/alon/anaconda3/envs/rmg_env/compiler_compat -Wno-unused-result -Wsign-compare -DNDEBUG -fwrapv -O2 -Wall -fPIC -O2 -isystem /home/alon/anaconda3/envs/rmg_env/include -fPIC -O2 -isystem /home/alon/anaconda3/envs/rmg_env/include -fPIC -I/home/alon/anaconda3/envs/rmg_env/lib/python3.9/site-packages/numpy/core/include -I/home/alon/anaconda3/envs/rmg_env/include/python3.9 -c rmgpy/molecule/resonance.c -o build/temp.linux-x86_64-cpython-39/rmgpy/molecule/resonance.o
In file included from /home/alon/anaconda3/envs/rmg_env/lib/python3.9/site-packages/numpy/core/include/numpy/ndarraytypes.h:1929,
                 from /home/alon/anaconda3/envs/rmg_env/lib/python3.9/site-packages/numpy/core/include/numpy/ndarrayobject.h:12,
                 from /home/alon/anaconda3/envs/rmg_env/lib/python3.9/site-packages/numpy/core/include/numpy/arrayobject.h:5,
                 from rmgpy/molecule/resonance.c:1139:
/home/alon/anaconda3/envs/rmg_env/lib/python3.9/site-packages/numpy/core/include/numpy/npy_1_7_deprecated_api.h:17:2: warning: #warning "Using deprecated NumPy API, disable it with " "#define NPY_NO_DEPRECATED_API NPY_1_7_API_VERSION" [-Wcpp]
   17 | #warning "Using deprecated NumPy API, disable it with " \
      |  ^~~~~~~
gcc -pthread -B /home/alon/anaconda3/envs/rmg_env/compiler_compat -shared -Wl,--allow-shlib-undefined -Wl,-rpath,/home/alon/anaconda3/envs/rmg_env/lib -Wl,-rpath-link,/home/alon/anaconda3/envs/rmg_env/lib -L/home/alon/anaconda3/envs/rmg_env/lib -Wl,--allow-shlib-undefined -Wl,-rpath,/home/alon/anaconda3/envs/rmg_env/lib -Wl,-rpath-link,/home/alon/anaconda3/envs/rmg_env/lib -L/home/alon/anaconda3/envs/rmg_env/lib build/temp.linux-x86_64-cpython-39/rmgpy/molecule/resonance.o -o build/lib.linux-x86_64-cpython-39/rmgpy/molecule/resonance.cpython-39-x86_64-linux-gnu.so
building 'rmgpy.molecule.pathfinder' extension
gcc -pthread -B /home/alon/anaconda3/envs/rmg_env/compiler_compat -Wno-unused-result -Wsign-compare -DNDEBUG -fwrapv -O2 -Wall -fPIC -O2 -isystem /home/alon/anaconda3/envs/rmg_env/include -fPIC -O2 -isystem /home/alon/anaconda3/envs/rmg_env/include -fPIC -I/home/alon/anaconda3/envs/rmg_env/lib/python3.9/site-packages/numpy/core/include -I/home/alon/anaconda3/envs/rmg_env/include/python3.9 -c rmgpy/molecule/pathfinder.c -o build/temp.linux-x86_64-cpython-39/rmgpy/molecule/pathfinder.o
In file included from /home/alon/anaconda3/envs/rmg_env/lib/python3.9/site-packages/numpy/core/include/numpy/ndarraytypes.h:1929,
                 from /home/alon/anaconda3/envs/rmg_env/lib/python3.9/site-packages/numpy/core/include/numpy/ndarrayobject.h:12,
                 from /home/alon/anaconda3/envs/rmg_env/lib/python3.9/site-packages/numpy/core/include/numpy/arrayobject.h:5,
                 from rmgpy/molecule/pathfinder.c:1139:
/home/alon/anaconda3/envs/rmg_env/lib/python3.9/site-packages/numpy/core/include/numpy/npy_1_7_deprecated_api.h:17:2: warning: #warning "Using deprecated NumPy API, disable it with " "#define NPY_NO_DEPRECATED_API NPY_1_7_API_VERSION" [-Wcpp]
   17 | #warning "Using deprecated NumPy API, disable it with " \
      |  ^~~~~~~
gcc -pthread -B /home/alon/anaconda3/envs/rmg_env/compiler_compat -shared -Wl,--allow-shlib-undefined -Wl,-rpath,/home/alon/anaconda3/envs/rmg_env/lib -Wl,-rpath-link,/home/alon/anaconda3/envs/rmg_env/lib -L/home/alon/anaconda3/envs/rmg_env/lib -Wl,--allow-shlib-undefined -Wl,-rpath,/home/alon/anaconda3/envs/rmg_env/lib -Wl,-rpath-link,/home/alon/anaconda3/envs/rmg_env/lib -L/home/alon/anaconda3/envs/rmg_env/lib build/temp.linux-x86_64-cpython-39/rmgpy/molecule/pathfinder.o -o build/lib.linux-x86_64-cpython-39/rmgpy/molecule/pathfinder.cpython-39-x86_64-linux-gnu.so
building 'rmgpy.molecule.kekulize' extension
gcc -pthread -B /home/alon/anaconda3/envs/rmg_env/compiler_compat -Wno-unused-result -Wsign-compare -DNDEBUG -fwrapv -O2 -Wall -fPIC -O2 -isystem /home/alon/anaconda3/envs/rmg_env/include -fPIC -O2 -isystem /home/alon/anaconda3/envs/rmg_env/include -fPIC -I/home/alon/anaconda3/envs/rmg_env/lib/python3.9/site-packages/numpy/core/include -I/home/alon/anaconda3/envs/rmg_env/include/python3.9 -c rmgpy/molecule/kekulize.c -o build/temp.linux-x86_64-cpython-39/rmgpy/molecule/kekulize.o
In file included from /home/alon/anaconda3/envs/rmg_env/lib/python3.9/site-packages/numpy/core/include/numpy/ndarraytypes.h:1929,
                 from /home/alon/anaconda3/envs/rmg_env/lib/python3.9/site-packages/numpy/core/include/numpy/ndarrayobject.h:12,
                 from /home/alon/anaconda3/envs/rmg_env/lib/python3.9/site-packages/numpy/core/include/numpy/arrayobject.h:5,
                 from rmgpy/molecule/kekulize.c:1139:
/home/alon/anaconda3/envs/rmg_env/lib/python3.9/site-packages/numpy/core/include/numpy/npy_1_7_deprecated_api.h:17:2: warning: #warning "Using deprecated NumPy API, disable it with " "#define NPY_NO_DEPRECATED_API NPY_1_7_API_VERSION" [-Wcpp]
   17 | #warning "Using deprecated NumPy API, disable it with " \
      |  ^~~~~~~
gcc -pthread -B /home/alon/anaconda3/envs/rmg_env/compiler_compat -shared -Wl,--allow-shlib-undefined -Wl,-rpath,/home/alon/anaconda3/envs/rmg_env/lib -Wl,-rpath-link,/home/alon/anaconda3/envs/rmg_env/lib -L/home/alon/anaconda3/envs/rmg_env/lib -Wl,--allow-shlib-undefined -Wl,-rpath,/home/alon/anaconda3/envs/rmg_env/lib -Wl,-rpath-link,/home/alon/anaconda3/envs/rmg_env/lib -L/home/alon/anaconda3/envs/rmg_env/lib build/temp.linux-x86_64-cpython-39/rmgpy/molecule/kekulize.o -o build/lib.linux-x86_64-cpython-39/rmgpy/molecule/kekulize.cpython-39-x86_64-linux-gnu.so
building 'rmgpy.pdep.collision' extension
creating build/temp.linux-x86_64-cpython-39/rmgpy/pdep
gcc -pthread -B /home/alon/anaconda3/envs/rmg_env/compiler_compat -Wno-unused-result -Wsign-compare -DNDEBUG -fwrapv -O2 -Wall -fPIC -O2 -isystem /home/alon/anaconda3/envs/rmg_env/include -fPIC -O2 -isystem /home/alon/anaconda3/envs/rmg_env/include -fPIC -I/home/alon/anaconda3/envs/rmg_env/lib/python3.9/site-packages/numpy/core/include -I/home/alon/anaconda3/envs/rmg_env/include/python3.9 -c rmgpy/pdep/collision.c -o build/temp.linux-x86_64-cpython-39/rmgpy/pdep/collision.o
In file included from /home/alon/anaconda3/envs/rmg_env/lib/python3.9/site-packages/numpy/core/include/numpy/ndarraytypes.h:1929,
                 from /home/alon/anaconda3/envs/rmg_env/lib/python3.9/site-packages/numpy/core/include/numpy/ndarrayobject.h:12,
                 from /home/alon/anaconda3/envs/rmg_env/lib/python3.9/site-packages/numpy/core/include/numpy/arrayobject.h:5,
                 from rmgpy/pdep/collision.c:1139:
/home/alon/anaconda3/envs/rmg_env/lib/python3.9/site-packages/numpy/core/include/numpy/npy_1_7_deprecated_api.h:17:2: warning: #warning "Using deprecated NumPy API, disable it with " "#define NPY_NO_DEPRECATED_API NPY_1_7_API_VERSION" [-Wcpp]
   17 | #warning "Using deprecated NumPy API, disable it with " \
      |  ^~~~~~~
rmgpy/pdep/collision.c: In function ‘__pyx_pf_5rmgpy_4pdep_9collision_21SingleExponentialDown_8generate_collision_matrix’:
rmgpy/pdep/collision.c:6612:47: warning: ‘__pyx_v_start’ may be used uninitialized [-Wmaybe-uninitialized]
 6612 |   for (__pyx_t_19 = __pyx_v_start; __pyx_t_19 < __pyx_t_18; __pyx_t_19+=1) {
      |                                    ~~~~~~~~~~~^~~~~~~~~~~~
rmgpy/pdep/collision.c:6076:7: note: ‘__pyx_v_start’ was declared here
 6076 |   int __pyx_v_start;
      |       ^~~~~~~~~~~~~
creating build/lib.linux-x86_64-cpython-39/rmgpy/pdep
gcc -pthread -B /home/alon/anaconda3/envs/rmg_env/compiler_compat -shared -Wl,--allow-shlib-undefined -Wl,-rpath,/home/alon/anaconda3/envs/rmg_env/lib -Wl,-rpath-link,/home/alon/anaconda3/envs/rmg_env/lib -L/home/alon/anaconda3/envs/rmg_env/lib -Wl,--allow-shlib-undefined -Wl,-rpath,/home/alon/anaconda3/envs/rmg_env/lib -Wl,-rpath-link,/home/alon/anaconda3/envs/rmg_env/lib -L/home/alon/anaconda3/envs/rmg_env/lib build/temp.linux-x86_64-cpython-39/rmgpy/pdep/collision.o -o build/lib.linux-x86_64-cpython-39/rmgpy/pdep/collision.cpython-39-x86_64-linux-gnu.so
building 'rmgpy.pdep.configuration' extension
gcc -pthread -B /home/alon/anaconda3/envs/rmg_env/compiler_compat -Wno-unused-result -Wsign-compare -DNDEBUG -fwrapv -O2 -Wall -fPIC -O2 -isystem /home/alon/anaconda3/envs/rmg_env/include -fPIC -O2 -isystem /home/alon/anaconda3/envs/rmg_env/include -fPIC -I/home/alon/anaconda3/envs/rmg_env/lib/python3.9/site-packages/numpy/core/include -I/home/alon/anaconda3/envs/rmg_env/include/python3.9 -c rmgpy/pdep/configuration.c -o build/temp.linux-x86_64-cpython-39/rmgpy/pdep/configuration.o
In file included from /home/alon/anaconda3/envs/rmg_env/lib/python3.9/site-packages/numpy/core/include/numpy/ndarraytypes.h:1929,
                 from /home/alon/anaconda3/envs/rmg_env/lib/python3.9/site-packages/numpy/core/include/numpy/ndarrayobject.h:12,
                 from /home/alon/anaconda3/envs/rmg_env/lib/python3.9/site-packages/numpy/core/include/numpy/arrayobject.h:5,
                 from rmgpy/pdep/configuration.c:1139:
/home/alon/anaconda3/envs/rmg_env/lib/python3.9/site-packages/numpy/core/include/numpy/npy_1_7_deprecated_api.h:17:2: warning: #warning "Using deprecated NumPy API, disable it with " "#define NPY_NO_DEPRECATED_API NPY_1_7_API_VERSION" [-Wcpp]
   17 | #warning "Using deprecated NumPy API, disable it with " \
      |  ^~~~~~~
rmgpy/pdep/configuration.c: In function ‘__pyx_pf_5rmgpy_4pdep_13configuration_13Configuration_36map_sum_of_states’:
rmgpy/pdep/configuration.c:14380:15: warning: ‘__pyx_v_r’ may be used uninitialized [-Wmaybe-uninitialized]
14380 |   __pyx_t_9 = __Pyx_PyObject_GetSlice(((PyObject *)__pyx_v_self->e_list), __pyx_v_r, 0, NULL, NULL, NULL, 1, 0, 0); if (unlikely(!__pyx_t_9)) __PYX_ERR(0, 441, __pyx_L1_error)
      |               ^~~~~~~~~~~~~~~~~~~~~~~~~~~~~~~~~~~~~~~~~~~~~~~~~~~~~~~~~~~~~~~~~~~~~~~~~~~~~~~~~~~~~~~~~~~~~~~~~~~~
rmgpy/pdep/configuration.c:14223:7: note: ‘__pyx_v_r’ was declared here
14223 |   int __pyx_v_r;
      |       ^~~~~~~~~
rmgpy/pdep/configuration.c:15185:48: warning: ‘__pyx_v_r0’ may be used uninitialized [-Wmaybe-uninitialized]
15185 |       for (__pyx_t_21 = __pyx_v_r0; __pyx_t_21 < __pyx_t_20; __pyx_t_21+=1) {
      |                                     ~~~~~~~~~~~^~~~~~~~~~~~
rmgpy/pdep/configuration.c:14222:7: note: ‘__pyx_v_r0’ was declared here
14222 |   int __pyx_v_r0;
      |       ^~~~~~~~~~
rmgpy/pdep/configuration.c: In function ‘__pyx_pf_5rmgpy_4pdep_13configuration_13Configuration_34map_density_of_states’:
rmgpy/pdep/configuration.c:13089:15: warning: ‘__pyx_v_r’ may be used uninitialized [-Wmaybe-uninitialized]
13089 |   __pyx_t_9 = __Pyx_PyObject_GetSlice(((PyObject *)__pyx_v_self->e_list), __pyx_v_r, 0, NULL, NULL, NULL, 1, 0, 0); if (unlikely(!__pyx_t_9)) __PYX_ERR(0, 373, __pyx_L1_error)
      |               ^~~~~~~~~~~~~~~~~~~~~~~~~~~~~~~~~~~~~~~~~~~~~~~~~~~~~~~~~~~~~~~~~~~~~~~~~~~~~~~~~~~~~~~~~~~~~~~~~~~~
rmgpy/pdep/configuration.c:12932:7: note: ‘__pyx_v_r’ was declared here
12932 |   int __pyx_v_r;
      |       ^~~~~~~~~
rmgpy/pdep/configuration.c:13876:48: warning: ‘__pyx_v_r0’ may be used uninitialized [-Wmaybe-uninitialized]
13876 |       for (__pyx_t_22 = __pyx_v_r0; __pyx_t_22 < __pyx_t_21; __pyx_t_22+=1) {
      |                                     ~~~~~~~~~~~^~~~~~~~~~~~
rmgpy/pdep/configuration.c:12931:7: note: ‘__pyx_v_r0’ was declared here
12931 |   int __pyx_v_r0;
      |       ^~~~~~~~~~
gcc -pthread -B /home/alon/anaconda3/envs/rmg_env/compiler_compat -shared -Wl,--allow-shlib-undefined -Wl,-rpath,/home/alon/anaconda3/envs/rmg_env/lib -Wl,-rpath-link,/home/alon/anaconda3/envs/rmg_env/lib -L/home/alon/anaconda3/envs/rmg_env/lib -Wl,--allow-shlib-undefined -Wl,-rpath,/home/alon/anaconda3/envs/rmg_env/lib -Wl,-rpath-link,/home/alon/anaconda3/envs/rmg_env/lib -L/home/alon/anaconda3/envs/rmg_env/lib build/temp.linux-x86_64-cpython-39/rmgpy/pdep/configuration.o -o build/lib.linux-x86_64-cpython-39/rmgpy/pdep/configuration.cpython-39-x86_64-linux-gnu.so
building 'rmgpy.pdep.me' extension
gcc -pthread -B /home/alon/anaconda3/envs/rmg_env/compiler_compat -Wno-unused-result -Wsign-compare -DNDEBUG -fwrapv -O2 -Wall -fPIC -O2 -isystem /home/alon/anaconda3/envs/rmg_env/include -fPIC -O2 -isystem /home/alon/anaconda3/envs/rmg_env/include -fPIC -I/home/alon/anaconda3/envs/rmg_env/lib/python3.9/site-packages/numpy/core/include -I/home/alon/anaconda3/envs/rmg_env/include/python3.9 -c rmgpy/pdep/me.c -o build/temp.linux-x86_64-cpython-39/rmgpy/pdep/me.o
In file included from /home/alon/anaconda3/envs/rmg_env/lib/python3.9/site-packages/numpy/core/include/numpy/ndarraytypes.h:1929,
                 from /home/alon/anaconda3/envs/rmg_env/lib/python3.9/site-packages/numpy/core/include/numpy/ndarrayobject.h:12,
                 from /home/alon/anaconda3/envs/rmg_env/lib/python3.9/site-packages/numpy/core/include/numpy/arrayobject.h:5,
                 from rmgpy/pdep/me.c:1139:
/home/alon/anaconda3/envs/rmg_env/lib/python3.9/site-packages/numpy/core/include/numpy/npy_1_7_deprecated_api.h:17:2: warning: #warning "Using deprecated NumPy API, disable it with " "#define NPY_NO_DEPRECATED_API NPY_1_7_API_VERSION" [-Wcpp]
   17 | #warning "Using deprecated NumPy API, disable it with " \
      |  ^~~~~~~
gcc -pthread -B /home/alon/anaconda3/envs/rmg_env/compiler_compat -shared -Wl,--allow-shlib-undefined -Wl,-rpath,/home/alon/anaconda3/envs/rmg_env/lib -Wl,-rpath-link,/home/alon/anaconda3/envs/rmg_env/lib -L/home/alon/anaconda3/envs/rmg_env/lib -Wl,--allow-shlib-undefined -Wl,-rpath,/home/alon/anaconda3/envs/rmg_env/lib -Wl,-rpath-link,/home/alon/anaconda3/envs/rmg_env/lib -L/home/alon/anaconda3/envs/rmg_env/lib build/temp.linux-x86_64-cpython-39/rmgpy/pdep/me.o -o build/lib.linux-x86_64-cpython-39/rmgpy/pdep/me.cpython-39-x86_64-linux-gnu.so
building 'rmgpy.pdep.msc' extension
gcc -pthread -B /home/alon/anaconda3/envs/rmg_env/compiler_compat -Wno-unused-result -Wsign-compare -DNDEBUG -fwrapv -O2 -Wall -fPIC -O2 -isystem /home/alon/anaconda3/envs/rmg_env/include -fPIC -O2 -isystem /home/alon/anaconda3/envs/rmg_env/include -fPIC -I/home/alon/anaconda3/envs/rmg_env/lib/python3.9/site-packages/numpy/core/include -I/home/alon/anaconda3/envs/rmg_env/include/python3.9 -c rmgpy/pdep/msc.c -o build/temp.linux-x86_64-cpython-39/rmgpy/pdep/msc.o
In file included from /home/alon/anaconda3/envs/rmg_env/lib/python3.9/site-packages/numpy/core/include/numpy/ndarraytypes.h:1929,
                 from /home/alon/anaconda3/envs/rmg_env/lib/python3.9/site-packages/numpy/core/include/numpy/ndarrayobject.h:12,
                 from /home/alon/anaconda3/envs/rmg_env/lib/python3.9/site-packages/numpy/core/include/numpy/arrayobject.h:5,
                 from rmgpy/pdep/msc.c:1139:
/home/alon/anaconda3/envs/rmg_env/lib/python3.9/site-packages/numpy/core/include/numpy/npy_1_7_deprecated_api.h:17:2: warning: #warning "Using deprecated NumPy API, disable it with " "#define NPY_NO_DEPRECATED_API NPY_1_7_API_VERSION" [-Wcpp]
   17 | #warning "Using deprecated NumPy API, disable it with " \
      |  ^~~~~~~
gcc -pthread -B /home/alon/anaconda3/envs/rmg_env/compiler_compat -shared -Wl,--allow-shlib-undefined -Wl,-rpath,/home/alon/anaconda3/envs/rmg_env/lib -Wl,-rpath-link,/home/alon/anaconda3/envs/rmg_env/lib -L/home/alon/anaconda3/envs/rmg_env/lib -Wl,--allow-shlib-undefined -Wl,-rpath,/home/alon/anaconda3/envs/rmg_env/lib -Wl,-rpath-link,/home/alon/anaconda3/envs/rmg_env/lib -L/home/alon/anaconda3/envs/rmg_env/lib build/temp.linux-x86_64-cpython-39/rmgpy/pdep/msc.o -o build/lib.linux-x86_64-cpython-39/rmgpy/pdep/msc.cpython-39-x86_64-linux-gnu.so
building 'rmgpy.pdep.reaction' extension
gcc -pthread -B /home/alon/anaconda3/envs/rmg_env/compiler_compat -Wno-unused-result -Wsign-compare -DNDEBUG -fwrapv -O2 -Wall -fPIC -O2 -isystem /home/alon/anaconda3/envs/rmg_env/include -fPIC -O2 -isystem /home/alon/anaconda3/envs/rmg_env/include -fPIC -I/home/alon/anaconda3/envs/rmg_env/lib/python3.9/site-packages/numpy/core/include -I/home/alon/anaconda3/envs/rmg_env/include/python3.9 -c rmgpy/pdep/reaction.c -o build/temp.linux-x86_64-cpython-39/rmgpy/pdep/reaction.o
In file included from /home/alon/anaconda3/envs/rmg_env/lib/python3.9/site-packages/numpy/core/include/numpy/ndarraytypes.h:1929,
                 from /home/alon/anaconda3/envs/rmg_env/lib/python3.9/site-packages/numpy/core/include/numpy/ndarrayobject.h:12,
                 from /home/alon/anaconda3/envs/rmg_env/lib/python3.9/site-packages/numpy/core/include/numpy/arrayobject.h:5,
                 from rmgpy/pdep/reaction.c:1139:
/home/alon/anaconda3/envs/rmg_env/lib/python3.9/site-packages/numpy/core/include/numpy/npy_1_7_deprecated_api.h:17:2: warning: #warning "Using deprecated NumPy API, disable it with " "#define NPY_NO_DEPRECATED_API NPY_1_7_API_VERSION" [-Wcpp]
   17 | #warning "Using deprecated NumPy API, disable it with " \
      |  ^~~~~~~
gcc -pthread -B /home/alon/anaconda3/envs/rmg_env/compiler_compat -shared -Wl,--allow-shlib-undefined -Wl,-rpath,/home/alon/anaconda3/envs/rmg_env/lib -Wl,-rpath-link,/home/alon/anaconda3/envs/rmg_env/lib -L/home/alon/anaconda3/envs/rmg_env/lib -Wl,--allow-shlib-undefined -Wl,-rpath,/home/alon/anaconda3/envs/rmg_env/lib -Wl,-rpath-link,/home/alon/anaconda3/envs/rmg_env/lib -L/home/alon/anaconda3/envs/rmg_env/lib build/temp.linux-x86_64-cpython-39/rmgpy/pdep/reaction.o -o build/lib.linux-x86_64-cpython-39/rmgpy/pdep/reaction.cpython-39-x86_64-linux-gnu.so
building 'rmgpy.pdep.rs' extension
gcc -pthread -B /home/alon/anaconda3/envs/rmg_env/compiler_compat -Wno-unused-result -Wsign-compare -DNDEBUG -fwrapv -O2 -Wall -fPIC -O2 -isystem /home/alon/anaconda3/envs/rmg_env/include -fPIC -O2 -isystem /home/alon/anaconda3/envs/rmg_env/include -fPIC -I/home/alon/anaconda3/envs/rmg_env/lib/python3.9/site-packages/numpy/core/include -I/home/alon/anaconda3/envs/rmg_env/include/python3.9 -c rmgpy/pdep/rs.c -o build/temp.linux-x86_64-cpython-39/rmgpy/pdep/rs.o
In file included from /home/alon/anaconda3/envs/rmg_env/lib/python3.9/site-packages/numpy/core/include/numpy/ndarraytypes.h:1929,
                 from /home/alon/anaconda3/envs/rmg_env/lib/python3.9/site-packages/numpy/core/include/numpy/ndarrayobject.h:12,
                 from /home/alon/anaconda3/envs/rmg_env/lib/python3.9/site-packages/numpy/core/include/numpy/arrayobject.h:5,
                 from rmgpy/pdep/rs.c:1139:
/home/alon/anaconda3/envs/rmg_env/lib/python3.9/site-packages/numpy/core/include/numpy/npy_1_7_deprecated_api.h:17:2: warning: #warning "Using deprecated NumPy API, disable it with " "#define NPY_NO_DEPRECATED_API NPY_1_7_API_VERSION" [-Wcpp]
   17 | #warning "Using deprecated NumPy API, disable it with " \
      |  ^~~~~~~
gcc -pthread -B /home/alon/anaconda3/envs/rmg_env/compiler_compat -shared -Wl,--allow-shlib-undefined -Wl,-rpath,/home/alon/anaconda3/envs/rmg_env/lib -Wl,-rpath-link,/home/alon/anaconda3/envs/rmg_env/lib -L/home/alon/anaconda3/envs/rmg_env/lib -Wl,--allow-shlib-undefined -Wl,-rpath,/home/alon/anaconda3/envs/rmg_env/lib -Wl,-rpath-link,/home/alon/anaconda3/envs/rmg_env/lib -L/home/alon/anaconda3/envs/rmg_env/lib build/temp.linux-x86_64-cpython-39/rmgpy/pdep/rs.o -o build/lib.linux-x86_64-cpython-39/rmgpy/pdep/rs.cpython-39-x86_64-linux-gnu.so
building 'rmgpy.pdep.cse' extension
gcc -pthread -B /home/alon/anaconda3/envs/rmg_env/compiler_compat -Wno-unused-result -Wsign-compare -DNDEBUG -fwrapv -O2 -Wall -fPIC -O2 -isystem /home/alon/anaconda3/envs/rmg_env/include -fPIC -O2 -isystem /home/alon/anaconda3/envs/rmg_env/include -fPIC -I/home/alon/anaconda3/envs/rmg_env/lib/python3.9/site-packages/numpy/core/include -I/home/alon/anaconda3/envs/rmg_env/include/python3.9 -c rmgpy/pdep/cse.c -o build/temp.linux-x86_64-cpython-39/rmgpy/pdep/cse.o
In file included from /home/alon/anaconda3/envs/rmg_env/lib/python3.9/site-packages/numpy/core/include/numpy/ndarraytypes.h:1929,
                 from /home/alon/anaconda3/envs/rmg_env/lib/python3.9/site-packages/numpy/core/include/numpy/ndarrayobject.h:12,
                 from /home/alon/anaconda3/envs/rmg_env/lib/python3.9/site-packages/numpy/core/include/numpy/arrayobject.h:5,
                 from rmgpy/pdep/cse.c:1139:
/home/alon/anaconda3/envs/rmg_env/lib/python3.9/site-packages/numpy/core/include/numpy/npy_1_7_deprecated_api.h:17:2: warning: #warning "Using deprecated NumPy API, disable it with " "#define NPY_NO_DEPRECATED_API NPY_1_7_API_VERSION" [-Wcpp]
   17 | #warning "Using deprecated NumPy API, disable it with " \
      |  ^~~~~~~
gcc -pthread -B /home/alon/anaconda3/envs/rmg_env/compiler_compat -shared -Wl,--allow-shlib-undefined -Wl,-rpath,/home/alon/anaconda3/envs/rmg_env/lib -Wl,-rpath-link,/home/alon/anaconda3/envs/rmg_env/lib -L/home/alon/anaconda3/envs/rmg_env/lib -Wl,--allow-shlib-undefined -Wl,-rpath,/home/alon/anaconda3/envs/rmg_env/lib -Wl,-rpath-link,/home/alon/anaconda3/envs/rmg_env/lib -L/home/alon/anaconda3/envs/rmg_env/lib build/temp.linux-x86_64-cpython-39/rmgpy/pdep/cse.o -o build/lib.linux-x86_64-cpython-39/rmgpy/pdep/cse.cpython-39-x86_64-linux-gnu.so
building 'rmgpy.statmech.conformer' extension
creating build/temp.linux-x86_64-cpython-39/rmgpy/statmech
gcc -pthread -B /home/alon/anaconda3/envs/rmg_env/compiler_compat -Wno-unused-result -Wsign-compare -DNDEBUG -fwrapv -O2 -Wall -fPIC -O2 -isystem /home/alon/anaconda3/envs/rmg_env/include -fPIC -O2 -isystem /home/alon/anaconda3/envs/rmg_env/include -fPIC -I/home/alon/anaconda3/envs/rmg_env/lib/python3.9/site-packages/numpy/core/include -I/home/alon/anaconda3/envs/rmg_env/include/python3.9 -c rmgpy/statmech/conformer.c -o build/temp.linux-x86_64-cpython-39/rmgpy/statmech/conformer.o
In file included from /home/alon/anaconda3/envs/rmg_env/lib/python3.9/site-packages/numpy/core/include/numpy/ndarraytypes.h:1929,
                 from /home/alon/anaconda3/envs/rmg_env/lib/python3.9/site-packages/numpy/core/include/numpy/ndarrayobject.h:12,
                 from /home/alon/anaconda3/envs/rmg_env/lib/python3.9/site-packages/numpy/core/include/numpy/arrayobject.h:5,
                 from rmgpy/statmech/conformer.c:1139:
/home/alon/anaconda3/envs/rmg_env/lib/python3.9/site-packages/numpy/core/include/numpy/npy_1_7_deprecated_api.h:17:2: warning: #warning "Using deprecated NumPy API, disable it with " "#define NPY_NO_DEPRECATED_API NPY_1_7_API_VERSION" [-Wcpp]
   17 | #warning "Using deprecated NumPy API, disable it with " \
      |  ^~~~~~~
creating build/lib.linux-x86_64-cpython-39/rmgpy/statmech
gcc -pthread -B /home/alon/anaconda3/envs/rmg_env/compiler_compat -shared -Wl,--allow-shlib-undefined -Wl,-rpath,/home/alon/anaconda3/envs/rmg_env/lib -Wl,-rpath-link,/home/alon/anaconda3/envs/rmg_env/lib -L/home/alon/anaconda3/envs/rmg_env/lib -Wl,--allow-shlib-undefined -Wl,-rpath,/home/alon/anaconda3/envs/rmg_env/lib -Wl,-rpath-link,/home/alon/anaconda3/envs/rmg_env/lib -L/home/alon/anaconda3/envs/rmg_env/lib build/temp.linux-x86_64-cpython-39/rmgpy/statmech/conformer.o -o build/lib.linux-x86_64-cpython-39/rmgpy/statmech/conformer.cpython-39-x86_64-linux-gnu.so
building 'rmgpy.statmech.mode' extension
gcc -pthread -B /home/alon/anaconda3/envs/rmg_env/compiler_compat -Wno-unused-result -Wsign-compare -DNDEBUG -fwrapv -O2 -Wall -fPIC -O2 -isystem /home/alon/anaconda3/envs/rmg_env/include -fPIC -O2 -isystem /home/alon/anaconda3/envs/rmg_env/include -fPIC -I/home/alon/anaconda3/envs/rmg_env/lib/python3.9/site-packages/numpy/core/include -I/home/alon/anaconda3/envs/rmg_env/include/python3.9 -c rmgpy/statmech/mode.c -o build/temp.linux-x86_64-cpython-39/rmgpy/statmech/mode.o
In file included from /home/alon/anaconda3/envs/rmg_env/lib/python3.9/site-packages/numpy/core/include/numpy/ndarraytypes.h:1929,
                 from /home/alon/anaconda3/envs/rmg_env/lib/python3.9/site-packages/numpy/core/include/numpy/ndarrayobject.h:12,
                 from /home/alon/anaconda3/envs/rmg_env/lib/python3.9/site-packages/numpy/core/include/numpy/arrayobject.h:5,
                 from rmgpy/statmech/mode.c:1139:
/home/alon/anaconda3/envs/rmg_env/lib/python3.9/site-packages/numpy/core/include/numpy/npy_1_7_deprecated_api.h:17:2: warning: #warning "Using deprecated NumPy API, disable it with " "#define NPY_NO_DEPRECATED_API NPY_1_7_API_VERSION" [-Wcpp]
   17 | #warning "Using deprecated NumPy API, disable it with " \
      |  ^~~~~~~
gcc -pthread -B /home/alon/anaconda3/envs/rmg_env/compiler_compat -shared -Wl,--allow-shlib-undefined -Wl,-rpath,/home/alon/anaconda3/envs/rmg_env/lib -Wl,-rpath-link,/home/alon/anaconda3/envs/rmg_env/lib -L/home/alon/anaconda3/envs/rmg_env/lib -Wl,--allow-shlib-undefined -Wl,-rpath,/home/alon/anaconda3/envs/rmg_env/lib -Wl,-rpath-link,/home/alon/anaconda3/envs/rmg_env/lib -L/home/alon/anaconda3/envs/rmg_env/lib build/temp.linux-x86_64-cpython-39/rmgpy/statmech/mode.o -o build/lib.linux-x86_64-cpython-39/rmgpy/statmech/mode.cpython-39-x86_64-linux-gnu.so
building 'rmgpy.statmech.rotation' extension
gcc -pthread -B /home/alon/anaconda3/envs/rmg_env/compiler_compat -Wno-unused-result -Wsign-compare -DNDEBUG -fwrapv -O2 -Wall -fPIC -O2 -isystem /home/alon/anaconda3/envs/rmg_env/include -fPIC -O2 -isystem /home/alon/anaconda3/envs/rmg_env/include -fPIC -I/home/alon/anaconda3/envs/rmg_env/lib/python3.9/site-packages/numpy/core/include -I/home/alon/anaconda3/envs/rmg_env/include/python3.9 -c rmgpy/statmech/rotation.c -o build/temp.linux-x86_64-cpython-39/rmgpy/statmech/rotation.o
In file included from /home/alon/anaconda3/envs/rmg_env/lib/python3.9/site-packages/numpy/core/include/numpy/ndarraytypes.h:1929,
                 from /home/alon/anaconda3/envs/rmg_env/lib/python3.9/site-packages/numpy/core/include/numpy/ndarrayobject.h:12,
                 from /home/alon/anaconda3/envs/rmg_env/lib/python3.9/site-packages/numpy/core/include/numpy/arrayobject.h:5,
                 from rmgpy/statmech/rotation.c:1139:
/home/alon/anaconda3/envs/rmg_env/lib/python3.9/site-packages/numpy/core/include/numpy/npy_1_7_deprecated_api.h:17:2: warning: #warning "Using deprecated NumPy API, disable it with " "#define NPY_NO_DEPRECATED_API NPY_1_7_API_VERSION" [-Wcpp]
   17 | #warning "Using deprecated NumPy API, disable it with " \
      |  ^~~~~~~
gcc -pthread -B /home/alon/anaconda3/envs/rmg_env/compiler_compat -shared -Wl,--allow-shlib-undefined -Wl,-rpath,/home/alon/anaconda3/envs/rmg_env/lib -Wl,-rpath-link,/home/alon/anaconda3/envs/rmg_env/lib -L/home/alon/anaconda3/envs/rmg_env/lib -Wl,--allow-shlib-undefined -Wl,-rpath,/home/alon/anaconda3/envs/rmg_env/lib -Wl,-rpath-link,/home/alon/anaconda3/envs/rmg_env/lib -L/home/alon/anaconda3/envs/rmg_env/lib build/temp.linux-x86_64-cpython-39/rmgpy/statmech/rotation.o -o build/lib.linux-x86_64-cpython-39/rmgpy/statmech/rotation.cpython-39-x86_64-linux-gnu.so
building 'rmgpy.statmech.schrodinger' extension
gcc -pthread -B /home/alon/anaconda3/envs/rmg_env/compiler_compat -Wno-unused-result -Wsign-compare -DNDEBUG -fwrapv -O2 -Wall -fPIC -O2 -isystem /home/alon/anaconda3/envs/rmg_env/include -fPIC -O2 -isystem /home/alon/anaconda3/envs/rmg_env/include -fPIC -I/home/alon/anaconda3/envs/rmg_env/lib/python3.9/site-packages/numpy/core/include -I/home/alon/anaconda3/envs/rmg_env/include/python3.9 -c rmgpy/statmech/schrodinger.c -o build/temp.linux-x86_64-cpython-39/rmgpy/statmech/schrodinger.o
In file included from /home/alon/anaconda3/envs/rmg_env/lib/python3.9/site-packages/numpy/core/include/numpy/ndarraytypes.h:1929,
                 from /home/alon/anaconda3/envs/rmg_env/lib/python3.9/site-packages/numpy/core/include/numpy/ndarrayobject.h:12,
                 from /home/alon/anaconda3/envs/rmg_env/lib/python3.9/site-packages/numpy/core/include/numpy/arrayobject.h:5,
                 from rmgpy/statmech/schrodinger.c:1139:
/home/alon/anaconda3/envs/rmg_env/lib/python3.9/site-packages/numpy/core/include/numpy/npy_1_7_deprecated_api.h:17:2: warning: #warning "Using deprecated NumPy API, disable it with " "#define NPY_NO_DEPRECATED_API NPY_1_7_API_VERSION" [-Wcpp]
   17 | #warning "Using deprecated NumPy API, disable it with " \
      |  ^~~~~~~
gcc -pthread -B /home/alon/anaconda3/envs/rmg_env/compiler_compat -shared -Wl,--allow-shlib-undefined -Wl,-rpath,/home/alon/anaconda3/envs/rmg_env/lib -Wl,-rpath-link,/home/alon/anaconda3/envs/rmg_env/lib -L/home/alon/anaconda3/envs/rmg_env/lib -Wl,--allow-shlib-undefined -Wl,-rpath,/home/alon/anaconda3/envs/rmg_env/lib -Wl,-rpath-link,/home/alon/anaconda3/envs/rmg_env/lib -L/home/alon/anaconda3/envs/rmg_env/lib build/temp.linux-x86_64-cpython-39/rmgpy/statmech/schrodinger.o -o build/lib.linux-x86_64-cpython-39/rmgpy/statmech/schrodinger.cpython-39-x86_64-linux-gnu.so
building 'rmgpy.statmech.torsion' extension
gcc -pthread -B /home/alon/anaconda3/envs/rmg_env/compiler_compat -Wno-unused-result -Wsign-compare -DNDEBUG -fwrapv -O2 -Wall -fPIC -O2 -isystem /home/alon/anaconda3/envs/rmg_env/include -fPIC -O2 -isystem /home/alon/anaconda3/envs/rmg_env/include -fPIC -I/home/alon/anaconda3/envs/rmg_env/lib/python3.9/site-packages/numpy/core/include -I/home/alon/anaconda3/envs/rmg_env/include/python3.9 -c rmgpy/statmech/torsion.c -o build/temp.linux-x86_64-cpython-39/rmgpy/statmech/torsion.o
In file included from /home/alon/anaconda3/envs/rmg_env/lib/python3.9/site-packages/numpy/core/include/numpy/ndarraytypes.h:1929,
                 from /home/alon/anaconda3/envs/rmg_env/lib/python3.9/site-packages/numpy/core/include/numpy/ndarrayobject.h:12,
                 from /home/alon/anaconda3/envs/rmg_env/lib/python3.9/site-packages/numpy/core/include/numpy/arrayobject.h:5,
                 from rmgpy/statmech/torsion.c:1139:
/home/alon/anaconda3/envs/rmg_env/lib/python3.9/site-packages/numpy/core/include/numpy/npy_1_7_deprecated_api.h:17:2: warning: #warning "Using deprecated NumPy API, disable it with " "#define NPY_NO_DEPRECATED_API NPY_1_7_API_VERSION" [-Wcpp]
   17 | #warning "Using deprecated NumPy API, disable it with " \
      |  ^~~~~~~
rmgpy/statmech/torsion.c: In function ‘__pyx_f_5rmgpy_8statmech_7torsion_13HinderedRotor_fit_fourier_potential_to_data’:
rmgpy/statmech/torsion.c:15349:6: warning: ‘__pyx_v_V0’ may be used uninitialized [-Wmaybe-uninitialized]
15349 |   if (__pyx_t_8) {
      |      ^
rmgpy/statmech/torsion.c:14313:10: note: ‘__pyx_v_V0’ was declared here
14313 |   double __pyx_v_V0;
      |          ^~~~~~~~~~
gcc -pthread -B /home/alon/anaconda3/envs/rmg_env/compiler_compat -shared -Wl,--allow-shlib-undefined -Wl,-rpath,/home/alon/anaconda3/envs/rmg_env/lib -Wl,-rpath-link,/home/alon/anaconda3/envs/rmg_env/lib -L/home/alon/anaconda3/envs/rmg_env/lib -Wl,--allow-shlib-undefined -Wl,-rpath,/home/alon/anaconda3/envs/rmg_env/lib -Wl,-rpath-link,/home/alon/anaconda3/envs/rmg_env/lib -L/home/alon/anaconda3/envs/rmg_env/lib build/temp.linux-x86_64-cpython-39/rmgpy/statmech/torsion.o -o build/lib.linux-x86_64-cpython-39/rmgpy/statmech/torsion.cpython-39-x86_64-linux-gnu.so
building 'rmgpy.statmech.translation' extension
gcc -pthread -B /home/alon/anaconda3/envs/rmg_env/compiler_compat -Wno-unused-result -Wsign-compare -DNDEBUG -fwrapv -O2 -Wall -fPIC -O2 -isystem /home/alon/anaconda3/envs/rmg_env/include -fPIC -O2 -isystem /home/alon/anaconda3/envs/rmg_env/include -fPIC -I/home/alon/anaconda3/envs/rmg_env/lib/python3.9/site-packages/numpy/core/include -I/home/alon/anaconda3/envs/rmg_env/include/python3.9 -c rmgpy/statmech/translation.c -o build/temp.linux-x86_64-cpython-39/rmgpy/statmech/translation.o
In file included from /home/alon/anaconda3/envs/rmg_env/lib/python3.9/site-packages/numpy/core/include/numpy/ndarraytypes.h:1929,
                 from /home/alon/anaconda3/envs/rmg_env/lib/python3.9/site-packages/numpy/core/include/numpy/ndarrayobject.h:12,
                 from /home/alon/anaconda3/envs/rmg_env/lib/python3.9/site-packages/numpy/core/include/numpy/arrayobject.h:5,
                 from rmgpy/statmech/translation.c:1139:
/home/alon/anaconda3/envs/rmg_env/lib/python3.9/site-packages/numpy/core/include/numpy/npy_1_7_deprecated_api.h:17:2: warning: #warning "Using deprecated NumPy API, disable it with " "#define NPY_NO_DEPRECATED_API NPY_1_7_API_VERSION" [-Wcpp]
   17 | #warning "Using deprecated NumPy API, disable it with " \
      |  ^~~~~~~
gcc -pthread -B /home/alon/anaconda3/envs/rmg_env/compiler_compat -shared -Wl,--allow-shlib-undefined -Wl,-rpath,/home/alon/anaconda3/envs/rmg_env/lib -Wl,-rpath-link,/home/alon/anaconda3/envs/rmg_env/lib -L/home/alon/anaconda3/envs/rmg_env/lib -Wl,--allow-shlib-undefined -Wl,-rpath,/home/alon/anaconda3/envs/rmg_env/lib -Wl,-rpath-link,/home/alon/anaconda3/envs/rmg_env/lib -L/home/alon/anaconda3/envs/rmg_env/lib build/temp.linux-x86_64-cpython-39/rmgpy/statmech/translation.o -o build/lib.linux-x86_64-cpython-39/rmgpy/statmech/translation.cpython-39-x86_64-linux-gnu.so
building 'rmgpy.statmech.vibration' extension
gcc -pthread -B /home/alon/anaconda3/envs/rmg_env/compiler_compat -Wno-unused-result -Wsign-compare -DNDEBUG -fwrapv -O2 -Wall -fPIC -O2 -isystem /home/alon/anaconda3/envs/rmg_env/include -fPIC -O2 -isystem /home/alon/anaconda3/envs/rmg_env/include -fPIC -I/home/alon/anaconda3/envs/rmg_env/lib/python3.9/site-packages/numpy/core/include -I/home/alon/anaconda3/envs/rmg_env/include/python3.9 -c rmgpy/statmech/vibration.c -o build/temp.linux-x86_64-cpython-39/rmgpy/statmech/vibration.o
In file included from /home/alon/anaconda3/envs/rmg_env/lib/python3.9/site-packages/numpy/core/include/numpy/ndarraytypes.h:1929,
                 from /home/alon/anaconda3/envs/rmg_env/lib/python3.9/site-packages/numpy/core/include/numpy/ndarrayobject.h:12,
                 from /home/alon/anaconda3/envs/rmg_env/lib/python3.9/site-packages/numpy/core/include/numpy/arrayobject.h:5,
                 from rmgpy/statmech/vibration.c:1139:
/home/alon/anaconda3/envs/rmg_env/lib/python3.9/site-packages/numpy/core/include/numpy/npy_1_7_deprecated_api.h:17:2: warning: #warning "Using deprecated NumPy API, disable it with " "#define NPY_NO_DEPRECATED_API NPY_1_7_API_VERSION" [-Wcpp]
   17 | #warning "Using deprecated NumPy API, disable it with " \
      |  ^~~~~~~
gcc -pthread -B /home/alon/anaconda3/envs/rmg_env/compiler_compat -shared -Wl,--allow-shlib-undefined -Wl,-rpath,/home/alon/anaconda3/envs/rmg_env/lib -Wl,-rpath-link,/home/alon/anaconda3/envs/rmg_env/lib -L/home/alon/anaconda3/envs/rmg_env/lib -Wl,--allow-shlib-undefined -Wl,-rpath,/home/alon/anaconda3/envs/rmg_env/lib -Wl,-rpath-link,/home/alon/anaconda3/envs/rmg_env/lib -L/home/alon/anaconda3/envs/rmg_env/lib build/temp.linux-x86_64-cpython-39/rmgpy/statmech/vibration.o -o build/lib.linux-x86_64-cpython-39/rmgpy/statmech/vibration.cpython-39-x86_64-linux-gnu.so
building 'rmgpy.thermo.thermodata' extension
creating build/temp.linux-x86_64-cpython-39/rmgpy/thermo
gcc -pthread -B /home/alon/anaconda3/envs/rmg_env/compiler_compat -Wno-unused-result -Wsign-compare -DNDEBUG -fwrapv -O2 -Wall -fPIC -O2 -isystem /home/alon/anaconda3/envs/rmg_env/include -fPIC -O2 -isystem /home/alon/anaconda3/envs/rmg_env/include -fPIC -I/home/alon/anaconda3/envs/rmg_env/lib/python3.9/site-packages/numpy/core/include -I/home/alon/anaconda3/envs/rmg_env/include/python3.9 -c rmgpy/thermo/thermodata.c -o build/temp.linux-x86_64-cpython-39/rmgpy/thermo/thermodata.o
In file included from /home/alon/anaconda3/envs/rmg_env/lib/python3.9/site-packages/numpy/core/include/numpy/ndarraytypes.h:1929,
                 from /home/alon/anaconda3/envs/rmg_env/lib/python3.9/site-packages/numpy/core/include/numpy/ndarrayobject.h:12,
                 from /home/alon/anaconda3/envs/rmg_env/lib/python3.9/site-packages/numpy/core/include/numpy/arrayobject.h:5,
                 from rmgpy/thermo/thermodata.c:1139:
/home/alon/anaconda3/envs/rmg_env/lib/python3.9/site-packages/numpy/core/include/numpy/npy_1_7_deprecated_api.h:17:2: warning: #warning "Using deprecated NumPy API, disable it with " "#define NPY_NO_DEPRECATED_API NPY_1_7_API_VERSION" [-Wcpp]
   17 | #warning "Using deprecated NumPy API, disable it with " \
      |  ^~~~~~~
rmgpy/thermo/thermodata.c: In function ‘__pyx_f_5rmgpy_6thermo_10thermodata_10ThermoData_get_heat_capacity’:
rmgpy/thermo/thermodata.c:7652:10: warning: ‘__pyx_r’ may be used uninitialized [-Wmaybe-uninitialized]
 7652 |   return __pyx_r;
      |          ^~~~~~~
rmgpy/thermo/thermodata.c:7051:10: note: ‘__pyx_r’ was declared here
 7051 |   double __pyx_r;
      |          ^~~~~~~
creating build/lib.linux-x86_64-cpython-39/rmgpy/thermo
gcc -pthread -B /home/alon/anaconda3/envs/rmg_env/compiler_compat -shared -Wl,--allow-shlib-undefined -Wl,-rpath,/home/alon/anaconda3/envs/rmg_env/lib -Wl,-rpath-link,/home/alon/anaconda3/envs/rmg_env/lib -L/home/alon/anaconda3/envs/rmg_env/lib -Wl,--allow-shlib-undefined -Wl,-rpath,/home/alon/anaconda3/envs/rmg_env/lib -Wl,-rpath-link,/home/alon/anaconda3/envs/rmg_env/lib -L/home/alon/anaconda3/envs/rmg_env/lib build/temp.linux-x86_64-cpython-39/rmgpy/thermo/thermodata.o -o build/lib.linux-x86_64-cpython-39/rmgpy/thermo/thermodata.cpython-39-x86_64-linux-gnu.so
building 'rmgpy.thermo.model' extension
gcc -pthread -B /home/alon/anaconda3/envs/rmg_env/compiler_compat -Wno-unused-result -Wsign-compare -DNDEBUG -fwrapv -O2 -Wall -fPIC -O2 -isystem /home/alon/anaconda3/envs/rmg_env/include -fPIC -O2 -isystem /home/alon/anaconda3/envs/rmg_env/include -fPIC -I/home/alon/anaconda3/envs/rmg_env/lib/python3.9/site-packages/numpy/core/include -I/home/alon/anaconda3/envs/rmg_env/include/python3.9 -c rmgpy/thermo/model.c -o build/temp.linux-x86_64-cpython-39/rmgpy/thermo/model.o
In file included from /home/alon/anaconda3/envs/rmg_env/lib/python3.9/site-packages/numpy/core/include/numpy/ndarraytypes.h:1929,
                 from /home/alon/anaconda3/envs/rmg_env/lib/python3.9/site-packages/numpy/core/include/numpy/ndarrayobject.h:12,
                 from /home/alon/anaconda3/envs/rmg_env/lib/python3.9/site-packages/numpy/core/include/numpy/arrayobject.h:5,
                 from rmgpy/thermo/model.c:1139:
/home/alon/anaconda3/envs/rmg_env/lib/python3.9/site-packages/numpy/core/include/numpy/npy_1_7_deprecated_api.h:17:2: warning: #warning "Using deprecated NumPy API, disable it with " "#define NPY_NO_DEPRECATED_API NPY_1_7_API_VERSION" [-Wcpp]
   17 | #warning "Using deprecated NumPy API, disable it with " \
      |  ^~~~~~~
gcc -pthread -B /home/alon/anaconda3/envs/rmg_env/compiler_compat -shared -Wl,--allow-shlib-undefined -Wl,-rpath,/home/alon/anaconda3/envs/rmg_env/lib -Wl,-rpath-link,/home/alon/anaconda3/envs/rmg_env/lib -L/home/alon/anaconda3/envs/rmg_env/lib -Wl,--allow-shlib-undefined -Wl,-rpath,/home/alon/anaconda3/envs/rmg_env/lib -Wl,-rpath-link,/home/alon/anaconda3/envs/rmg_env/lib -L/home/alon/anaconda3/envs/rmg_env/lib build/temp.linux-x86_64-cpython-39/rmgpy/thermo/model.o -o build/lib.linux-x86_64-cpython-39/rmgpy/thermo/model.cpython-39-x86_64-linux-gnu.so
building 'rmgpy.thermo.nasa' extension
gcc -pthread -B /home/alon/anaconda3/envs/rmg_env/compiler_compat -Wno-unused-result -Wsign-compare -DNDEBUG -fwrapv -O2 -Wall -fPIC -O2 -isystem /home/alon/anaconda3/envs/rmg_env/include -fPIC -O2 -isystem /home/alon/anaconda3/envs/rmg_env/include -fPIC -I/home/alon/anaconda3/envs/rmg_env/lib/python3.9/site-packages/numpy/core/include -I/home/alon/anaconda3/envs/rmg_env/include/python3.9 -c rmgpy/thermo/nasa.c -o build/temp.linux-x86_64-cpython-39/rmgpy/thermo/nasa.o
In file included from /home/alon/anaconda3/envs/rmg_env/lib/python3.9/site-packages/numpy/core/include/numpy/ndarraytypes.h:1929,
                 from /home/alon/anaconda3/envs/rmg_env/lib/python3.9/site-packages/numpy/core/include/numpy/ndarrayobject.h:12,
                 from /home/alon/anaconda3/envs/rmg_env/lib/python3.9/site-packages/numpy/core/include/numpy/arrayobject.h:5,
                 from rmgpy/thermo/nasa.c:1139:
/home/alon/anaconda3/envs/rmg_env/lib/python3.9/site-packages/numpy/core/include/numpy/npy_1_7_deprecated_api.h:17:2: warning: #warning "Using deprecated NumPy API, disable it with " "#define NPY_NO_DEPRECATED_API NPY_1_7_API_VERSION" [-Wcpp]
   17 | #warning "Using deprecated NumPy API, disable it with " \
      |  ^~~~~~~
gcc -pthread -B /home/alon/anaconda3/envs/rmg_env/compiler_compat -shared -Wl,--allow-shlib-undefined -Wl,-rpath,/home/alon/anaconda3/envs/rmg_env/lib -Wl,-rpath-link,/home/alon/anaconda3/envs/rmg_env/lib -L/home/alon/anaconda3/envs/rmg_env/lib -Wl,--allow-shlib-undefined -Wl,-rpath,/home/alon/anaconda3/envs/rmg_env/lib -Wl,-rpath-link,/home/alon/anaconda3/envs/rmg_env/lib -L/home/alon/anaconda3/envs/rmg_env/lib build/temp.linux-x86_64-cpython-39/rmgpy/thermo/nasa.o -o build/lib.linux-x86_64-cpython-39/rmgpy/thermo/nasa.cpython-39-x86_64-linux-gnu.so
building 'rmgpy.thermo.wilhoit' extension
gcc -pthread -B /home/alon/anaconda3/envs/rmg_env/compiler_compat -Wno-unused-result -Wsign-compare -DNDEBUG -fwrapv -O2 -Wall -fPIC -O2 -isystem /home/alon/anaconda3/envs/rmg_env/include -fPIC -O2 -isystem /home/alon/anaconda3/envs/rmg_env/include -fPIC -I/home/alon/anaconda3/envs/rmg_env/lib/python3.9/site-packages/numpy/core/include -I/home/alon/anaconda3/envs/rmg_env/include/python3.9 -c rmgpy/thermo/wilhoit.c -o build/temp.linux-x86_64-cpython-39/rmgpy/thermo/wilhoit.o
In file included from /home/alon/anaconda3/envs/rmg_env/lib/python3.9/site-packages/numpy/core/include/numpy/ndarraytypes.h:1929,
                 from /home/alon/anaconda3/envs/rmg_env/lib/python3.9/site-packages/numpy/core/include/numpy/ndarrayobject.h:12,
                 from /home/alon/anaconda3/envs/rmg_env/lib/python3.9/site-packages/numpy/core/include/numpy/arrayobject.h:5,
                 from rmgpy/thermo/wilhoit.c:1139:
/home/alon/anaconda3/envs/rmg_env/lib/python3.9/site-packages/numpy/core/include/numpy/npy_1_7_deprecated_api.h:17:2: warning: #warning "Using deprecated NumPy API, disable it with " "#define NPY_NO_DEPRECATED_API NPY_1_7_API_VERSION" [-Wcpp]
   17 | #warning "Using deprecated NumPy API, disable it with " \
      |  ^~~~~~~
gcc -pthread -B /home/alon/anaconda3/envs/rmg_env/compiler_compat -shared -Wl,--allow-shlib-undefined -Wl,-rpath,/home/alon/anaconda3/envs/rmg_env/lib -Wl,-rpath-link,/home/alon/anaconda3/envs/rmg_env/lib -L/home/alon/anaconda3/envs/rmg_env/lib -Wl,--allow-shlib-undefined -Wl,-rpath,/home/alon/anaconda3/envs/rmg_env/lib -Wl,-rpath-link,/home/alon/anaconda3/envs/rmg_env/lib -L/home/alon/anaconda3/envs/rmg_env/lib build/temp.linux-x86_64-cpython-39/rmgpy/thermo/wilhoit.o -o build/lib.linux-x86_64-cpython-39/rmgpy/thermo/wilhoit.cpython-39-x86_64-linux-gnu.so
building 'rmgpy.constants' extension
gcc -pthread -B /home/alon/anaconda3/envs/rmg_env/compiler_compat -Wno-unused-result -Wsign-compare -DNDEBUG -fwrapv -O2 -Wall -fPIC -O2 -isystem /home/alon/anaconda3/envs/rmg_env/include -fPIC -O2 -isystem /home/alon/anaconda3/envs/rmg_env/include -fPIC -I/home/alon/anaconda3/envs/rmg_env/lib/python3.9/site-packages/numpy/core/include -I/home/alon/anaconda3/envs/rmg_env/include/python3.9 -c rmgpy/constants.c -o build/temp.linux-x86_64-cpython-39/rmgpy/constants.o
gcc -pthread -B /home/alon/anaconda3/envs/rmg_env/compiler_compat -shared -Wl,--allow-shlib-undefined -Wl,-rpath,/home/alon/anaconda3/envs/rmg_env/lib -Wl,-rpath-link,/home/alon/anaconda3/envs/rmg_env/lib -L/home/alon/anaconda3/envs/rmg_env/lib -Wl,--allow-shlib-undefined -Wl,-rpath,/home/alon/anaconda3/envs/rmg_env/lib -Wl,-rpath-link,/home/alon/anaconda3/envs/rmg_env/lib -L/home/alon/anaconda3/envs/rmg_env/lib build/temp.linux-x86_64-cpython-39/rmgpy/constants.o -o build/lib.linux-x86_64-cpython-39/rmgpy/constants.cpython-39-x86_64-linux-gnu.so
building 'rmgpy.quantity' extension
gcc -pthread -B /home/alon/anaconda3/envs/rmg_env/compiler_compat -Wno-unused-result -Wsign-compare -DNDEBUG -fwrapv -O2 -Wall -fPIC -O2 -isystem /home/alon/anaconda3/envs/rmg_env/include -fPIC -O2 -isystem /home/alon/anaconda3/envs/rmg_env/include -fPIC -I/home/alon/anaconda3/envs/rmg_env/lib/python3.9/site-packages/numpy/core/include -I/home/alon/anaconda3/envs/rmg_env/include/python3.9 -c rmgpy/quantity.c -o build/temp.linux-x86_64-cpython-39/rmgpy/quantity.o
In file included from /home/alon/anaconda3/envs/rmg_env/lib/python3.9/site-packages/numpy/core/include/numpy/ndarraytypes.h:1929,
                 from /home/alon/anaconda3/envs/rmg_env/lib/python3.9/site-packages/numpy/core/include/numpy/ndarrayobject.h:12,
                 from /home/alon/anaconda3/envs/rmg_env/lib/python3.9/site-packages/numpy/core/include/numpy/arrayobject.h:5,
                 from rmgpy/quantity.c:1139:
/home/alon/anaconda3/envs/rmg_env/lib/python3.9/site-packages/numpy/core/include/numpy/npy_1_7_deprecated_api.h:17:2: warning: #warning "Using deprecated NumPy API, disable it with " "#define NPY_NO_DEPRECATED_API NPY_1_7_API_VERSION" [-Wcpp]
   17 | #warning "Using deprecated NumPy API, disable it with " \
      |  ^~~~~~~
gcc -pthread -B /home/alon/anaconda3/envs/rmg_env/compiler_compat -shared -Wl,--allow-shlib-undefined -Wl,-rpath,/home/alon/anaconda3/envs/rmg_env/lib -Wl,-rpath-link,/home/alon/anaconda3/envs/rmg_env/lib -L/home/alon/anaconda3/envs/rmg_env/lib -Wl,--allow-shlib-undefined -Wl,-rpath,/home/alon/anaconda3/envs/rmg_env/lib -Wl,-rpath-link,/home/alon/anaconda3/envs/rmg_env/lib -L/home/alon/anaconda3/envs/rmg_env/lib build/temp.linux-x86_64-cpython-39/rmgpy/quantity.o -o build/lib.linux-x86_64-cpython-39/rmgpy/quantity.cpython-39-x86_64-linux-gnu.so
building 'rmgpy.reaction' extension
gcc -pthread -B /home/alon/anaconda3/envs/rmg_env/compiler_compat -Wno-unused-result -Wsign-compare -DNDEBUG -fwrapv -O2 -Wall -fPIC -O2 -isystem /home/alon/anaconda3/envs/rmg_env/include -fPIC -O2 -isystem /home/alon/anaconda3/envs/rmg_env/include -fPIC -I/home/alon/anaconda3/envs/rmg_env/lib/python3.9/site-packages/numpy/core/include -I/home/alon/anaconda3/envs/rmg_env/include/python3.9 -c rmgpy/reaction.c -o build/temp.linux-x86_64-cpython-39/rmgpy/reaction.o
In file included from /home/alon/anaconda3/envs/rmg_env/lib/python3.9/site-packages/numpy/core/include/numpy/ndarraytypes.h:1929,
                 from /home/alon/anaconda3/envs/rmg_env/lib/python3.9/site-packages/numpy/core/include/numpy/ndarrayobject.h:12,
                 from /home/alon/anaconda3/envs/rmg_env/lib/python3.9/site-packages/numpy/core/include/numpy/arrayobject.h:5,
                 from rmgpy/reaction.c:1139:
/home/alon/anaconda3/envs/rmg_env/lib/python3.9/site-packages/numpy/core/include/numpy/npy_1_7_deprecated_api.h:17:2: warning: #warning "Using deprecated NumPy API, disable it with " "#define NPY_NO_DEPRECATED_API NPY_1_7_API_VERSION" [-Wcpp]
   17 | #warning "Using deprecated NumPy API, disable it with " \
      |  ^~~~~~~
rmgpy/reaction.c: In function ‘__pyx_f_5rmgpy_8reaction_8Reaction_generate_reverse_rate_coefficient’:
rmgpy/reaction.c:39109:35: warning: comparison of integer expressions of different signedness: ‘size_t’ {aka ‘long unsigned int’} and ‘Py_ssize_t’ {aka ‘long int’} [-Wsign-compare]
39109 |     for (__pyx_t_7 = 0; __pyx_t_7 < __pyx_t_11; __pyx_t_7+=1) {
      |                                   ^
gcc -pthread -B /home/alon/anaconda3/envs/rmg_env/compiler_compat -shared -Wl,--allow-shlib-undefined -Wl,-rpath,/home/alon/anaconda3/envs/rmg_env/lib -Wl,-rpath-link,/home/alon/anaconda3/envs/rmg_env/lib -L/home/alon/anaconda3/envs/rmg_env/lib -Wl,--allow-shlib-undefined -Wl,-rpath,/home/alon/anaconda3/envs/rmg_env/lib -Wl,-rpath-link,/home/alon/anaconda3/envs/rmg_env/lib -L/home/alon/anaconda3/envs/rmg_env/lib build/temp.linux-x86_64-cpython-39/rmgpy/reaction.o -o build/lib.linux-x86_64-cpython-39/rmgpy/reaction.cpython-39-x86_64-linux-gnu.so
building 'rmgpy.species' extension
gcc -pthread -B /home/alon/anaconda3/envs/rmg_env/compiler_compat -Wno-unused-result -Wsign-compare -DNDEBUG -fwrapv -O2 -Wall -fPIC -O2 -isystem /home/alon/anaconda3/envs/rmg_env/include -fPIC -O2 -isystem /home/alon/anaconda3/envs/rmg_env/include -fPIC -I/home/alon/anaconda3/envs/rmg_env/lib/python3.9/site-packages/numpy/core/include -I/home/alon/anaconda3/envs/rmg_env/include/python3.9 -c rmgpy/species.c -o build/temp.linux-x86_64-cpython-39/rmgpy/species.o
In file included from /home/alon/anaconda3/envs/rmg_env/lib/python3.9/site-packages/numpy/core/include/numpy/ndarraytypes.h:1929,
                 from /home/alon/anaconda3/envs/rmg_env/lib/python3.9/site-packages/numpy/core/include/numpy/ndarrayobject.h:12,
                 from /home/alon/anaconda3/envs/rmg_env/lib/python3.9/site-packages/numpy/core/include/numpy/arrayobject.h:5,
                 from rmgpy/species.c:1139:
/home/alon/anaconda3/envs/rmg_env/lib/python3.9/site-packages/numpy/core/include/numpy/npy_1_7_deprecated_api.h:17:2: warning: #warning "Using deprecated NumPy API, disable it with " "#define NPY_NO_DEPRECATED_API NPY_1_7_API_VERSION" [-Wcpp]
   17 | #warning "Using deprecated NumPy API, disable it with " \
      |  ^~~~~~~
gcc -pthread -B /home/alon/anaconda3/envs/rmg_env/compiler_compat -shared -Wl,--allow-shlib-undefined -Wl,-rpath,/home/alon/anaconda3/envs/rmg_env/lib -Wl,-rpath-link,/home/alon/anaconda3/envs/rmg_env/lib -L/home/alon/anaconda3/envs/rmg_env/lib -Wl,--allow-shlib-undefined -Wl,-rpath,/home/alon/anaconda3/envs/rmg_env/lib -Wl,-rpath-link,/home/alon/anaconda3/envs/rmg_env/lib -L/home/alon/anaconda3/envs/rmg_env/lib build/temp.linux-x86_64-cpython-39/rmgpy/species.o -o build/lib.linux-x86_64-cpython-39/rmgpy/species.cpython-39-x86_64-linux-gnu.so
building 'rmgpy.chemkin' extension
gcc -pthread -B /home/alon/anaconda3/envs/rmg_env/compiler_compat -Wno-unused-result -Wsign-compare -DNDEBUG -fwrapv -O2 -Wall -fPIC -O2 -isystem /home/alon/anaconda3/envs/rmg_env/include -fPIC -O2 -isystem /home/alon/anaconda3/envs/rmg_env/include -fPIC -I/home/alon/anaconda3/envs/rmg_env/lib/python3.9/site-packages/numpy/core/include -I/home/alon/anaconda3/envs/rmg_env/include/python3.9 -c rmgpy/chemkin.c -o build/temp.linux-x86_64-cpython-39/rmgpy/chemkin.o
In file included from /home/alon/anaconda3/envs/rmg_env/lib/python3.9/site-packages/numpy/core/include/numpy/ndarraytypes.h:1929,
                 from /home/alon/anaconda3/envs/rmg_env/lib/python3.9/site-packages/numpy/core/include/numpy/ndarrayobject.h:12,
                 from /home/alon/anaconda3/envs/rmg_env/lib/python3.9/site-packages/numpy/core/include/numpy/arrayobject.h:5,
                 from rmgpy/chemkin.c:1139:
/home/alon/anaconda3/envs/rmg_env/lib/python3.9/site-packages/numpy/core/include/numpy/npy_1_7_deprecated_api.h:17:2: warning: #warning "Using deprecated NumPy API, disable it with " "#define NPY_NO_DEPRECATED_API NPY_1_7_API_VERSION" [-Wcpp]
   17 | #warning "Using deprecated NumPy API, disable it with " \
      |  ^~~~~~~
gcc -pthread -B /home/alon/anaconda3/envs/rmg_env/compiler_compat -shared -Wl,--allow-shlib-undefined -Wl,-rpath,/home/alon/anaconda3/envs/rmg_env/lib -Wl,-rpath-link,/home/alon/anaconda3/envs/rmg_env/lib -L/home/alon/anaconda3/envs/rmg_env/lib -Wl,--allow-shlib-undefined -Wl,-rpath,/home/alon/anaconda3/envs/rmg_env/lib -Wl,-rpath-link,/home/alon/anaconda3/envs/rmg_env/lib -L/home/alon/anaconda3/envs/rmg_env/lib build/temp.linux-x86_64-cpython-39/rmgpy/chemkin.o -o build/lib.linux-x86_64-cpython-39/rmgpy/chemkin.cpython-39-x86_64-linux-gnu.so
building 'rmgpy.solver.base' extension
creating build/temp.linux-x86_64-cpython-39/rmgpy/solver
gcc -pthread -B /home/alon/anaconda3/envs/rmg_env/compiler_compat -Wno-unused-result -Wsign-compare -DNDEBUG -fwrapv -O2 -Wall -fPIC -O2 -isystem /home/alon/anaconda3/envs/rmg_env/include -fPIC -O2 -isystem /home/alon/anaconda3/envs/rmg_env/include -fPIC -I/home/alon/anaconda3/envs/rmg_env/lib/python3.9/site-packages/numpy/core/include -I/home/alon/anaconda3/envs/rmg_env/include/python3.9 -c rmgpy/solver/base.c -o build/temp.linux-x86_64-cpython-39/rmgpy/solver/base.o
In file included from /home/alon/anaconda3/envs/rmg_env/lib/python3.9/site-packages/numpy/core/include/numpy/ndarraytypes.h:1929,
                 from /home/alon/anaconda3/envs/rmg_env/lib/python3.9/site-packages/numpy/core/include/numpy/ndarrayobject.h:12,
                 from /home/alon/anaconda3/envs/rmg_env/lib/python3.9/site-packages/numpy/core/include/numpy/arrayobject.h:5,
                 from rmgpy/solver/base.c:1139:
/home/alon/anaconda3/envs/rmg_env/lib/python3.9/site-packages/numpy/core/include/numpy/npy_1_7_deprecated_api.h:17:2: warning: #warning "Using deprecated NumPy API, disable it with " "#define NPY_NO_DEPRECATED_API NPY_1_7_API_VERSION" [-Wcpp]
   17 | #warning "Using deprecated NumPy API, disable it with " \
      |  ^~~~~~~
rmgpy/solver/base.c: In function ‘__pyx_f_5rmgpy_6solver_4base_14ReactionSystem_simulate’:
rmgpy/solver/base.c:19887:24: warning: ‘__pyx_v_RTP’ may be used uninitialized [-Wmaybe-uninitialized]
19887 |           __pyx_t_19 = PyFloat_FromDouble(__pyx_v_RTP); if (unlikely(!__pyx_t_19)) __PYX_ERR(0, 856, __pyx_L1_error)
      |                        ^~~~~~~~~~~~~~~~~~~~~~~~~~~~~~~
rmgpy/solver/base.c:16248:10: note: ‘__pyx_v_RTP’ was declared here
16248 |   double __pyx_v_RTP;
      |          ^~~~~~~~~~~
rmgpy/solver/base.c:19993:40: warning: ‘__pyx_pybuffernd_sens_species_indices.diminfo[0].shape’ may be used uninitialized [-Wmaybe-uninitialized]
19993 |         if (__pyx_t_24 < 0) __pyx_t_24 += __pyx_pybuffernd_sens_species_indices.diminfo[0].shape;
      |                             ~~~~~~~~~~~^~~~~~~~~~~~~~~~~~~~~~~~~~~~~~~~~~~~~~~~~~~~~~~~~~~~~~~~~
rmgpy/solver/base.c:16392:21: note: ‘__pyx_pybuffernd_sens_species_indices.diminfo[0].shape’ was declared here
16392 |   __Pyx_LocalBuf_ND __pyx_pybuffernd_sens_species_indices;
      |                     ^~~~~~~~~~~~~~~~~~~~~~~~~~~~~~~~~~~~~
rmgpy/solver/base.c:2974:73: warning: ‘__pyx_pybuffernd_sens_species_indices.diminfo[0].strides’ may be used uninitialized [-Wmaybe-uninitialized]
 2974 | #define __Pyx_BufPtrStrided1d(type, buf, i0, s0) (type)((char*)buf + i0 * s0)
      |                                                                         ^
rmgpy/solver/base.c:19994:24: note: in expansion of macro ‘__Pyx_BufPtrStrided1d’
19994 |         __pyx_t_40 = (*__Pyx_BufPtrStrided1d(__pyx_t_5numpy_int_t *, __pyx_pybuffernd_sens_species_indices.rcbuffer->pybuffer.buf, __pyx_t_24, __pyx_pybuffernd_sens_species_indices.diminfo[0].strides));
      |                        ^~~~~~~~~~~~~~~~~~~~~
rmgpy/solver/base.c:16392:21: note: ‘__pyx_pybuffernd_sens_species_indices.diminfo[0].strides’ was declared here
16392 |   __Pyx_LocalBuf_ND __pyx_pybuffernd_sens_species_indices;
      |                     ^~~~~~~~~~~~~~~~~~~~~~~~~~~~~~~~~~~~~
creating build/lib.linux-x86_64-cpython-39/rmgpy/solver
gcc -pthread -B /home/alon/anaconda3/envs/rmg_env/compiler_compat -shared -Wl,--allow-shlib-undefined -Wl,-rpath,/home/alon/anaconda3/envs/rmg_env/lib -Wl,-rpath-link,/home/alon/anaconda3/envs/rmg_env/lib -L/home/alon/anaconda3/envs/rmg_env/lib -Wl,--allow-shlib-undefined -Wl,-rpath,/home/alon/anaconda3/envs/rmg_env/lib -Wl,-rpath-link,/home/alon/anaconda3/envs/rmg_env/lib -L/home/alon/anaconda3/envs/rmg_env/lib build/temp.linux-x86_64-cpython-39/rmgpy/solver/base.o -o build/lib.linux-x86_64-cpython-39/rmgpy/solver/base.cpython-39-x86_64-linux-gnu.so
building 'rmgpy.solver.simple' extension
gcc -pthread -B /home/alon/anaconda3/envs/rmg_env/compiler_compat -Wno-unused-result -Wsign-compare -DNDEBUG -fwrapv -O2 -Wall -fPIC -O2 -isystem /home/alon/anaconda3/envs/rmg_env/include -fPIC -O2 -isystem /home/alon/anaconda3/envs/rmg_env/include -fPIC -I/home/alon/anaconda3/envs/rmg_env/lib/python3.9/site-packages/numpy/core/include -I/home/alon/anaconda3/envs/rmg_env/include/python3.9 -c rmgpy/solver/simple.c -o build/temp.linux-x86_64-cpython-39/rmgpy/solver/simple.o
In file included from /home/alon/anaconda3/envs/rmg_env/lib/python3.9/site-packages/numpy/core/include/numpy/ndarraytypes.h:1929,
                 from /home/alon/anaconda3/envs/rmg_env/lib/python3.9/site-packages/numpy/core/include/numpy/ndarrayobject.h:12,
                 from /home/alon/anaconda3/envs/rmg_env/lib/python3.9/site-packages/numpy/core/include/numpy/arrayobject.h:5,
                 from rmgpy/solver/simple.c:1139:
/home/alon/anaconda3/envs/rmg_env/lib/python3.9/site-packages/numpy/core/include/numpy/npy_1_7_deprecated_api.h:17:2: warning: #warning "Using deprecated NumPy API, disable it with " "#define NPY_NO_DEPRECATED_API NPY_1_7_API_VERSION" [-Wcpp]
   17 | #warning "Using deprecated NumPy API, disable it with " \
      |  ^~~~~~~
rmgpy/solver/simple.c: In function ‘__pyx_pf_5rmgpy_6solver_6simple_13SimpleReactor_20residual’:
rmgpy/solver/simple.c:11392:12: warning: ‘__pyx_v_j’ may be used uninitialized [-Wmaybe-uninitialized]
11392 |         if (__pyx_t_21 < 0) __pyx_t_21 += __pyx_pybuffernd_kf.diminfo[0].shape;
      |            ^
rmgpy/solver/simple.c:10328:14: note: ‘__pyx_v_j’ was declared here
10328 |   Py_ssize_t __pyx_v_j;
      |              ^~~~~~~~~
gcc -pthread -B /home/alon/anaconda3/envs/rmg_env/compiler_compat -shared -Wl,--allow-shlib-undefined -Wl,-rpath,/home/alon/anaconda3/envs/rmg_env/lib -Wl,-rpath-link,/home/alon/anaconda3/envs/rmg_env/lib -L/home/alon/anaconda3/envs/rmg_env/lib -Wl,--allow-shlib-undefined -Wl,-rpath,/home/alon/anaconda3/envs/rmg_env/lib -Wl,-rpath-link,/home/alon/anaconda3/envs/rmg_env/lib -L/home/alon/anaconda3/envs/rmg_env/lib build/temp.linux-x86_64-cpython-39/rmgpy/solver/simple.o -o build/lib.linux-x86_64-cpython-39/rmgpy/solver/simple.cpython-39-x86_64-linux-gnu.so
building 'rmgpy.solver.liquid' extension
gcc -pthread -B /home/alon/anaconda3/envs/rmg_env/compiler_compat -Wno-unused-result -Wsign-compare -DNDEBUG -fwrapv -O2 -Wall -fPIC -O2 -isystem /home/alon/anaconda3/envs/rmg_env/include -fPIC -O2 -isystem /home/alon/anaconda3/envs/rmg_env/include -fPIC -I/home/alon/anaconda3/envs/rmg_env/lib/python3.9/site-packages/numpy/core/include -I/home/alon/anaconda3/envs/rmg_env/include/python3.9 -c rmgpy/solver/liquid.c -o build/temp.linux-x86_64-cpython-39/rmgpy/solver/liquid.o
In file included from /home/alon/anaconda3/envs/rmg_env/lib/python3.9/site-packages/numpy/core/include/numpy/ndarraytypes.h:1929,
                 from /home/alon/anaconda3/envs/rmg_env/lib/python3.9/site-packages/numpy/core/include/numpy/ndarrayobject.h:12,
                 from /home/alon/anaconda3/envs/rmg_env/lib/python3.9/site-packages/numpy/core/include/numpy/arrayobject.h:5,
                 from rmgpy/solver/liquid.c:1139:
/home/alon/anaconda3/envs/rmg_env/lib/python3.9/site-packages/numpy/core/include/numpy/npy_1_7_deprecated_api.h:17:2: warning: #warning "Using deprecated NumPy API, disable it with " "#define NPY_NO_DEPRECATED_API NPY_1_7_API_VERSION" [-Wcpp]
   17 | #warning "Using deprecated NumPy API, disable it with " \
      |  ^~~~~~~
gcc -pthread -B /home/alon/anaconda3/envs/rmg_env/compiler_compat -shared -Wl,--allow-shlib-undefined -Wl,-rpath,/home/alon/anaconda3/envs/rmg_env/lib -Wl,-rpath-link,/home/alon/anaconda3/envs/rmg_env/lib -L/home/alon/anaconda3/envs/rmg_env/lib -Wl,--allow-shlib-undefined -Wl,-rpath,/home/alon/anaconda3/envs/rmg_env/lib -Wl,-rpath-link,/home/alon/anaconda3/envs/rmg_env/lib -L/home/alon/anaconda3/envs/rmg_env/lib build/temp.linux-x86_64-cpython-39/rmgpy/solver/liquid.o -o build/lib.linux-x86_64-cpython-39/rmgpy/solver/liquid.cpython-39-x86_64-linux-gnu.so
building 'rmgpy.solver.mbSampled' extension
gcc -pthread -B /home/alon/anaconda3/envs/rmg_env/compiler_compat -Wno-unused-result -Wsign-compare -DNDEBUG -fwrapv -O2 -Wall -fPIC -O2 -isystem /home/alon/anaconda3/envs/rmg_env/include -fPIC -O2 -isystem /home/alon/anaconda3/envs/rmg_env/include -fPIC -I/home/alon/anaconda3/envs/rmg_env/lib/python3.9/site-packages/numpy/core/include -I/home/alon/anaconda3/envs/rmg_env/include/python3.9 -c rmgpy/solver/mbSampled.c -o build/temp.linux-x86_64-cpython-39/rmgpy/solver/mbSampled.o
In file included from /home/alon/anaconda3/envs/rmg_env/lib/python3.9/site-packages/numpy/core/include/numpy/ndarraytypes.h:1929,
                 from /home/alon/anaconda3/envs/rmg_env/lib/python3.9/site-packages/numpy/core/include/numpy/ndarrayobject.h:12,
                 from /home/alon/anaconda3/envs/rmg_env/lib/python3.9/site-packages/numpy/core/include/numpy/arrayobject.h:5,
                 from rmgpy/solver/mbSampled.c:1139:
/home/alon/anaconda3/envs/rmg_env/lib/python3.9/site-packages/numpy/core/include/numpy/npy_1_7_deprecated_api.h:17:2: warning: #warning "Using deprecated NumPy API, disable it with " "#define NPY_NO_DEPRECATED_API NPY_1_7_API_VERSION" [-Wcpp]
   17 | #warning "Using deprecated NumPy API, disable it with " \
      |  ^~~~~~~
gcc -pthread -B /home/alon/anaconda3/envs/rmg_env/compiler_compat -shared -Wl,--allow-shlib-undefined -Wl,-rpath,/home/alon/anaconda3/envs/rmg_env/lib -Wl,-rpath-link,/home/alon/anaconda3/envs/rmg_env/lib -L/home/alon/anaconda3/envs/rmg_env/lib -Wl,--allow-shlib-undefined -Wl,-rpath,/home/alon/anaconda3/envs/rmg_env/lib -Wl,-rpath-link,/home/alon/anaconda3/envs/rmg_env/lib -L/home/alon/anaconda3/envs/rmg_env/lib build/temp.linux-x86_64-cpython-39/rmgpy/solver/mbSampled.o -o build/lib.linux-x86_64-cpython-39/rmgpy/solver/mbSampled.cpython-39-x86_64-linux-gnu.so
building 'rmgpy.solver.surface' extension
gcc -pthread -B /home/alon/anaconda3/envs/rmg_env/compiler_compat -Wno-unused-result -Wsign-compare -DNDEBUG -fwrapv -O2 -Wall -fPIC -O2 -isystem /home/alon/anaconda3/envs/rmg_env/include -fPIC -O2 -isystem /home/alon/anaconda3/envs/rmg_env/include -fPIC -I/home/alon/anaconda3/envs/rmg_env/lib/python3.9/site-packages/numpy/core/include -I/home/alon/anaconda3/envs/rmg_env/include/python3.9 -c rmgpy/solver/surface.c -o build/temp.linux-x86_64-cpython-39/rmgpy/solver/surface.o
In file included from /home/alon/anaconda3/envs/rmg_env/lib/python3.9/site-packages/numpy/core/include/numpy/ndarraytypes.h:1929,
                 from /home/alon/anaconda3/envs/rmg_env/lib/python3.9/site-packages/numpy/core/include/numpy/ndarrayobject.h:12,
                 from /home/alon/anaconda3/envs/rmg_env/lib/python3.9/site-packages/numpy/core/include/numpy/arrayobject.h:5,
                 from rmgpy/solver/surface.c:1139:
/home/alon/anaconda3/envs/rmg_env/lib/python3.9/site-packages/numpy/core/include/numpy/npy_1_7_deprecated_api.h:17:2: warning: #warning "Using deprecated NumPy API, disable it with " "#define NPY_NO_DEPRECATED_API NPY_1_7_API_VERSION" [-Wcpp]
   17 | #warning "Using deprecated NumPy API, disable it with " \
      |  ^~~~~~~
rmgpy/solver/surface.c: In function ‘__pyx_pf_5rmgpy_6solver_7surface_14SurfaceReactor_18residual’:
rmgpy/solver/surface.c:2842:73: warning: ‘__pyx_pybuffernd_coverages.diminfo[0].strides’ may be used uninitialized [-Wmaybe-uninitialized]
 2842 | #define __Pyx_BufPtrStrided1d(type, buf, i0, s0) (type)((char*)buf + i0 * s0)
      |                                                                         ^
rmgpy/solver/surface.c:14908:41: note: in expansion of macro ‘__Pyx_BufPtrStrided1d’
14908 |       __pyx_v_surface_site_fraction = (*__Pyx_BufPtrStrided1d(__pyx_t_5numpy_float64_t *, __pyx_pybuffernd_coverages.rcbuffer->pybuffer.buf, __pyx_t_14, __pyx_pybuffernd_coverages.diminfo[0].strides));
      |                                         ^~~~~~~~~~~~~~~~~~~~~
rmgpy/solver/surface.c:13549:21: note: ‘__pyx_pybuffernd_coverages.diminfo[0].strides’ was declared here
13549 |   __Pyx_LocalBuf_ND __pyx_pybuffernd_coverages;
      |                     ^~~~~~~~~~~~~~~~~~~~~~~~~~
rmgpy/solver/surface.c:14907:38: warning: ‘__pyx_pybuffernd_coverages.diminfo[0].shape’ may be used uninitialized [-Wmaybe-uninitialized]
14907 |       if (__pyx_t_14 < 0) __pyx_t_14 += __pyx_pybuffernd_coverages.diminfo[0].shape;
      |                           ~~~~~~~~~~~^~~~~~~~~~~~~~~~~~~~~~~~~~~~~~~~~~~~~~~~~~~~~~
rmgpy/solver/surface.c:13549:21: note: ‘__pyx_pybuffernd_coverages.diminfo[0].shape’ was declared here
13549 |   __Pyx_LocalBuf_ND __pyx_pybuffernd_coverages;
      |                     ^~~~~~~~~~~~~~~~~~~~~~~~~~
gcc -pthread -B /home/alon/anaconda3/envs/rmg_env/compiler_compat -shared -Wl,--allow-shlib-undefined -Wl,-rpath,/home/alon/anaconda3/envs/rmg_env/lib -Wl,-rpath-link,/home/alon/anaconda3/envs/rmg_env/lib -L/home/alon/anaconda3/envs/rmg_env/lib -Wl,--allow-shlib-undefined -Wl,-rpath,/home/alon/anaconda3/envs/rmg_env/lib -Wl,-rpath-link,/home/alon/anaconda3/envs/rmg_env/lib -L/home/alon/anaconda3/envs/rmg_env/lib build/temp.linux-x86_64-cpython-39/rmgpy/solver/surface.o -o build/lib.linux-x86_64-cpython-39/rmgpy/solver/surface.cpython-39-x86_64-linux-gnu.so
building 'rmgpy.solver.plasma' extension
gcc -pthread -B /home/alon/anaconda3/envs/rmg_env/compiler_compat -Wno-unused-result -Wsign-compare -DNDEBUG -fwrapv -O2 -Wall -fPIC -O2 -isystem /home/alon/anaconda3/envs/rmg_env/include -fPIC -O2 -isystem /home/alon/anaconda3/envs/rmg_env/include -fPIC -I/home/alon/anaconda3/envs/rmg_env/lib/python3.9/site-packages/numpy/core/include -I/home/alon/anaconda3/envs/rmg_env/include/python3.9 -c rmgpy/solver/plasma.c -o build/temp.linux-x86_64-cpython-39/rmgpy/solver/plasma.o
In file included from /home/alon/anaconda3/envs/rmg_env/lib/python3.9/site-packages/numpy/core/include/numpy/ndarraytypes.h:1929,
                 from /home/alon/anaconda3/envs/rmg_env/lib/python3.9/site-packages/numpy/core/include/numpy/ndarrayobject.h:12,
                 from /home/alon/anaconda3/envs/rmg_env/lib/python3.9/site-packages/numpy/core/include/numpy/arrayobject.h:5,
                 from rmgpy/solver/plasma.c:1139:
/home/alon/anaconda3/envs/rmg_env/lib/python3.9/site-packages/numpy/core/include/numpy/npy_1_7_deprecated_api.h:17:2: warning: #warning "Using deprecated NumPy API, disable it with " "#define NPY_NO_DEPRECATED_API NPY_1_7_API_VERSION" [-Wcpp]
   17 | #warning "Using deprecated NumPy API, disable it with " \
      |  ^~~~~~~
gcc -pthread -B /home/alon/anaconda3/envs/rmg_env/compiler_compat -shared -Wl,--allow-shlib-undefined -Wl,-rpath,/home/alon/anaconda3/envs/rmg_env/lib -Wl,-rpath-link,/home/alon/anaconda3/envs/rmg_env/lib -L/home/alon/anaconda3/envs/rmg_env/lib -Wl,--allow-shlib-undefined -Wl,-rpath,/home/alon/anaconda3/envs/rmg_env/lib -Wl,-rpath-link,/home/alon/anaconda3/envs/rmg_env/lib -L/home/alon/anaconda3/envs/rmg_env/lib build/temp.linux-x86_64-cpython-39/rmgpy/solver/plasma.o -o build/lib.linux-x86_64-cpython-39/rmgpy/solver/plasma.cpython-39-x86_64-linux-gnu.so
copying build/lib.linux-x86_64-cpython-39/rmgpy/rmgobject.cpython-39-x86_64-linux-gnu.so -> rmgpy
copying build/lib.linux-x86_64-cpython-39/rmgpy/kinetics/arrhenius.cpython-39-x86_64-linux-gnu.so -> rmgpy/kinetics
copying build/lib.linux-x86_64-cpython-39/rmgpy/kinetics/chebyshev.cpython-39-x86_64-linux-gnu.so -> rmgpy/kinetics
copying build/lib.linux-x86_64-cpython-39/rmgpy/kinetics/kineticsdata.cpython-39-x86_64-linux-gnu.so -> rmgpy/kinetics
copying build/lib.linux-x86_64-cpython-39/rmgpy/kinetics/falloff.cpython-39-x86_64-linux-gnu.so -> rmgpy/kinetics
copying build/lib.linux-x86_64-cpython-39/rmgpy/kinetics/model.cpython-39-x86_64-linux-gnu.so -> rmgpy/kinetics
copying build/lib.linux-x86_64-cpython-39/rmgpy/kinetics/tunneling.cpython-39-x86_64-linux-gnu.so -> rmgpy/kinetics
copying build/lib.linux-x86_64-cpython-39/rmgpy/kinetics/surface.cpython-39-x86_64-linux-gnu.so -> rmgpy/kinetics
copying build/lib.linux-x86_64-cpython-39/rmgpy/kinetics/uncertainties.cpython-39-x86_64-linux-gnu.so -> rmgpy/kinetics
copying build/lib.linux-x86_64-cpython-39/rmgpy/molecule/atomtype.cpython-39-x86_64-linux-gnu.so -> rmgpy/molecule
copying build/lib.linux-x86_64-cpython-39/rmgpy/molecule/element.cpython-39-x86_64-linux-gnu.so -> rmgpy/molecule
copying build/lib.linux-x86_64-cpython-39/rmgpy/molecule/graph.cpython-39-x86_64-linux-gnu.so -> rmgpy/molecule
copying build/lib.linux-x86_64-cpython-39/rmgpy/molecule/group.cpython-39-x86_64-linux-gnu.so -> rmgpy/molecule
copying build/lib.linux-x86_64-cpython-39/rmgpy/molecule/molecule.cpython-39-x86_64-linux-gnu.so -> rmgpy/molecule
copying build/lib.linux-x86_64-cpython-39/rmgpy/molecule/symmetry.cpython-39-x86_64-linux-gnu.so -> rmgpy/molecule
copying build/lib.linux-x86_64-cpython-39/rmgpy/molecule/vf2.cpython-39-x86_64-linux-gnu.so -> rmgpy/molecule
copying build/lib.linux-x86_64-cpython-39/rmgpy/molecule/converter.cpython-39-x86_64-linux-gnu.so -> rmgpy/molecule
copying build/lib.linux-x86_64-cpython-39/rmgpy/molecule/translator.cpython-39-x86_64-linux-gnu.so -> rmgpy/molecule
copying build/lib.linux-x86_64-cpython-39/rmgpy/molecule/util.cpython-39-x86_64-linux-gnu.so -> rmgpy/molecule
copying build/lib.linux-x86_64-cpython-39/rmgpy/molecule/inchi.cpython-39-x86_64-linux-gnu.so -> rmgpy/molecule
copying build/lib.linux-x86_64-cpython-39/rmgpy/molecule/resonance.cpython-39-x86_64-linux-gnu.so -> rmgpy/molecule
copying build/lib.linux-x86_64-cpython-39/rmgpy/molecule/pathfinder.cpython-39-x86_64-linux-gnu.so -> rmgpy/molecule
copying build/lib.linux-x86_64-cpython-39/rmgpy/molecule/kekulize.cpython-39-x86_64-linux-gnu.so -> rmgpy/molecule
copying build/lib.linux-x86_64-cpython-39/rmgpy/pdep/collision.cpython-39-x86_64-linux-gnu.so -> rmgpy/pdep
copying build/lib.linux-x86_64-cpython-39/rmgpy/pdep/configuration.cpython-39-x86_64-linux-gnu.so -> rmgpy/pdep
copying build/lib.linux-x86_64-cpython-39/rmgpy/pdep/me.cpython-39-x86_64-linux-gnu.so -> rmgpy/pdep
copying build/lib.linux-x86_64-cpython-39/rmgpy/pdep/msc.cpython-39-x86_64-linux-gnu.so -> rmgpy/pdep
copying build/lib.linux-x86_64-cpython-39/rmgpy/pdep/reaction.cpython-39-x86_64-linux-gnu.so -> rmgpy/pdep
copying build/lib.linux-x86_64-cpython-39/rmgpy/pdep/rs.cpython-39-x86_64-linux-gnu.so -> rmgpy/pdep
copying build/lib.linux-x86_64-cpython-39/rmgpy/pdep/cse.cpython-39-x86_64-linux-gnu.so -> rmgpy/pdep
copying build/lib.linux-x86_64-cpython-39/rmgpy/statmech/conformer.cpython-39-x86_64-linux-gnu.so -> rmgpy/statmech
copying build/lib.linux-x86_64-cpython-39/rmgpy/statmech/mode.cpython-39-x86_64-linux-gnu.so -> rmgpy/statmech
copying build/lib.linux-x86_64-cpython-39/rmgpy/statmech/rotation.cpython-39-x86_64-linux-gnu.so -> rmgpy/statmech
copying build/lib.linux-x86_64-cpython-39/rmgpy/statmech/schrodinger.cpython-39-x86_64-linux-gnu.so -> rmgpy/statmech
copying build/lib.linux-x86_64-cpython-39/rmgpy/statmech/torsion.cpython-39-x86_64-linux-gnu.so -> rmgpy/statmech
copying build/lib.linux-x86_64-cpython-39/rmgpy/statmech/translation.cpython-39-x86_64-linux-gnu.so -> rmgpy/statmech
copying build/lib.linux-x86_64-cpython-39/rmgpy/statmech/vibration.cpython-39-x86_64-linux-gnu.so -> rmgpy/statmech
copying build/lib.linux-x86_64-cpython-39/rmgpy/thermo/thermodata.cpython-39-x86_64-linux-gnu.so -> rmgpy/thermo
copying build/lib.linux-x86_64-cpython-39/rmgpy/thermo/model.cpython-39-x86_64-linux-gnu.so -> rmgpy/thermo
copying build/lib.linux-x86_64-cpython-39/rmgpy/thermo/nasa.cpython-39-x86_64-linux-gnu.so -> rmgpy/thermo
copying build/lib.linux-x86_64-cpython-39/rmgpy/thermo/wilhoit.cpython-39-x86_64-linux-gnu.so -> rmgpy/thermo
copying build/lib.linux-x86_64-cpython-39/rmgpy/constants.cpython-39-x86_64-linux-gnu.so -> rmgpy
copying build/lib.linux-x86_64-cpython-39/rmgpy/quantity.cpython-39-x86_64-linux-gnu.so -> rmgpy
copying build/lib.linux-x86_64-cpython-39/rmgpy/reaction.cpython-39-x86_64-linux-gnu.so -> rmgpy
copying build/lib.linux-x86_64-cpython-39/rmgpy/species.cpython-39-x86_64-linux-gnu.so -> rmgpy
copying build/lib.linux-x86_64-cpython-39/rmgpy/chemkin.cpython-39-x86_64-linux-gnu.so -> rmgpy
copying build/lib.linux-x86_64-cpython-39/rmgpy/solver/base.cpython-39-x86_64-linux-gnu.so -> rmgpy/solver
copying build/lib.linux-x86_64-cpython-39/rmgpy/solver/simple.cpython-39-x86_64-linux-gnu.so -> rmgpy/solver
copying build/lib.linux-x86_64-cpython-39/rmgpy/solver/liquid.cpython-39-x86_64-linux-gnu.so -> rmgpy/solver
copying build/lib.linux-x86_64-cpython-39/rmgpy/solver/mbSampled.cpython-39-x86_64-linux-gnu.so -> rmgpy/solver
copying build/lib.linux-x86_64-cpython-39/rmgpy/solver/surface.cpython-39-x86_64-linux-gnu.so -> rmgpy/solver
copying build/lib.linux-x86_64-cpython-39/rmgpy/solver/plasma.cpython-39-x86_64-linux-gnu.so -> rmgpy/solver
