============================= test session starts ==============================
platform linux -- Python 3.9.23, pytest-8.4.1, pluggy-1.6.0 -- /home/alon/anaconda3/envs/rmg_env/bin/python
cachedir: .pytest_cache
rootdir: /home/alon/Code/RMG-Py-i244-chemkin-duplicate-electron-aware
configfile: pytest.ini
plugins: check-2.5.3, cov-6.2.1, anyio-4.10.0
collecting ... collected 390 items

test/rmgpy/rmg/inputTest.py::TestInputDatabase::test_importing_database_reaction_libraries_from_string PASSED
test/rmgpy/rmg/inputTest.py::TestInputDatabase::test_importing_database_reaction_libraries_from_false_tuple PASSED
test/rmgpy/rmg/inputTest.py::TestInputDatabase::test_importing_database_reaction_libraries_from_true_tuple PASSED
test/rmgpy/rmg/inputTest.py::TestInputDatabaseAutoSelection::test_thermo_auto_string PASSED
test/rmgpy/rmg/inputTest.py::TestInputDatabaseAutoSelection::test_thermo_auto_in_list PASSED
test/rmgpy/rmg/inputTest.py::TestInputDatabaseAutoSelection::test_thermo_pah_libs_in_list PASSED
test/rmgpy/rmg/inputTest.py::TestInputDatabaseAutoSelection::test_transport_auto_string PASSED
test/rmgpy/rmg/inputTest.py::TestInputDatabaseAutoSelection::test_reaction_libraries_auto_string PASSED
test/rmgpy/rmg/inputTest.py::TestInputDatabaseAutoSelection::test_reaction_libraries_auto_in_list PASSED
test/rmgpy/rmg/inputTest.py::TestInputDatabaseAutoSelection::test_reaction_libraries_mixed_auto_and_tuple PASSED
test/rmgpy/rmg/inputTest.py::TestInputDatabaseAutoSelection::test_seed_mechanisms_auto PASSED
test/rmgpy/rmg/inputTest.py::TestInputDatabaseAutoSelection::test_kinetics_families_auto PASSED
test/rmgpy/rmg/inputTest.py::TestInputDatabaseAutoSelection::test_kinetics_families_auto_with_exclusion PASSED
test/rmgpy/rmg/inputTest.py::TestInputDatabaseAutoSelection::test_default_no_auto PASSED
test/rmgpy/rmg/inputTest.py::TestInputDatabaseAutoSelection::test_pah_libs_standalone_thermo_raises PASSED
test/rmgpy/rmg/inputTest.py::TestInputDatabaseAutoSelection::test_pah_libs_standalone_reaction_raises PASSED
test/rmgpy/rmg/inputTest.py::TestInputDatabaseAutoSelection::test_pah_libs_standalone_transport_raises PASSED
test/rmgpy/rmg/inputTest.py::TestInputDatabaseAutoSelection::test_pah_libs_standalone_seeds_raises PASSED
test/rmgpy/rmg/inputTest.py::TestInputDatabaseAutoSelection::test_pah_libs_tuple_in_reaction_libs_raises PASSED
test/rmgpy/rmg/inputTest.py::TestInputMLEstimator::test_ml_estimator SKIPPED
test/rmgpy/rmg/inputTest.py::TestInputThermoCentralDatabase::test_thermo_central_database PASSED
test/rmgpy/rmg/inputTest.py::TestInputReactors::test_simple_reactor_mole_fractions PASSED
test/rmgpy/rmg/inputTest.py::TestInputReactors::test_simple_reactor_mole_fractions_normalize_1 PASSED
test/rmgpy/rmg/inputTest.py::TestInputReactors::test_simple_reactor_mole_fractions_normalize_2 PASSED
test/rmgpy/rmg/inputTest.py::TestInputReactors::test_simple_reactor_mole_fractions_ranged PASSED
test/rmgpy/rmg/inputTest.py::TestInputReactors::test_liquid_reactor_concentrations PASSED
test/rmgpy/rmg/inputTest.py::TestInputReactors::test_surface_reactor_mole_fractions PASSED
test/rmgpy/rmg/inputTest.py::TestInputReactors::test_surface_reactor_mole_fractions_normalize_1 PASSED
test/rmgpy/rmg/inputTest.py::TestInputReactors::test_mb_sampled_reactor_mole_fractions PASSED
test/rmgpy/rmg/inputTest.py::TestInputReactors::test_mb_sampled_reactor_mole_fractions_normalize_1 PASSED
test/rmgpy/rmg/inputTest.py::TestInputPressureDependence::test_completed_networks_single PASSED
test/rmgpy/rmg/inputTest.py::TestInputPressureDependence::test_completed_networks_multiple PASSED
test/rmgpy/rmg/inputTest.py::TestInputPressureDependence::test_completed_networks_none PASSED
test/rmgpy/rmg/inputTest.py::TestWriterConfig::test_parse_false_disables PASSED
test/rmgpy/rmg/inputTest.py::TestWriterConfig::test_parse_true_enables_default_interval PASSED
test/rmgpy/rmg/inputTest.py::TestWriterConfig::test_parse_true_custom_default_interval PASSED
test/rmgpy/rmg/inputTest.py::TestWriterConfig::test_parse_dict_full PASSED
test/rmgpy/rmg/inputTest.py::TestWriterConfig::test_parse_dict_partial PASSED
test/rmgpy/rmg/inputTest.py::TestWriterConfig::test_parse_invalid_raises PASSED
test/rmgpy/rmg/inputTest.py::TestWriterConfig::test_should_write_every_iteration PASSED
test/rmgpy/rmg/inputTest.py::TestWriterConfig::test_should_write_every_n_iterations PASSED
test/rmgpy/rmg/inputTest.py::TestWriterConfig::test_should_write_end_only PASSED
test/rmgpy/rmg/inputTest.py::TestWriterConfig::test_should_write_disabled PASSED
test/rmgpy/rmg/inputTest.py::TestWriterConfig::test_should_write_final_always_writes PASSED
test/rmgpy/rmg/inputTest.py::TestWriterConfig::test_should_write_final_no_double_write PASSED
test/rmgpy/rmg/inputTest.py::TestWriterConfig::test_writer_config_to_input_false PASSED
test/rmgpy/rmg/inputTest.py::TestWriterConfig::test_writer_config_to_input_true PASSED
test/rmgpy/rmg/inputTest.py::TestWriterConfig::test_writer_config_to_input_dict PASSED
test/rmgpy/rmg/inputTest.py::TestWriterConfig::test_writer_config_to_input_none PASSED
test/rmgpy/rmg/inputTest.py::TestInputPlasmaReactor::test_electron_density_conversion PASSED
test/rmgpy/rmg/inputTest.py::TestInputPlasmaReactor::test_electron_density_round_trip PASSED
test/rmgpy/rmg/inputTest.py::TestInputPlasmaReactor::test_directive_optional_electron_named_directly PASSED
test/rmgpy/rmg/inputTest.py::TestInputPlasmaReactor::test_guard1_ranged_conditions_rejected PASSED
test/rmgpy/rmg/inputTest.py::TestInputPlasmaReactor::test_guard2_te_units_rejected PASSED
test/rmgpy/rmg/inputTest.py::TestInputPlasmaReactor::test_guard3_q_at_or_above_one_rejected PASSED
test/rmgpy/rmg/inputTest.py::TestInputPlasmaReactor::test_guard4_near_degenerate_q_rejected PASSED
test/rmgpy/rmg/inputTest.py::TestInputPlasmaReactor::test_guard5_duplicate_specification_rejected PASSED
test/rmgpy/rmg/inputTest.py::TestInputPlasmaReactor::test_guard6_zero_density_rejected PASSED
test/rmgpy/rmg/inputTest.py::TestInputPlasmaReactor::test_guard6_negative_density_rejected PASSED
test/rmgpy/rmg/inputTest.py::TestInputPlasmaReactor::test_guard6_infinite_density_rejected PASSED
test/rmgpy/rmg/inputTest.py::TestInputPlasmaReactor::test_guard6_nan_density_rejected PASSED
test/rmgpy/rmg/inputTest.py::TestInputPlasmaReactor::test_guard7_missing_electron_species_rejected PASSED
test/rmgpy/rmg/inputTest.py::TestInputPlasmaReactor::test_guard_density_bare_number_rejected PASSED
test/rmgpy/rmg/inputTest.py::TestInputPlasmaReactor::test_density_molecule_count_units_accepted_with_avogadro PASSED
test/rmgpy/rmg/inputTest.py::TestInputPlasmaReactor::test_density_plural_molecules_units_accepted PASSED
test/rmgpy/rmg/inputTest.py::TestInputPlasmaReactor::test_density_reciprocal_volume_units_accepted PASSED
test/rmgpy/rmg/inputTest.py::TestInputPlasmaReactor::test_guard_density_molar_concentration_still_rejected PASSED
test/rmgpy/rmg/inputTest.py::TestInputPlasmaReactor::test_density_cm3_units_accepted PASSED
test/rmgpy/rmg/inputTest.py::TestInputPlasmaReactor::test_shared_mole_fraction_dict_not_mutated PASSED
test/rmgpy/rmg/inputTest.py::TestInputPlasmaReactor::test_guard_multiple_electron_species_rejected PASSED
test/rmgpy/rmg/inputTest.py::TestInputPlasmaReactor::test_zero_pressure_reported_as_pressure PASSED
test/rmgpy/rmg/inputTest.py::TestInputPlasmaReactor::test_negative_temperature_reported_as_temperature PASSED
test/rmgpy/rmg/inputTest.py::TestInputPlasmaReactor::test_bare_number_electron_temperature_rejected PASSED
test/rmgpy/rmg/inputTest.py::TestInputPlasmaReactor::test_nan_mole_fraction_rejected_plain_path PASSED
test/rmgpy/rmg/inputTest.py::TestInputPlasmaReactor::test_inf_mole_fraction_rejected_plain_path PASSED
test/rmgpy/rmg/inputTest.py::TestInputPlasmaReactor::test_nan_mole_fraction_rejected_density_path PASSED
test/rmgpy/rmg/inputTest.py::TestInputPlasmaReactor::test_inf_mole_fraction_rejected_density_path PASSED
test/rmgpy/rmg/inputTest.py::TestInputPlasmaReactor::test_save_input_file_round_trips_plasma_reactor PASSED
test/rmgpy/rmg/inputTest.py::TestInputPlasmaReactor::test_termination_steady_state_bare_tolerance PASSED
test/rmgpy/rmg/inputTest.py::TestInputPlasmaReactor::test_termination_steady_state_dict_form PASSED
test/rmgpy/rmg/inputTest.py::TestInputPlasmaReactor::test_termination_steady_state_requires_a_backstop_time PASSED
test/rmgpy/rmg/inputTest.py::TestInputPlasmaReactor::test_termination_steady_state_rejects_nonsense[0.0] PASSED
test/rmgpy/rmg/inputTest.py::TestInputPlasmaReactor::test_termination_steady_state_rejects_nonsense[-1e-6] PASSED
test/rmgpy/rmg/inputTest.py::TestInputPlasmaReactor::test_termination_steady_state_rejects_nonsense[{'tolerance': 1e-6, 'window': 0}] PASSED
test/rmgpy/rmg/inputTest.py::TestInputPlasmaReactor::test_termination_steady_state_rejects_unknown_keys PASSED
test/rmgpy/rmg/inputTest.py::TestInputPlasmaReactor::test_termination_steady_state_absent_by_default PASSED
test/rmgpy/rmg/inputTest.py::TestInputPlasmaReactor::test_save_input_file_round_trips_termination_steady_state PASSED
test/rmgpy/rmg/inputTest.py::TestInputPlasmaReactor::test_save_input_file_round_trips_kinetics_depositories_all PASSED
test/rmgpy/rmg/inputTest.py::TestInputPlasmaChargeBalance::test_charge_balance_with_electron_density_is_neutral PASSED
test/rmgpy/rmg/inputTest.py::TestInputPlasmaChargeBalance::test_charge_balance_preserves_electron_density_round_trip PASSED
test/rmgpy/rmg/inputTest.py::TestInputPlasmaChargeBalance::test_charge_balance_with_explicit_electron_fraction PASSED
test/rmgpy/rmg/inputTest.py::TestInputPlasmaChargeBalance::test_charge_balance_accounts_for_charge_already_present PASSED
test/rmgpy/rmg/inputTest.py::TestInputPlasmaChargeBalance::test_multiply_charged_balance_species PASSED
test/rmgpy/rmg/inputTest.py::TestInputPlasmaChargeBalance::test_omitting_the_keyword_leaves_the_composition_untouched PASSED
test/rmgpy/rmg/inputTest.py::TestInputPlasmaChargeBalance::test_balance_species_label_is_carried_to_the_reactor PASSED
test/rmgpy/rmg/inputTest.py::TestInputPlasmaChargeBalance::test_no_balance_species_leaves_reactor_field_none PASSED
test/rmgpy/rmg/inputTest.py::TestInputPlasmaChargeBalance::test_undeclared_balance_species_rejected_at_parse_time PASSED
test/rmgpy/rmg/inputTest.py::TestInputPlasmaChargeBalance::test_uncharged_balance_species_rejected PASSED
test/rmgpy/rmg/inputTest.py::TestInputPlasmaChargeBalance::test_electron_as_balance_species_rejected PASSED
test/rmgpy/rmg/inputTest.py::TestInputPlasmaChargeBalance::test_balance_species_also_in_mole_fractions_rejected PASSED
test/rmgpy/rmg/inputTest.py::TestInputPlasmaChargeBalance::test_non_string_balance_species_rejected PASSED
test/rmgpy/rmg/inputTest.py::TestInputPlasmaChargeBalance::test_wrong_sign_balance_species_rejected PASSED
test/rmgpy/rmg/mainTest.py::TestMain::test_rmg_execute PASSED
test/rmgpy/rmg/mainTest.py::TestMain::test_rmg_increases_reactions PASSED
test/rmgpy/rmg/mainTest.py::TestMain::test_rmg_seed_mechanism_creation PASSED
test/rmgpy/rmg/mainTest.py::TestMain::test_rmg_seed_edge_mechanism_creation PASSED
test/rmgpy/rmg/mainTest.py::TestMain::test_rmg_seed_library_creation PASSED
test/rmgpy/rmg/mainTest.py::TestMain::test_rmg_seed_edge_library_creation PASSED
test/rmgpy/rmg/mainTest.py::TestMain::test_rmg_rms_mechanism_files_creation PASSED
test/rmgpy/rmg/mainTest.py::TestMain::test_rmg_seed_works PASSED
test/rmgpy/rmg/mainTest.py::TestMain::test_rmg_memory PASSED
test/rmgpy/rmg/mainTest.py::TestMain::test_make_cantera_input_file_from_ck PASSED
test/rmgpy/rmg/mainTest.py::TestMain::test_make_cantera_input_file_directly_1 PASSED
test/rmgpy/rmg/mainTest.py::TestMain::test_make_cantera_input_file_directly_2 PASSED
test/rmgpy/rmg/mainTest.py::TestMain::test_cantera_input_files_match_chemkin_later PASSED
test/rmgpy/rmg/mainTest.py::TestRestartWithFilters::test_restart_with_filters RMG execution initiated at Tue Sep 22 08:28:08 2026

#########################################################
# RMG-Py - Reaction Mechanism Generator in Python       #
# Version: 4.0.0                                        #
# Authors: RMG Developers (rmg_dev@mit.edu)             #
# P.I.s:   William H. Green (whgreen@mit.edu)           #
#          Richard H. West (r.west@neu.edu)             #
# Website: http://reactionmechanismgenerator.github.io/ #
#########################################################

The current git HEAD for RMG-Py is:
	4be053318960481be6c6a98cad549c725f384a30
	Tue Sep 22 00:43:24 2026 +0300

The current git HEAD for RMG-database is:
	96f2afa4a172def46364379532f3987262e82b6c
	Mon Sep 21 13:23:54 2026 +0300

Reading input file "/home/alon/Code/RMG-Py-i244-chemkin-duplicate-electron-aware/test/rmgpy/test_data/restartTest/restart_w_filters.py"...
restartFromSeed(path='seed_w_filters')

# Data sources
database(
    thermoLibraries = ['primaryThermoLibrary'],
    reactionLibraries = [],
    seedMechanisms = [],
    kineticsDepositories = ['training'],
    kineticsFamilies = 'default',
    kineticsEstimator = 'rate rules',
)

# List of species
species(
    label='ethane',
    reactive=True,
    structure=SMILES("CC"),
)

# Reaction systems
simpleReactor(
    temperature=(1350,'K'),
    pressure=(1.0,'bar'),
    initialMoleFractions={
        "ethane": 1.0,
    },
    terminationConversion={
        'ethane': 0.9,
    },
    terminationTime=(1e6,'s'),
)

simulator(
    atol=1e-16,
    rtol=1e-8,
)

model(
    toleranceKeepInEdge=0.0,
    toleranceMoveToCore=0.1,
    toleranceInterruptSimulation=0.1,
    maximumEdgeSpecies=100000,
    filterReactions=True,
)

options(
    units='si',
    generateOutputHTML=True,
    generatePlots=False,
    saveEdgeSpecies=True,
    saveSimulationProfiles=True,
)

Using RMG database at: /home/alon/Code/RMG-database-plasma/input (from rmgrc)
Warning: Generate Output HTML option was turned on. Note that this will slow down model generation.
Warning: Edge species saving was turned on. This will slow down model generation for large simulations.

Loading transport library from NIST_Fluorine.py in /home/alon/Code/RMG-database-plasma/input/transport/libraries...
Loading transport library from PrimaryTransportLibrary.py in /home/alon/Code/RMG-database-plasma/input/transport/libraries...
Loading transport library from GRI-Mech.py in /home/alon/Code/RMG-database-plasma/input/transport/libraries...
Loading transport library from OneDMinN2.py in /home/alon/Code/RMG-database-plasma/input/transport/libraries...
Loading transport library from NOx2018.py in /home/alon/Code/RMG-database-plasma/input/transport/libraries...
Loading transport group database from /home/alon/Code/RMG-database-plasma/input/transport/groups...
Loading frequencies group database from /home/alon/Code/RMG-database-plasma/input/statmech/groups...
Loading solvation thermodynamics group database from /home/alon/Code/RMG-database-plasma/input/solvation/groups...
Loading thermodynamics library from primaryThermoLibrary.py in /home/alon/Code/RMG-database-plasma/input/thermo/libraries...
Loading thermodynamics group database from /home/alon/Code/RMG-database-plasma/input/thermo/groups...
Loading thermodynamics SIDTs from /home/alon/Code/RMG-database-plasma/input/thermo/sidt...
Adding rate rules from training set in kinetics families...
Warning: Cphigh is above the theoretical CpInf value for ThermoData object
ThermoData(Tdata=([300,400,500,600,800,1000,1500],'K'), Cpdata=([60.2599,68.0494,74.7775,80.9311,90.8846,97.4337,105.393],'J/(mol*K)'), H298=(-477.191,'kJ/mol'), S298=(269.551,'J/(mol*K)'), Cp0=(33.2579,'J/(mol*K)'), CpInf=(103.931,'J/(mol*K)'), comment="""Thermo group additivity estimation: group(O2s-(Cds-Cd)(Cds-Cd)) + group(O2s-(Cds-O2d)H) + group(Cds-OdOsOs) + group(Li-OCOdO) + radical(OC=OOJ)""").
The thermo for this species is probably wrong! Setting CpInf = Cphigh for Entropy calculationat T = 2000.0 K...
Warning: Cphigh is above the theoretical CpInf value for ThermoData object
ThermoData(Tdata=([300,400,500,600,800,1000,1500],'K'), Cpdata=([60.2599,68.0494,74.7775,80.9311,90.8846,97.4337,105.393],'J/(mol*K)'), H298=(-477.191,'kJ/mol'), S298=(269.551,'J/(mol*K)'), Cp0=(33.2579,'J/(mol*K)'), CpInf=(103.931,'J/(mol*K)'), comment="""Thermo group additivity estimation: group(O2s-(Cds-Cd)(Cds-Cd)) + group(O2s-(Cds-O2d)H) + group(Cds-OdOsOs) + group(Li-OCOdO) + radical(OC=OOJ)""").
The thermo for this species is probably wrong! Setting CpInf = Cphigh for Entropy calculationat T = 1666.6666666666665 K...
Filling in rate rules in kinetics families by averaging...
Loading kinetics library restart from /home/alon/Code/RMG-Py-i244-chemkin-duplicate-electron-aware/rmgpy/../test/rmgpy/test_data/restartTest/output_w_filters/previous_restart/restart/reactions.py...
Loading kinetics library restart_edge from /home/alon/Code/RMG-Py-i244-chemkin-duplicate-electron-aware/rmgpy/../test/rmgpy/test_data/restartTest/output_w_filters/previous_restart/restart_edge/reactions.py...
Adding seed mechanism restart to model core...
This library reaction was not new: H(5) + C[CH2](4) <=> ethane(1)
Warning: Marked reaction H(5) + C[CH2](4) <=> ethane(1) as not duplicate because no other reaction writes its Chemkin equation.

Summary of Model Enlargement
---------------------------------
Added 22 new core species
    ethane(1)
    [CH3](2)
    CH4(3)
    C[CH2](4)
    H(5)
    C=C(6)
    H2(7)
    [CH2]CC(8)
    [CH]=C(9)
    C#C(10)
    [C]=C(11)
    [CH2]CC=C(12)
    [CH2]C1CC1(13)
    [CH]=CCC(14)
    C=C[CH]C(15)
    C=CC=C(16)
    C1=CCC1(17)
    [CH2][CH]C=C(18)
    C=C=CC(19)
    [CH]=CC(20)
    [CH]=CC=C(21)
    [CH2]C1C=C1(22)
Created 0 new edge species
Added 70 new core reactions
    [CH3](2) + [CH3](2) <=> ethane(1)
    [CH3](2) + ethane(1) <=> CH4(3) + C[CH2](4)
    H(5) + C[CH2](4) <=> ethane(1)
    H(5) + [CH3](2) <=> CH4(3)
    H(5) + C=C(6) <=> C[CH2](4)
    [CH3](2) + C[CH2](4) <=> CH4(3) + C=C(6)
    C[CH2](4) + C[CH2](4) <=> C=C(6) + ethane(1)
    H(5) + ethane(1) <=> H2(7) + C[CH2](4)
    H(5) + C[CH2](4) <=> H2(7) + C=C(6)
    H(5) + CH4(3) <=> H2(7) + [CH3](2)
    H(5) + H(5) <=> H2(7)
    [CH3](2) + C=C(6) <=> [CH2]CC(8)
    H(5) + [CH]=C(9) <=> C=C(6)
    CH4(3) + [CH]=C(9) <=> [CH3](2) + C=C(6)
    [CH]=C(9) + ethane(1) <=> C=C(6) + C[CH2](4)
    H(5) + C=C(6) <=> H2(7) + [CH]=C(9)
    [CH]=C(9) + C[CH2](4) <=> C=C(6) + C=C(6)
    H(5) + C#C(10) <=> [CH]=C(9)
    [CH]=C(9) + C[CH2](4) <=> C#C(10) + ethane(1)
    [CH3](2) + [CH]=C(9) <=> CH4(3) + C#C(10)
    [CH]=C(9) + [CH]=C(9) <=> C#C(10) + C=C(6)
    H(5) + [CH]=C(9) <=> H2(7) + C#C(10)
    [C]=C(11) <=> C#C(10)
    [CH]=C(9) + C=C(6) <=> [CH2]CC=C(12)
    [CH2]CC=C(12) <=> [CH2]C1CC1(13)
    C#C(10) + C[CH2](4) <=> [CH]=CCC(14)
    [CH]=CCC(14) <=> [CH2]CC=C(12)
    [CH2]CC=C(12) <=> C=C[CH]C(15)
    [CH]=CCC(14) <=> C=C[CH]C(15)
    H(5) + C=CC=C(16) <=> [CH2]CC=C(12)
    H(5) + C=CC=C(16) <=> C=C[CH]C(15)
    [CH]=C(9) + [CH]=C(9) <=> C=CC=C(16)
    C[CH2](4) + [CH2]CC=C(12) <=> ethane(1) + C=CC=C(16)
    C[CH2](4) + C=C[CH]C(15) <=> ethane(1) + C=CC=C(16)
    [CH3](2) + [CH2]CC=C(12) <=> CH4(3) + C=CC=C(16)
    [CH3](2) + C=C[CH]C(15) <=> CH4(3) + C=CC=C(16)
    [CH]=C(9) + [CH2]CC=C(12) <=> C=C(6) + C=CC=C(16)
    [CH]=C(9) + C=C[CH]C(15) <=> C=C(6) + C=CC=C(16)
    H(5) + [CH2]CC=C(12) <=> H2(7) + C=CC=C(16)
    H(5) + C=C[CH]C(15) <=> H2(7) + C=CC=C(16)
    C=CC=C(16) <=> C1=CCC1(17)
    H(5) + [CH2][CH]C=C(18) <=> [CH2]CC=C(12)
    C[CH2](4) + [CH2][CH]C=C(18) <=> C=C(6) + [CH2]CC=C(12)
    [CH]=C(9) + [CH2][CH]C=C(18) <=> C#C(10) + [CH2]CC=C(12)
    H(5) + [CH2][CH]C=C(18) <=> C=C[CH]C(15)
    C[CH2](4) + [CH2][CH]C=C(18) <=> C=C(6) + C=C[CH]C(15)
    [CH]=C(9) + [CH2][CH]C=C(18) <=> C#C(10) + C=C[CH]C(15)
    [CH2][CH]C=C(18) + [CH2]CC=C(12) <=> C=CC=C(16) + C=C[CH]C(15)
    [CH2][CH]C=C(18) + C=C[CH]C(15) <=> C=CC=C(16) + C=C[CH]C(15)
    [CH2][CH]C=C(18) <=> C1=CCC1(17)
    [CH2][CH]C=C(18) => C=CC=C(16)
    H(5) + C=C=CC(19) <=> C=C[CH]C(15)
    [CH2][CH]C=C(18) <=> C=C=CC(19)
    C[CH2](4) + C=C[CH]C(15) <=> ethane(1) + C=C=CC(19)
    [CH3](2) + C=C[CH]C(15) <=> CH4(3) + C=C=CC(19)
    [CH]=C(9) + C=C[CH]C(15) <=> C=C(6) + C=C=CC(19)
    H(5) + C=C[CH]C(15) <=> H2(7) + C=C=CC(19)
    [CH3](2) + C#C(10) <=> [CH]=CC(20)
    C#C(10) + [CH]=C(9) <=> [CH]=CC=C(21)
    H(5) + [CH]=CC=C(21) <=> C=CC=C(16)
    [CH3](2) + C=CC=C(16) <=> CH4(3) + [CH]=CC=C(21)
    C[CH2](4) + C=CC=C(16) <=> ethane(1) + [CH]=CC=C(21)
    H(5) + C=CC=C(16) <=> H2(7) + [CH]=CC=C(21)
    C[CH2](4) + [CH]=CC=C(21) <=> C=C(6) + C=CC=C(16)
    [CH]=C(9) + C=CC=C(16) <=> C=C(6) + [CH]=CC=C(21)
    [CH]=C(9) + [CH]=CC=C(21) <=> C#C(10) + C=CC=C(16)
    [CH]=CC=C(21) + [CH2]CC=C(12) <=> C=CC=C(16) + C=CC=C(16)
    [CH]=CC=C(21) + C=C[CH]C(15) <=> C=CC=C(16) + C=CC=C(16)
    [CH]=CC=C(21) + C=C[CH]C(15) <=> C=C=CC(19) + C=CC=C(16)
    [CH]=CC=C(21) <=> [CH2]C1C=C1(22)
Created 0 new edge reactions

After model enlargement:
    The model core has 22 species and 70 reactions
    The model edge has 0 species and 0 reactions

NOT generating reactions for unreactive species Ar

Summary of Model Enlargement
---------------------------------
Added 1 new core species
    Ar
Created 0 new edge species
Added 0 new core reactions
Created 0 new edge reactions

After model enlargement:
    The model core has 23 species and 70 reactions
    The model edge has 0 species and 0 reactions


NOT generating reactions for unreactive species He

Summary of Model Enlargement
---------------------------------
Added 1 new core species
    He
Created 0 new edge species
Added 0 new core reactions
Created 0 new edge reactions

After model enlargement:
    The model core has 24 species and 70 reactions
    The model edge has 0 species and 0 reactions


NOT generating reactions for unreactive species Ne

Summary of Model Enlargement
---------------------------------
Added 1 new core species
    Ne
Created 0 new edge species
Added 0 new core reactions
Created 0 new edge reactions

After model enlargement:
    The model core has 25 species and 70 reactions
    The model edge has 0 species and 0 reactions


NOT generating reactions for unreactive species N2

Summary of Model Enlargement
---------------------------------
Added 1 new core species
    N2
Created 0 new edge species
Added 0 new core reactions
Created 0 new edge reactions

After model enlargement:
    The model core has 26 species and 70 reactions
    The model edge has 0 species and 0 reactions


Adding species ethane(1) to model core

Summary of Model Enlargement
---------------------------------
Added 0 new core species
Created 0 new edge species
Added 0 new core reactions
Created 0 new edge reactions

After model enlargement:
    The model core has 26 species and 70 reactions
    The model edge has 0 species and 0 reactions


Initialization complete. Starting model generation.

Generating initial reactions for reaction system 1...
For reaction generation 1 process is used.

Summary of Secondary Model Edge Enlargement
---------------------------------
Added 0 new core species
Created 0 new edge species
Added 0 new core reactions
Created 0 new edge reactions

After model enlargement:
    The model core has 26 species and 70 reactions
    The model edge has 0 species and 0 reactions


Completed initial enlarge edge step.

Saving current model core to Chemkin file...
Chemkin file contains 70 reactions.
Saving annotated version of Chemkin file...
Chemkin file contains 70 reactions.
Saving current model core and edge to Chemkin file...
Chemkin file contains 70 reactions.
Saving annotated version of Chemkin file...
Chemkin file contains 70 reactions.
Saving current model core to HTML file...
Saving current model edge to HTML file...
Updating RMG execution statistics...
    Execution time (DD:HH:MM:SS): 00:00:00:16
    Memory used: 1386.37 MB

Making seed mechanism...
Beginning model generation stage 1 of 1.

Making seed mechanism...
Conducting simulation of reaction system 1...
At time 8.8937e-04 s, reached target termination conversion: 0.900000 of ethane(1)
    ethane(1) conversion: 0.9008    


At time 8.8937e-04 s, reached target termination conversion: 0.900000 of ethane(1)
    ethane(1) conversion: 0.9008    

For reaction generation 1 process is used.

Summary of Secondary Model Edge Enlargement
---------------------------------
Added 0 new core species
Created 0 new edge species
Added 0 new core reactions
Created 0 new edge reactions

After model enlargement:
    The model core has 26 species and 70 reactions
    The model edge has 0 species and 0 reactions


Saving current model core to Chemkin file...
Chemkin file contains 70 reactions.
Saving annotated version of Chemkin file...
Chemkin file contains 70 reactions.
Saving current model core and edge to Chemkin file...
Chemkin file contains 70 reactions.
Saving annotated version of Chemkin file...
Chemkin file contains 70 reactions.
Saving current model core to HTML file...
Saving current model edge to HTML file...
Updating RMG execution statistics...
    Execution time (DD:HH:MM:SS): 00:00:00:17
    Memory used: 1386.90 MB

Making seed mechanism...
Saving current model core to Chemkin file...
Chemkin file contains 70 reactions.
Saving annotated version of Chemkin file...
Chemkin file contains 70 reactions.
Saving current model core and edge to Chemkin file...
Chemkin file contains 70 reactions.
Saving annotated version of Chemkin file...
Chemkin file contains 70 reactions.
Saving current model core to HTML file...
Saving current model edge to HTML file...
Updating RMG execution statistics...
    Execution time (DD:HH:MM:SS): 00:00:00:17
    Memory used: 1386.90 MB

Translating final chemkin file into Cantera yaml.
Performing final model checks...
No collision rate violators found in the model's core.

MODEL GENERATION COMPLETED

The final model core has 26 species and 70 reactions
The final model edge has 0 species and 0 reactions

RMG execution terminated at Tue Sep 22 08:28:26 2026
PASSED
test/rmgpy/rmg/mainTest.py::TestRestartNoFilters::test_restart_no_filters RMG execution initiated at Tue Sep 22 08:28:26 2026

#########################################################
# RMG-Py - Reaction Mechanism Generator in Python       #
# Version: 4.0.0                                        #
# Authors: RMG Developers (rmg_dev@mit.edu)             #
# P.I.s:   William H. Green (whgreen@mit.edu)           #
#          Richard H. West (r.west@neu.edu)             #
# Website: http://reactionmechanismgenerator.github.io/ #
#########################################################

The current git HEAD for RMG-Py is:
	4be053318960481be6c6a98cad549c725f384a30
	Tue Sep 22 00:43:24 2026 +0300

The current git HEAD for RMG-database is:
	96f2afa4a172def46364379532f3987262e82b6c
	Mon Sep 21 13:23:54 2026 +0300

Reading input file "/home/alon/Code/RMG-Py-i244-chemkin-duplicate-electron-aware/test/rmgpy/test_data/restartTest/restart_no_filters.py"...
restartFromSeed(path='seed_no_filters')

# Data sources
database(
    thermoLibraries = ['primaryThermoLibrary'],
    reactionLibraries = [],
    seedMechanisms = [],
    kineticsDepositories = ['training'],
    kineticsFamilies = ['H_Abstraction','Disproportionation','R_Recombination',
                        'Birad_recombination', 'Birad_R_Recombination'],
    kineticsEstimator = 'rate rules',
)

# List of species
species(
    label='H2',
    reactive=True,
    structure=SMILES("[H][H]"),
)
species(
   label='O2',
   reactive=True,
   structure=SMILES("[O][O]"),
)

# Reaction systems
simpleReactor(
    temperature=(1000,'K'),
    pressure=(1.0,'bar'),
    initialMoleFractions={
        'H2':.67, 'O2':.33,
    },
    terminationConversion={
        'H2': 0.9,
    },
    terminationTime=(1e6,'s'),
)

simulator(
    atol=1e-16,
    rtol=1e-8,
)

model(
    toleranceKeepInEdge=0.0,
    toleranceMoveToCore=0.001,
    toleranceInterruptSimulation=0.001,
    maximumEdgeSpecies=100000,
)

options(
    units='si',
    generateOutputHTML=True,
    generatePlots=False,
    saveEdgeSpecies=True,
    saveSimulationProfiles=True,
)

Using RMG database at: /home/alon/Code/RMG-database-plasma/input (from rmgrc)
Warning: Generate Output HTML option was turned on. Note that this will slow down model generation.
Warning: Edge species saving was turned on. This will slow down model generation for large simulations.

Loading transport library from NIST_Fluorine.py in /home/alon/Code/RMG-database-plasma/input/transport/libraries...
Loading transport library from PrimaryTransportLibrary.py in /home/alon/Code/RMG-database-plasma/input/transport/libraries...
Loading transport library from GRI-Mech.py in /home/alon/Code/RMG-database-plasma/input/transport/libraries...
Loading transport library from OneDMinN2.py in /home/alon/Code/RMG-database-plasma/input/transport/libraries...
Loading transport library from NOx2018.py in /home/alon/Code/RMG-database-plasma/input/transport/libraries...
Loading transport group database from /home/alon/Code/RMG-database-plasma/input/transport/groups...
Loading frequencies group database from /home/alon/Code/RMG-database-plasma/input/statmech/groups...
Loading solvation thermodynamics group database from /home/alon/Code/RMG-database-plasma/input/solvation/groups...
Loading thermodynamics library from primaryThermoLibrary.py in /home/alon/Code/RMG-database-plasma/input/thermo/libraries...
Loading thermodynamics group database from /home/alon/Code/RMG-database-plasma/input/thermo/groups...
Loading thermodynamics SIDTs from /home/alon/Code/RMG-database-plasma/input/thermo/sidt...
Adding rate rules from training set in kinetics families...
Filling in rate rules in kinetics families by averaging...
Loading kinetics library restart from /home/alon/Code/RMG-Py-i244-chemkin-duplicate-electron-aware/rmgpy/../test/rmgpy/test_data/restartTest/output_no_filters/previous_restart/restart/reactions.py...
Loading kinetics library restart_edge from /home/alon/Code/RMG-Py-i244-chemkin-duplicate-electron-aware/rmgpy/../test/rmgpy/test_data/restartTest/output_no_filters/previous_restart/restart_edge/reactions.py...
Adding seed mechanism restart to model core...
This library reaction was not new: H(3) + H(3) <=> H2(1)
Warning: Marked reaction H(3) + H(3) <=> H2(1) as not duplicate because no other reaction writes its Chemkin equation.

Summary of Model Enlargement
---------------------------------
Added 5 new core species
    H2(1)
    O2(2)
    H(3)
    [O]O(4)
    OO(5)
Created 0 new edge species
Added 6 new core reactions
    H(3) + H(3) <=> H2(1)
    O2(2) + H2(1) <=> H(3) + [O]O(4)
    O2(2) + H(3) <=> [O]O(4)
    H(3) + OO(5) <=> [O]O(4) + H2(1)
    H(3) + [O]O(4) <=> OO(5)
    [O]O(4) + [O]O(4) <=> O2(2) + OO(5)
Created 0 new edge reactions

After model enlargement:
    The model core has 5 species and 6 reactions
    The model edge has 0 species and 0 reactions

NOT generating reactions for unreactive species Ar

Summary of Model Enlargement
---------------------------------
Added 1 new core species
    Ar
Created 0 new edge species
Added 0 new core reactions
Created 0 new edge reactions

After model enlargement:
    The model core has 6 species and 6 reactions
    The model edge has 0 species and 0 reactions


NOT generating reactions for unreactive species He

Summary of Model Enlargement
---------------------------------
Added 1 new core species
    He
Created 0 new edge species
Added 0 new core reactions
Created 0 new edge reactions

After model enlargement:
    The model core has 7 species and 6 reactions
    The model edge has 0 species and 0 reactions


NOT generating reactions for unreactive species Ne

Summary of Model Enlargement
---------------------------------
Added 1 new core species
    Ne
Created 0 new edge species
Added 0 new core reactions
Created 0 new edge reactions

After model enlargement:
    The model core has 8 species and 6 reactions
    The model edge has 0 species and 0 reactions


NOT generating reactions for unreactive species N2

Summary of Model Enlargement
---------------------------------
Added 1 new core species
    N2
Created 0 new edge species
Added 0 new core reactions
Created 0 new edge reactions

After model enlargement:
    The model core has 9 species and 6 reactions
    The model edge has 0 species and 0 reactions


Adding species H2(1) to model core

Summary of Model Enlargement
---------------------------------
Added 0 new core species
Created 0 new edge species
Added 0 new core reactions
Created 0 new edge reactions

After model enlargement:
    The model core has 9 species and 6 reactions
    The model edge has 0 species and 0 reactions


Adding species O2(2) to model core

Summary of Model Enlargement
---------------------------------
Added 0 new core species
Created 0 new edge species
Added 0 new core reactions
Created 0 new edge reactions

After model enlargement:
    The model core has 9 species and 6 reactions
    The model edge has 0 species and 0 reactions


Warning: No filters were found in file /home/alon/Code/RMG-Py-i244-chemkin-duplicate-electron-aware/rmgpy/../test/rmgpy/test_data/restartTest/seed_no_filters/filters/filters.h5. This is to be expected if the restart files specified are from an RMG job without reaction filtering. Therefore, RMG will assume that all of the core species from the restart core seed have already been reacted and will not react them again. Additional species added to the input file but not in the restart core seed WILL be reacted with the rest of the core.
Initialization complete. Starting model generation.

Generating initial reactions...
For reaction generation 1 process is used.

Summary of Secondary Model Edge Enlargement
---------------------------------
Added 0 new core species
Created 0 new edge species
Added 0 new core reactions
Created 0 new edge reactions

After model enlargement:
    The model core has 9 species and 6 reactions
    The model edge has 0 species and 0 reactions


Completed initial enlarge edge step.

Saving current model core to Chemkin file...
Chemkin file contains 6 reactions.
Saving annotated version of Chemkin file...
Chemkin file contains 6 reactions.
Saving current model core and edge to Chemkin file...
Chemkin file contains 6 reactions.
Saving annotated version of Chemkin file...
Chemkin file contains 6 reactions.
Saving current model core to HTML file...
Saving current model edge to HTML file...
Updating RMG execution statistics...
    Execution time (DD:HH:MM:SS): 00:00:00:04
    Memory used: 1589.52 MB

Making seed mechanism...
Beginning model generation stage 1 of 1.

Making seed mechanism...
Conducting simulation of reaction system 1...
At time 1.0000e+06 s, reached target termination time.
    H2(1) conversion: 0.4641    


For reaction generation 1 process is used.

Summary of Secondary Model Edge Enlargement
---------------------------------
Added 0 new core species
Created 0 new edge species
Added 0 new core reactions
Created 0 new edge reactions

After model enlargement:
    The model core has 9 species and 6 reactions
    The model edge has 0 species and 0 reactions


Saving current model core to Chemkin file...
Chemkin file contains 6 reactions.
Saving annotated version of Chemkin file...
Chemkin file contains 6 reactions.
Saving current model core and edge to Chemkin file...
Chemkin file contains 6 reactions.
Saving annotated version of Chemkin file...
Chemkin file contains 6 reactions.
Saving current model core to HTML file...
Saving current model edge to HTML file...
Updating RMG execution statistics...
    Execution time (DD:HH:MM:SS): 00:00:00:04
    Memory used: 1589.52 MB

Making seed mechanism...
Saving current model core to Chemkin file...
Chemkin file contains 6 reactions.
Saving annotated version of Chemkin file...
Chemkin file contains 6 reactions.
Saving current model core and edge to Chemkin file...
Chemkin file contains 6 reactions.
Saving annotated version of Chemkin file...
Chemkin file contains 6 reactions.
Saving current model core to HTML file...
Saving current model edge to HTML file...
Updating RMG execution statistics...
    Execution time (DD:HH:MM:SS): 00:00:00:04
    Memory used: 1589.52 MB

Translating final chemkin file into Cantera yaml.
Performing final model checks...
No collision rate violators found in the model's core.

MODEL GENERATION COMPLETED

The final model core has 9 species and 6 reactions
The final model edge has 0 species and 0 reactions

RMG execution terminated at Tue Sep 22 08:28:30 2026
PASSED
test/rmgpy/rmg/mainTest.py::TestMainFunctions::test_save_seed_modulus RMG execution initiated at Tue Sep 22 08:28:30 2026

#########################################################
# RMG-Py - Reaction Mechanism Generator in Python       #
# Version: 4.0.0                                        #
# Authors: RMG Developers (rmg_dev@mit.edu)             #
# P.I.s:   William H. Green (whgreen@mit.edu)           #
#          Richard H. West (r.west@neu.edu)             #
# Website: http://reactionmechanismgenerator.github.io/ #
#########################################################

The current git HEAD for RMG-Py is:
	4be053318960481be6c6a98cad549c725f384a30
	Tue Sep 22 00:43:24 2026 +0300

The current git HEAD for RMG-database is:
	96f2afa4a172def46364379532f3987262e82b6c
	Mon Sep 21 13:23:54 2026 +0300

Reading input file "/home/alon/Code/RMG-Py-i244-chemkin-duplicate-electron-aware/test/rmgpy/test_data/mainTest/superminimal_input.py"...
# Data sources
database(
    thermoLibraries = ['primaryThermoLibrary'],
    reactionLibraries = [],
    seedMechanisms = [],
    kineticsDepositories = ['training'],
    kineticsFamilies = ['H_Abstraction','Disproportionation','R_Recombination',
                        'Birad_recombination', 'Birad_R_Recombination'],
    kineticsEstimator = 'rate rules',
)

# List of species
species(
    label='H2',
    reactive=True,
    structure=SMILES("[H][H]"),
)
species(
   label='O2',
   reactive=True,
   structure=SMILES("[O][O]"),
)

# Reaction systems
simpleReactor(
    temperature=(1000,'K'),
    pressure=(1.0,'bar'),
    initialMoleFractions={
        'H2':.67, 'O2':.33,
    },
    terminationConversion={
        'H2': 0.9,
    },
    terminationTime=(1e6,'s'),
)

simulator(
    atol=1e-16,
    rtol=1e-8,
)

model(
    toleranceKeepInEdge=0.0,
    toleranceMoveToCore=0.001,
    toleranceInterruptSimulation=0.001,
    maximumEdgeSpecies=100000,
)

options(
    units='si',
    generateOutputHTML=True,
    generatePlots=False,
    saveEdgeSpecies=True,
    saveSimulationProfiles=True,
    saveSeedModulus=2,

)

Using RMG database at: /home/alon/Code/RMG-database-plasma/input (from rmgrc)
Warning: Generate Output HTML option was turned on. Note that this will slow down model generation.
Warning: Edge species saving was turned on. This will slow down model generation for large simulations.

Overriding max_iterations from input file (None) with command-line value (10).
Loading transport library from NIST_Fluorine.py in /home/alon/Code/RMG-database-plasma/input/transport/libraries...
Loading transport library from PrimaryTransportLibrary.py in /home/alon/Code/RMG-database-plasma/input/transport/libraries...
Loading transport library from GRI-Mech.py in /home/alon/Code/RMG-database-plasma/input/transport/libraries...
Loading transport library from OneDMinN2.py in /home/alon/Code/RMG-database-plasma/input/transport/libraries...
Loading transport library from NOx2018.py in /home/alon/Code/RMG-database-plasma/input/transport/libraries...
Loading transport group database from /home/alon/Code/RMG-database-plasma/input/transport/groups...
Loading frequencies group database from /home/alon/Code/RMG-database-plasma/input/statmech/groups...
Loading solvation thermodynamics group database from /home/alon/Code/RMG-database-plasma/input/solvation/groups...
Loading thermodynamics library from primaryThermoLibrary.py in /home/alon/Code/RMG-database-plasma/input/thermo/libraries...
Loading thermodynamics group database from /home/alon/Code/RMG-database-plasma/input/thermo/groups...
Loading thermodynamics SIDTs from /home/alon/Code/RMG-database-plasma/input/thermo/sidt...
Adding rate rules from training set in kinetics families...
Filling in rate rules in kinetics families by averaging...
NOT generating reactions for unreactive species Ar

Summary of Model Enlargement
---------------------------------
Added 1 new core species
    Ar
Created 0 new edge species
Added 0 new core reactions
Created 0 new edge reactions

After model enlargement:
    The model core has 1 species and 0 reactions
    The model edge has 2 species and 0 reactions


NOT generating reactions for unreactive species He

Summary of Model Enlargement
---------------------------------
Added 1 new core species
    He
Created 0 new edge species
Added 0 new core reactions
Created 0 new edge reactions

After model enlargement:
    The model core has 2 species and 0 reactions
    The model edge has 2 species and 0 reactions


NOT generating reactions for unreactive species Ne

Summary of Model Enlargement
---------------------------------
Added 1 new core species
    Ne
Created 0 new edge species
Added 0 new core reactions
Created 0 new edge reactions

After model enlargement:
    The model core has 3 species and 0 reactions
    The model edge has 2 species and 0 reactions


NOT generating reactions for unreactive species N2

Summary of Model Enlargement
---------------------------------
Added 1 new core species
    N2
Created 0 new edge species
Added 0 new core reactions
Created 0 new edge reactions

After model enlargement:
    The model core has 4 species and 0 reactions
    The model edge has 2 species and 0 reactions


Adding species H2(1) to model core

Summary of Model Enlargement
---------------------------------
Added 1 new core species
    H2(1)
Created 0 new edge species
Added 0 new core reactions
Created 0 new edge reactions

After model enlargement:
    The model core has 5 species and 0 reactions
    The model edge has 1 species and 0 reactions


Adding species O2(2) to model core

Summary of Model Enlargement
---------------------------------
Added 1 new core species
    O2(2)
Created 0 new edge species
Added 0 new core reactions
Created 0 new edge reactions

After model enlargement:
    The model core has 6 species and 0 reactions
    The model edge has 0 species and 0 reactions


Initialization complete. Starting model generation.

Generating initial reactions...
For reaction generation 1 process is used.
Species  renamed H based on thermo library name
Generating thermo for new species...

Summary of Secondary Model Edge Enlargement
---------------------------------
Added 0 new core species
Created 2 new edge species
    H(3)
    [O]O(4)
Added 0 new core reactions
Created 2 new edge reactions
    H(3) + H(3) <=> H2(1)
    O2(2) + H2(1) <=> H(3) + [O]O(4)

After model enlargement:
    The model core has 6 species and 0 reactions
    The model edge has 2 species and 2 reactions


Completed initial enlarge edge step.

Saving current model core to Chemkin file...
Chemkin file contains 0 reactions.
Saving annotated version of Chemkin file...
Chemkin file contains 0 reactions.
Saving current model core and edge to Chemkin file...
Chemkin file contains 2 reactions.
Saving annotated version of Chemkin file...
Chemkin file contains 2 reactions.
Saving current model core to HTML file...
Saving current model edge to HTML file...
Updating RMG execution statistics...
    Execution time (DD:HH:MM:SS): 00:00:00:04
    Memory used: 1810.10 MB

Making seed mechanism...
Copying seed from seed directory to /home/alon/Code/RMG-Py-i244-chemkin-duplicate-electron-aware/rmgpy/../test/rmgpy/test_data/mainTest/output/previous_seeds/iteration_number_0
Beginning model generation stage 1 of 1.

Making seed mechanism...
Conducting simulation of reaction system 1...
At time 0.0000e+00 s, species H(3) was added to model core to avoid singularity


Adding species H(3) to model core

Summary of Model Enlargement
---------------------------------
Added 1 new core species
    H(3)
Created 0 new edge species
Moved 1 reactions from edge to core
    H(3) + H(3) <=> H2(1)
Added 0 new core reactions
Created 0 new edge reactions

After model enlargement:
    The model core has 7 species and 1 reactions
    The model edge has 1 species and 1 reactions


For reaction generation 1 process is used.

Summary of Secondary Model Edge Enlargement
---------------------------------
Added 0 new core species
Created 0 new edge species
Added 0 new core reactions
Created 1 new edge reactions
    O2(2) + H(3) <=> [O]O(4)

After model enlargement:
    The model core has 7 species and 1 reactions
    The model edge has 1 species and 2 reactions


Saving current model core to Chemkin file...
Chemkin file contains 1 reactions.
Saving annotated version of Chemkin file...
Chemkin file contains 1 reactions.
Saving current model core and edge to Chemkin file...
Chemkin file contains 3 reactions.
Saving annotated version of Chemkin file...
Chemkin file contains 3 reactions.
Saving current model core to HTML file...
Saving current model edge to HTML file...
Updating RMG execution statistics...
    Execution time (DD:HH:MM:SS): 00:00:00:04
    Memory used: 1810.15 MB

Making seed mechanism...
Copying seed from seed directory to /home/alon/Code/RMG-Py-i244-chemkin-duplicate-electron-aware/rmgpy/../test/rmgpy/test_data/mainTest/output/previous_seeds/iteration_number_2
Conducting simulation of reaction system 1...
At time 0.0000e+00 s, species [O]O(4) at 134996897.2931655 exceeded the minimum rate for simulation interruption of 0.001
Reached max number of objects...preparing to terminate
At time 0.0000e+00 s, species [O]O(4) at rate ratio 134996897.2931655 exceeded the minimum rate for moving to model core of 0.001
terminating simulation due to interrupt...


Adding species [O]O(4) to model core

Summary of Model Enlargement
---------------------------------
Added 1 new core species
    [O]O(4)
Created 0 new edge species
Moved 2 reactions from edge to core
    O2(2) + H2(1) <=> H(3) + [O]O(4)
    O2(2) + H(3) <=> [O]O(4)
Added 0 new core reactions
Created 0 new edge reactions

After model enlargement:
    The model core has 8 species and 3 reactions
    The model edge has 0 species and 0 reactions


For reaction generation 1 process is used.
Species  renamed OH(D) based on thermo library name
Species  renamed O(T) based on thermo library name
For reaction O2(2) + [O]O(4) <=> [O]OOO(8), Ea raised from 86.9 to 93.3 kJ/mol to match endothermicity of reaction.
Generating thermo for new species...

Summary of Secondary Model Edge Enlargement
---------------------------------
Added 0 new core species
Created 5 new edge species
    O(T)(6)
    OH(D)(5)
    OO(7)
    [O]OOO(8)
    OOOO(9)
Added 0 new core reactions
Created 6 new edge reactions
    O(T)(6) + OH(D)(5) <=> [O]O(4)
    H(3) + OO(7) <=> [O]O(4) + H2(1)
    O2(2) + [O]O(4) <=> [O]OOO(8)
    H(3) + [O]O(4) <=> OO(7)
    [O]O(4) + [O]O(4) <=> O2(2) + OO(7)
    [O]O(4) + [O]O(4) <=> OOOO(9)

After model enlargement:
    The model core has 8 species and 3 reactions
    The model edge has 5 species and 6 reactions


Saving current model core to Chemkin file...
Chemkin file contains 3 reactions.
Saving annotated version of Chemkin file...
Chemkin file contains 3 reactions.
Saving current model core and edge to Chemkin file...
Chemkin file contains 9 reactions.
Saving annotated version of Chemkin file...
Chemkin file contains 9 reactions.
Saving current model core to HTML file...
Saving current model edge to HTML file...
Updating RMG execution statistics...
    Execution time (DD:HH:MM:SS): 00:00:00:04
    Memory used: 1810.21 MB

Making seed mechanism...
Conducting simulation of reaction system 1...
At time 1.0000e-05 s, species [O]OOO(8) at 0.001149415249853133 exceeded the minimum rate for simulation interruption of 0.001
Reached max number of objects...preparing to terminate
At time 1.0000e-05 s, species [O]OOO(8) at rate ratio 0.001149415249853133 exceeded the minimum rate for moving to model core of 0.001
terminating simulation due to interrupt...


Adding species [O]OOO(8) to model core
Species [O]OOO(8) was Forbidden and not added to Core...Removing from Edge.

Summary of Model Enlargement
---------------------------------
Added 0 new core species
Created 0 new edge species
Added 0 new core reactions
Created 0 new edge reactions

After model enlargement:
    The model core has 8 species and 3 reactions
    The model edge has 4 species and 5 reactions


For reaction generation 1 process is used.

Summary of Secondary Model Edge Enlargement
---------------------------------
Added 0 new core species
Created 0 new edge species
Added 0 new core reactions
Created 0 new edge reactions

After model enlargement:
    The model core has 8 species and 3 reactions
    The model edge has 4 species and 5 reactions


Saving current model core to Chemkin file...
Chemkin file contains 3 reactions.
Saving annotated version of Chemkin file...
Chemkin file contains 3 reactions.
Saving current model core and edge to Chemkin file...
Chemkin file contains 8 reactions.
Saving annotated version of Chemkin file...
Chemkin file contains 8 reactions.
Saving current model core to HTML file...
Saving current model edge to HTML file...
Updating RMG execution statistics...
    Execution time (DD:HH:MM:SS): 00:00:00:04
    Memory used: 1810.21 MB

Making seed mechanism...
Copying seed from seed directory to /home/alon/Code/RMG-Py-i244-chemkin-duplicate-electron-aware/rmgpy/../test/rmgpy/test_data/mainTest/output/previous_seeds/iteration_number_4
Conducting simulation of reaction system 1...
At time 6.6823e-04 s, species OOOO(9) at 0.0013638852012143423 exceeded the minimum rate for simulation interruption of 0.001
Reached max number of objects...preparing to terminate
At time 6.6823e-04 s, species OOOO(9) at rate ratio 0.0013638852012143423 exceeded the minimum rate for moving to model core of 0.001
terminating simulation due to interrupt...


Adding species OOOO(9) to model core
Species OOOO(9) was Forbidden and not added to Core...Removing from Edge.

Summary of Model Enlargement
---------------------------------
Added 0 new core species
Created 0 new edge species
Added 0 new core reactions
Created 0 new edge reactions

After model enlargement:
    The model core has 8 species and 3 reactions
    The model edge has 3 species and 4 reactions


For reaction generation 1 process is used.

Summary of Secondary Model Edge Enlargement
---------------------------------
Added 0 new core species
Created 0 new edge species
Added 0 new core reactions
Created 0 new edge reactions

After model enlargement:
    The model core has 8 species and 3 reactions
    The model edge has 3 species and 4 reactions


Saving current model core to Chemkin file...
Chemkin file contains 3 reactions.
Saving annotated version of Chemkin file...
Chemkin file contains 3 reactions.
Saving current model core and edge to Chemkin file...
Chemkin file contains 7 reactions.
Saving annotated version of Chemkin file...
Chemkin file contains 7 reactions.
Saving current model core to HTML file...
Saving current model edge to HTML file...
Updating RMG execution statistics...
    Execution time (DD:HH:MM:SS): 00:00:00:04
    Memory used: 1810.21 MB

Making seed mechanism...
Conducting simulation of reaction system 1...
At time 1.0000e-03 s, species OO(7) at 0.001009276539908987 exceeded the minimum rate for simulation interruption of 0.001
Reached max number of objects...preparing to terminate
At time 1.0000e-03 s, species OO(7) at rate ratio 0.001009276539908987 exceeded the minimum rate for moving to model core of 0.001
terminating simulation due to interrupt...


Adding species OO(7) to model core

Summary of Model Enlargement
---------------------------------
Added 1 new core species
    OO(7)
Created 0 new edge species
Moved 3 reactions from edge to core
    H(3) + OO(7) <=> [O]O(4) + H2(1)
    H(3) + [O]O(4) <=> OO(7)
    [O]O(4) + [O]O(4) <=> O2(2) + OO(7)
Added 0 new core reactions
Created 0 new edge reactions

After model enlargement:
    The model core has 9 species and 6 reactions
    The model edge has 2 species and 1 reactions


For reaction generation 1 process is used.

Summary of Secondary Model Edge Enlargement
---------------------------------
Added 0 new core species
Created 0 new edge species
Added 0 new core reactions
Created 1 new edge reactions
    OH(D)(5) + OH(D)(5) <=> OO(7)

After model enlargement:
    The model core has 9 species and 6 reactions
    The model edge has 2 species and 2 reactions


Saving current model core to Chemkin file...
Chemkin file contains 6 reactions.
Saving annotated version of Chemkin file...
Chemkin file contains 6 reactions.
Saving current model core and edge to Chemkin file...
Chemkin file contains 8 reactions.
Saving annotated version of Chemkin file...
Chemkin file contains 8 reactions.
Saving current model core to HTML file...
Saving current model edge to HTML file...
Updating RMG execution statistics...
    Execution time (DD:HH:MM:SS): 00:00:00:04
    Memory used: 1810.21 MB

Making seed mechanism...
Copying seed from seed directory to /home/alon/Code/RMG-Py-i244-chemkin-duplicate-electron-aware/rmgpy/../test/rmgpy/test_data/mainTest/output/previous_seeds/iteration_number_6
Conducting simulation of reaction system 1...
At time 3.7252e-04 s, species OH(D)(5) at 0.0012249848347041928 exceeded the minimum rate for simulation interruption of 0.001
Reached max number of objects...preparing to terminate
At time 3.7252e-04 s, species OH(D)(5) at rate ratio 0.0012249848347041928 exceeded the minimum rate for moving to model core of 0.001
terminating simulation due to interrupt...


Adding species OH(D)(5) to model core

Summary of Model Enlargement
---------------------------------
Added 1 new core species
    OH(D)(5)
Created 0 new edge species
Moved 1 reactions from edge to core
    OH(D)(5) + OH(D)(5) <=> OO(7)
Added 0 new core reactions
Created 0 new edge reactions

After model enlargement:
    The model core has 10 species and 7 reactions
    The model edge has 1 species and 1 reactions


For reaction generation 1 process is used.
Species  renamed H2O based on thermo library name
Species  renamed O2(S) based on thermo library name
For reaction O2(2) + OH(D)(5) <=> O2(S)(11) + OH(D)(5), Ea raised from 94.3 to 94.3 kJ/mol to match endothermicity of reaction.
Generating thermo for new species...

Summary of Secondary Model Edge Enlargement
---------------------------------
Added 0 new core species
Created 3 new edge species
    H2O(10)
    O2(S)(11)
    OOO(12)
Added 0 new core reactions
Created 11 new edge reactions
    O(T)(6) + H(3) <=> OH(D)(5)
    OH(D)(5) + H2(1) <=> H(3) + H2O(10)
    O(T)(6) + [O]O(4) <=> O2(2) + OH(D)(5)
    O2(2) + OH(D)(5) <=> O2(S)(11) + OH(D)(5)
    O(T)(6) + H2(1) <=> H(3) + OH(D)(5)
    H(3) + OH(D)(5) <=> H2O(10)
    O2(2) + H2O(10) <=> OH(D)(5) + [O]O(4)
    O(T)(6) + OO(7) <=> OH(D)(5) + [O]O(4)
    OH(D)(5) + [O]O(4) <=> OOO(12)
    OH(D)(5) + OO(7) <=> [O]O(4) + H2O(10)
    O(T)(6) + H2O(10) <=> OH(D)(5) + OH(D)(5)

After model enlargement:
    The model core has 10 species and 7 reactions
    The model edge has 4 species and 12 reactions


Saving current model core to Chemkin file...
Chemkin file contains 7 reactions.
Saving annotated version of Chemkin file...
Chemkin file contains 7 reactions.
Saving current model core and edge to Chemkin file...
Chemkin file contains 19 reactions.
Saving annotated version of Chemkin file...
Chemkin file contains 19 reactions.
Saving current model core to HTML file...
Saving current model edge to HTML file...
Updating RMG execution statistics...
    Execution time (DD:HH:MM:SS): 00:00:00:05
    Memory used: 1810.21 MB

Making seed mechanism...
Conducting simulation of reaction system 1...
At time 8.7754e-04 s, species H2O(10) at 0.0011214469969096873 exceeded the minimum rate for simulation interruption of 0.001
Reached max number of objects...preparing to terminate
At time 8.7754e-04 s, species H2O(10) at rate ratio 0.0011214469969096873 exceeded the minimum rate for moving to model core of 0.001
terminating simulation due to interrupt...


Adding species H2O(10) to model core

Summary of Model Enlargement
---------------------------------
Added 1 new core species
    H2O(10)
Created 0 new edge species
Moved 4 reactions from edge to core
    OH(D)(5) + H2(1) <=> H(3) + H2O(10)
    H(3) + OH(D)(5) <=> H2O(10)
    O2(2) + H2O(10) <=> OH(D)(5) + [O]O(4)
    OH(D)(5) + OO(7) <=> [O]O(4) + H2O(10)
Added 0 new core reactions
Created 0 new edge reactions

After model enlargement:
    The model core has 11 species and 11 reactions
    The model edge has 3 species and 8 reactions


For reaction generation 1 process is used.

Summary of Secondary Model Edge Enlargement
---------------------------------
Added 0 new core species
Created 0 new edge species
Added 0 new core reactions
Created 0 new edge reactions

After model enlargement:
    The model core has 11 species and 11 reactions
    The model edge has 3 species and 8 reactions


Saving current model core to Chemkin file...
Chemkin file contains 11 reactions.
Saving annotated version of Chemkin file...
Chemkin file contains 11 reactions.
Saving current model core and edge to Chemkin file...
Chemkin file contains 19 reactions.
Saving annotated version of Chemkin file...
Chemkin file contains 19 reactions.
Saving current model core to HTML file...
Saving current model edge to HTML file...
Updating RMG execution statistics...
    Execution time (DD:HH:MM:SS): 00:00:00:05
    Memory used: 1810.21 MB

Making seed mechanism...
Copying seed from seed directory to /home/alon/Code/RMG-Py-i244-chemkin-duplicate-electron-aware/rmgpy/../test/rmgpy/test_data/mainTest/output/previous_seeds/iteration_number_8
Conducting simulation of reaction system 1...
At time 1.2683e-03 s, species O2(S)(11) at 0.001035364274932903 exceeded the minimum rate for simulation interruption of 0.001
Reached max number of objects...preparing to terminate
At time 1.2683e-03 s, species O2(S)(11) at rate ratio 0.001035364274932903 exceeded the minimum rate for moving to model core of 0.001
terminating simulation due to interrupt...


Adding species O2(S)(11) to model core

Summary of Model Enlargement
---------------------------------
Added 1 new core species
    O2(S)(11)
Created 0 new edge species
Moved 1 reactions from edge to core
    O2(2) + OH(D)(5) <=> O2(S)(11) + OH(D)(5)
Added 0 new core reactions
Created 0 new edge reactions

After model enlargement:
    The model core has 12 species and 12 reactions
    The model edge has 2 species and 7 reactions


For reaction generation 1 process is used.

Summary of Secondary Model Edge Enlargement
---------------------------------
Added 0 new core species
Created 0 new edge species
Added 0 new core reactions
Created 0 new edge reactions

After model enlargement:
    The model core has 12 species and 12 reactions
    The model edge has 2 species and 7 reactions


Saving current model core to Chemkin file...
Chemkin file contains 12 reactions.
Saving annotated version of Chemkin file...
Chemkin file contains 12 reactions.
Saving current model core and edge to Chemkin file...
Chemkin file contains 19 reactions.
Saving annotated version of Chemkin file...
Chemkin file contains 19 reactions.
Saving current model core to HTML file...
Saving current model edge to HTML file...
Updating RMG execution statistics...
    Execution time (DD:HH:MM:SS): 00:00:00:05
    Memory used: 1810.21 MB

Making seed mechanism...
Conducting simulation of reaction system 1...
At time 2.7144e-03 s, species OOO(12) at 0.0010948450099315789 exceeded the minimum rate for simulation interruption of 0.001
Reached max number of objects...preparing to terminate
At time 2.7144e-03 s, species OOO(12) at rate ratio 0.0010948450099315789 exceeded the minimum rate for moving to model core of 0.001
terminating simulation due to interrupt...


Adding species OOO(12) to model core
Species OOO(12) was Forbidden and not added to Core...Removing from Edge.

Summary of Model Enlargement
---------------------------------
Added 0 new core species
Created 0 new edge species
Added 0 new core reactions
Created 0 new edge reactions

After model enlargement:
    The model core has 12 species and 12 reactions
    The model edge has 1 species and 6 reactions


For reaction generation 1 process is used.

Summary of Secondary Model Edge Enlargement
---------------------------------
Added 0 new core species
Created 0 new edge species
Added 0 new core reactions
Created 0 new edge reactions

After model enlargement:
    The model core has 12 species and 12 reactions
    The model edge has 1 species and 6 reactions


Saving current model core to Chemkin file...
Chemkin file contains 12 reactions.
Saving annotated version of Chemkin file...
Chemkin file contains 12 reactions.
Saving current model core and edge to Chemkin file...
Chemkin file contains 18 reactions.
Saving annotated version of Chemkin file...
Chemkin file contains 18 reactions.
Saving current model core to HTML file...
Saving current model edge to HTML file...
Updating RMG execution statistics...
    Execution time (DD:HH:MM:SS): 00:00:00:05
    Memory used: 1810.62 MB

Making seed mechanism...
Copying seed from seed directory to /home/alon/Code/RMG-Py-i244-chemkin-duplicate-electron-aware/rmgpy/../test/rmgpy/test_data/mainTest/output/previous_seeds/iteration_number_10
Conducting simulation of reaction system 1...
At time 1.3081e-02 s, species O(T)(6) at 0.001007035063103586 exceeded the minimum rate for simulation interruption of 0.001
Reached max number of objects...preparing to terminate
At time 1.3081e-02 s, species O(T)(6) at rate ratio 0.001007035063103586 exceeded the minimum rate for moving to model core of 0.001
terminating simulation due to interrupt...


Adding species O(T)(6) to model core

Summary of Model Enlargement
---------------------------------
Added 1 new core species
    O(T)(6)
Created 0 new edge species
Moved 6 reactions from edge to core
    O(T)(6) + OH(D)(5) <=> [O]O(4)
    O(T)(6) + H(3) <=> OH(D)(5)
    O(T)(6) + [O]O(4) <=> O2(2) + OH(D)(5)
    O(T)(6) + H2(1) <=> H(3) + OH(D)(5)
    O(T)(6) + OO(7) <=> OH(D)(5) + [O]O(4)
    O(T)(6) + H2O(10) <=> OH(D)(5) + OH(D)(5)
Added 0 new core reactions
Created 0 new edge reactions

After model enlargement:
    The model core has 13 species and 18 reactions
    The model edge has 0 species and 0 reactions


For reaction generation 1 process is used.
Generating thermo for new species...

Summary of Secondary Model Edge Enlargement
---------------------------------
Added 0 new core species
Created 1 new edge species
    [O]O[O](13)
Added 1 new core reactions
    O(T)(6) + [O]O(4) <=> O2(S)(11) + OH(D)(5)
Created 1 new edge reactions
    O(T)(6) + O2(2) <=> [O]O[O](13)

After model enlargement:
    The model core has 13 species and 19 reactions
    The model edge has 1 species and 1 reactions


Saving current model core to Chemkin file...
Chemkin file contains 19 reactions.
Saving annotated version of Chemkin file...
Chemkin file contains 19 reactions.
Saving current model core and edge to Chemkin file...
Chemkin file contains 20 reactions.
Saving annotated version of Chemkin file...
Chemkin file contains 20 reactions.
Saving current model core to HTML file...
Saving current model edge to HTML file...
Updating RMG execution statistics...
    Execution time (DD:HH:MM:SS): 00:00:00:05
    Memory used: 1811.04 MB

MODEL GENERATION TERMINATED

The maximum number of iterations of 10 has been reached
The output model may be incomplete.

The current model core has 13 species and 19 reactions
The current model edge has 1 species and 1 reactions
Making seed mechanism...
Saving current model core to Chemkin file...
Chemkin file contains 19 reactions.
Saving annotated version of Chemkin file...
Chemkin file contains 19 reactions.
Saving current model core and edge to Chemkin file...
Chemkin file contains 20 reactions.
Saving annotated version of Chemkin file...
Chemkin file contains 20 reactions.
Saving current model core to HTML file...
Saving current model edge to HTML file...
Updating RMG execution statistics...
    Execution time (DD:HH:MM:SS): 00:00:00:05
    Memory used: 1811.04 MB

Translating final chemkin file into Cantera yaml.
Performing final model checks...
No collision rate violators found in the model's core.

RMG execution terminated at Tue Sep 22 08:28:35 2026
PASSED
test/rmgpy/rmg/mainTest.py::TestMainFunctions::test_max_iter PASSED
test/rmgpy/rmg/mainTest.py::TestProfiling::test_make_profile_graph PASSED
test/rmgpy/rmg/mainTest.py::TestCanteraOutputConversion::test_chemkin_to_cantera_conversion *******************************************************************************
No thermo data found for species 'ethane(1)'
Error: Error converting to Cantera format.
Traceback (most recent call last):
  File "/home/alon/Code/RMG-Py-i244-chemkin-duplicate-electron-aware/rmgpy/rmg/main.py", line 2260, in generate_cantera_files_from_chemkin
    parser.convert_mech(chemkin_file, transport_file=transport_file, out_name=out_name, quiet=True, permissive=True, **kwargs)
  File "/home/alon/Code/Cantera/build/python/cantera/ck2yaml.py", line 2216, in convert_mech
    raise InputError('\n'.join(parser.handler.errors))
cantera.ck2yaml.InputError: No thermo data found for species 'ethane(1)'
Please check https://cantera.org/stable/userguide/ck2yaml-tutorial.html#debugging-common-errors-in-ck-files
for the correct Chemkin syntax.
Trying again without transport data file.
*******************************************************************************
No thermo data found for species 'ethane(1)'
*******************************************************************************
No thermo data found for species 'CH3(4)'
Error: Error converting to Cantera format.
Traceback (most recent call last):
  File "/home/alon/Code/RMG-Py-i244-chemkin-duplicate-electron-aware/rmgpy/rmg/main.py", line 2260, in generate_cantera_files_from_chemkin
    parser.convert_mech(chemkin_file, transport_file=transport_file, out_name=out_name, quiet=True, permissive=True, **kwargs)
  File "/home/alon/Code/Cantera/build/python/cantera/ck2yaml.py", line 2216, in convert_mech
    raise InputError('\n'.join(parser.handler.errors))
cantera.ck2yaml.InputError: No thermo data found for species 'CH3(4)'
Please check https://cantera.org/stable/userguide/ck2yaml-tutorial.html#debugging-common-errors-in-ck-files
for the correct Chemkin syntax.
Trying again without transport data file.
*******************************************************************************
No thermo data found for species 'CH3(4)'
PASSED
test/rmgpy/rmg/modelTest.py::TestSpecies::test_get_thermo_data Loading thermodynamics library from PlasmaCationThermo.py in /home/alon/Code/RMG-database-plasma/input/thermo/libraries...
Loading thermodynamics library from LithiumAdditionalThermo.py in /home/alon/Code/RMG-database-plasma/input/thermo/libraries...
Loading thermodynamics library from SulfurLibrary.py in /home/alon/Code/RMG-database-plasma/input/thermo/libraries...
Loading thermodynamics library from halogens.py in /home/alon/Code/RMG-database-plasma/input/thermo/libraries...
Loading thermodynamics library from CO2RR_Adsorbates_Cu111.py in /home/alon/Code/RMG-database-plasma/input/thermo/libraries...
Loading thermodynamics library from primaryNS.py in /home/alon/Code/RMG-database-plasma/input/thermo/libraries...
Loading thermodynamics library from CH.py in /home/alon/Code/RMG-database-plasma/input/thermo/libraries...
Loading thermodynamics library from CHOFCl_G4.py in /home/alon/Code/RMG-database-plasma/input/thermo/libraries...
Loading thermodynamics library from bio_oil.py in /home/alon/Code/RMG-database-plasma/input/thermo/libraries...
Loading thermodynamics library from BurkeH2O2.py in /home/alon/Code/RMG-database-plasma/input/thermo/libraries...
Loading thermodynamics library from CHO.py in /home/alon/Code/RMG-database-plasma/input/thermo/libraries...
Loading thermodynamics library from SulfurHaynes.py in /home/alon/Code/RMG-database-plasma/input/thermo/libraries...
Loading thermodynamics library from C3.py in /home/alon/Code/RMG-database-plasma/input/thermo/libraries...
Loading thermodynamics library from CHOClBr_G4.py in /home/alon/Code/RMG-database-plasma/input/thermo/libraries...
Loading thermodynamics library from JetSurF2.0.py in /home/alon/Code/RMG-database-plasma/input/thermo/libraries...
Loading thermodynamics library from electrocatLiThermo.py in /home/alon/Code/RMG-database-plasma/input/thermo/libraries...
Loading thermodynamics library from CHOBr_G4.py in /home/alon/Code/RMG-database-plasma/input/thermo/libraries...
Loading thermodynamics library from LithiumPrimaryThermo.py in /home/alon/Code/RMG-database-plasma/input/thermo/libraries...
Loading thermodynamics library from CHOF_G4.py in /home/alon/Code/RMG-database-plasma/input/thermo/libraries...
Loading thermodynamics library from C10H11.py in /home/alon/Code/RMG-database-plasma/input/thermo/libraries...
Loading thermodynamics library from SulfurGlarborgNS.py in /home/alon/Code/RMG-database-plasma/input/thermo/libraries...
Loading thermodynamics library from Narayanaswamy.py in /home/alon/Code/RMG-database-plasma/input/thermo/libraries...
Loading thermodynamics library from CBS_QB3_1dHR.py in /home/alon/Code/RMG-database-plasma/input/thermo/libraries...
Loading thermodynamics library from NH3.py in /home/alon/Code/RMG-database-plasma/input/thermo/libraries...
Loading thermodynamics library from SulfurGlarborgMarshall.py in /home/alon/Code/RMG-database-plasma/input/thermo/libraries...
Loading thermodynamics library from CO2RR_Adsorbates_Ag111.py in /home/alon/Code/RMG-database-plasma/input/thermo/libraries...
Loading thermodynamics library from CN.py in /home/alon/Code/RMG-database-plasma/input/thermo/libraries...
Loading thermodynamics library from 2-BTP.py in /home/alon/Code/RMG-database-plasma/input/thermo/libraries...
Loading thermodynamics library from surfaceThermoCovDepPt111.py in /home/alon/Code/RMG-database-plasma/input/thermo/libraries...
Loading thermodynamics library from SulfurGlarborgH2S.py in /home/alon/Code/RMG-database-plasma/input/thermo/libraries...
Loading thermodynamics library from Spiekermann_refining_elementary_reactions.py in /home/alon/Code/RMG-database-plasma/input/thermo/libraries...
Loading thermodynamics library from CHOFBr_G4.py in /home/alon/Code/RMG-database-plasma/input/thermo/libraries...
Loading thermodynamics library from iodinated_Hydrocarbons.py in /home/alon/Code/RMG-database-plasma/input/thermo/libraries...
Loading thermodynamics library from FormicAcid.py in /home/alon/Code/RMG-database-plasma/input/thermo/libraries...
Loading thermodynamics library from DFT_QCI_thermo.py in /home/alon/Code/RMG-database-plasma/input/thermo/libraries...
Loading thermodynamics library from NISTThermoLibrary.py in /home/alon/Code/RMG-database-plasma/input/thermo/libraries...
Loading thermodynamics library from primaryThermoLibrary.py in /home/alon/Code/RMG-database-plasma/input/thermo/libraries...
Loading thermodynamics library from SulfurGlarborgBozzelli.py in /home/alon/Code/RMG-database-plasma/input/thermo/libraries...
Loading thermodynamics library from Butadiene_Dimerization.py in /home/alon/Code/RMG-database-plasma/input/thermo/libraries...
Loading thermodynamics library from naphthalene_H.py in /home/alon/Code/RMG-database-plasma/input/thermo/libraries...
Loading thermodynamics library from Chernov.py in /home/alon/Code/RMG-database-plasma/input/thermo/libraries...
Loading thermodynamics library from Chlorination.py in /home/alon/Code/RMG-database-plasma/input/thermo/libraries...
Loading thermodynamics library from FFCM1(-).py in /home/alon/Code/RMG-database-plasma/input/thermo/libraries...
Loading thermodynamics library from Fluorine.py in /home/alon/Code/RMG-database-plasma/input/thermo/libraries...
Loading thermodynamics library from CHOCl_G4.py in /home/alon/Code/RMG-database-plasma/input/thermo/libraries...
Loading thermodynamics library from Lai_Hexylbenzene.py in /home/alon/Code/RMG-database-plasma/input/thermo/libraries...
Loading thermodynamics library from Fulvene_H.py in /home/alon/Code/RMG-database-plasma/input/thermo/libraries...
Loading thermodynamics library from CHOFClBr_G4.py in /home/alon/Code/RMG-database-plasma/input/thermo/libraries...
Loading thermodynamics library from USC-Mech-ii.py in /home/alon/Code/RMG-database-plasma/input/thermo/libraries...
Loading thermodynamics library from GRI-Mech3.0.py in /home/alon/Code/RMG-database-plasma/input/thermo/libraries...
Loading thermodynamics library from Klippenstein_Glarborg2016.py in /home/alon/Code/RMG-database-plasma/input/thermo/libraries...
Loading thermodynamics library from s3_5_7_ane.py in /home/alon/Code/RMG-database-plasma/input/thermo/libraries...
Loading thermodynamics library from Elliott_OOQOOH.py in /home/alon/Code/RMG-database-plasma/input/thermo/libraries...
Loading thermodynamics library from LithiumPrimaryThermo2.py in /home/alon/Code/RMG-database-plasma/input/thermo/libraries...
Loading thermodynamics library from surfaceThermoNi111.py in /home/alon/Code/RMG-database-plasma/input/thermo/libraries...
Loading thermodynamics library from heavy_oil_ccsdtf12_1dHR.py in /home/alon/Code/RMG-database-plasma/input/thermo/libraries...
Loading thermodynamics library from surfaceThermoLi.py in /home/alon/Code/RMG-database-plasma/input/thermo/libraries...
Loading thermodynamics library from CurranPentane.py in /home/alon/Code/RMG-database-plasma/input/thermo/libraries...
Loading thermodynamics library from CHON.py in /home/alon/Code/RMG-database-plasma/input/thermo/libraries...
Loading thermodynamics library from NitrogenCurran.py in /home/alon/Code/RMG-database-plasma/input/thermo/libraries...
Loading thermodynamics library from SABIC_aromatics_1dHR_extended.py in /home/alon/Code/RMG-database-plasma/input/thermo/libraries...
Loading thermodynamics library from LithiumSurface.py in /home/alon/Code/RMG-database-plasma/input/thermo/libraries...
Loading thermodynamics library from BurcatNS.py in /home/alon/Code/RMG-database-plasma/input/thermo/libraries...
Loading thermodynamics library from electrocatThermo.py in /home/alon/Code/RMG-database-plasma/input/thermo/libraries...
Loading thermodynamics library from JetSurF1.0.py in /home/alon/Code/RMG-database-plasma/input/thermo/libraries...
Loading thermodynamics library from Chlorinated_Hydrocarbons.py in /home/alon/Code/RMG-database-plasma/input/thermo/libraries...
Loading thermodynamics library from thermo_DFT_CCSDTF12_BAC.py in /home/alon/Code/RMG-database-plasma/input/thermo/libraries...
Loading thermodynamics library from SABIC_aromatics_1dHR.py in /home/alon/Code/RMG-database-plasma/input/thermo/libraries...
Loading thermodynamics library from GRI-Mech3.0-N.py in /home/alon/Code/RMG-database-plasma/input/thermo/libraries...
Loading thermodynamics library from CO2RR_Adsorbates_Cu3Sn0001.py in /home/alon/Code/RMG-database-plasma/input/thermo/libraries...
Loading thermodynamics library from 2-BTP_G4.py in /home/alon/Code/RMG-database-plasma/input/thermo/libraries...
Loading thermodynamics library from NOx2018.py in /home/alon/Code/RMG-database-plasma/input/thermo/libraries...
Loading thermodynamics library from SABIC_aromatics.py in /home/alon/Code/RMG-database-plasma/input/thermo/libraries...
Loading thermodynamics library from CHON_G4.py in /home/alon/Code/RMG-database-plasma/input/thermo/libraries...
Loading thermodynamics library from vinylCPD_H.py in /home/alon/Code/RMG-database-plasma/input/thermo/libraries...
Loading thermodynamics library from surfaceThermoPt111.py in /home/alon/Code/RMG-database-plasma/input/thermo/libraries...
Loading thermodynamics library from CHN.py in /home/alon/Code/RMG-database-plasma/input/thermo/libraries...
Loading thermodynamics library from computationalLithiumElectrode.py in /home/alon/Code/RMG-database-plasma/input/thermo/libraries...
Loading thermodynamics group database from /home/alon/Code/RMG-database-plasma/input/thermo/groups...
Loading thermodynamics SIDTs from /home/alon/Code/RMG-database-plasma/input/thermo/sidt...
PASSED
test/rmgpy/rmg/modelTest.py::TestCoreEdgeReactionModel::test_add_new_surface_objects Warning: An instance of RMGDatabase already exists. Re-initializing it.
For reaction generation 2 processes are used.
For reaction generation 2 processes are used.
PASSED
test/rmgpy/rmg/modelTest.py::TestCoreEdgeReactionModel::test_make_new_species PASSED
test/rmgpy/rmg/modelTest.py::TestCoreEdgeReactionModel::test_append_unreactive_structure PASSED
test/rmgpy/rmg/modelTest.py::TestCoreEdgeReactionModel::test_make_new_species_does_not_collapse_opposite_charges PASSED
test/rmgpy/rmg/modelTest.py::TestCoreEdgeReactionModel::test_check_for_existing_species_cache_branch_is_charge_aware PASSED
test/rmgpy/rmg/modelTest.py::TestCoreEdgeReactionModel::test_make_new_reaction For reaction generation 2 processes are used.
PASSED
test/rmgpy/rmg/modelTest.py::TestCoreEdgeReactionModel::test_thermo_filter_species Removing species [CH2](4) with Gibbs energy 332913.32347432553 from edge because it's Gibbs number 1.1148750163211094 is greater than the thermo_tol_keep_spc_in_edge of 0.0 
PASSED
test/rmgpy/rmg/modelTest.py::TestCoreEdgeReactionModel::test_thermo_filter_down Reached maximum number of edge species
Attempting to remove excess edge species with Thermodynamic filtering
Removing species [CH2](4) from edge to meet maximum number of edge species, Gibbs number is 1.1148750163211094
Removing species [CH3](3) from edge to meet maximum number of edge species, Gibbs number is 0.0
Removing species [OH](1) from edge to meet maximum number of edge species, Gibbs number is -0.4875090493531258
Garbage collector: collected 1882 objects.
PASSED
test/rmgpy/rmg/modelTest.py::TestCoreEdgeReactionModel::test_check_for_existing_reaction_eliminates_identical_reactions PASSED
test/rmgpy/rmg/modelTest.py::TestCoreEdgeReactionModel::test_check_for_existing_reaction_keeps_identical_reactions_with_duplicate_flag PASSED
test/rmgpy/rmg/modelTest.py::TestCoreEdgeReactionModel::test_check_for_existing_reaction_eliminates_identical_reactions_without_duplicate_flag PASSED
test/rmgpy/rmg/modelTest.py::TestCoreEdgeReactionModel::test_check_for_existing_reaction_removes_duplicates_in_opposite_directions PASSED
test/rmgpy/rmg/modelTest.py::TestCoreEdgeReactionModel::test_check_for_existing_reaction_eliminates_same_reaction_from_reverse_multiple_templates PASSED
test/rmgpy/rmg/modelTest.py::TestEnlarge::test_enlarge_1_add_nonreactive_species Loading transport library from NIST_Fluorine.py in /home/alon/Code/RMG-database-plasma/input/transport/libraries...
Loading transport library from PrimaryTransportLibrary.py in /home/alon/Code/RMG-database-plasma/input/transport/libraries...
Loading transport library from GRI-Mech.py in /home/alon/Code/RMG-database-plasma/input/transport/libraries...
Loading transport library from OneDMinN2.py in /home/alon/Code/RMG-database-plasma/input/transport/libraries...
Loading transport library from NOx2018.py in /home/alon/Code/RMG-database-plasma/input/transport/libraries...
Loading transport group database from /home/alon/Code/RMG-database-plasma/input/transport/groups...
Loading frequencies library from halogens_G4.py in /home/alon/Code/RMG-database-plasma/input/statmech/libraries...
Loading frequencies group database from /home/alon/Code/RMG-database-plasma/input/statmech/groups...
Loading solvation thermodynamics group database from /home/alon/Code/RMG-database-plasma/input/solvation/groups...
Loading thermodynamics library from primaryThermoLibrary.py in /home/alon/Code/RMG-database-plasma/input/thermo/libraries...
Loading thermodynamics group database from /home/alon/Code/RMG-database-plasma/input/thermo/groups...
Loading thermodynamics SIDTs from /home/alon/Code/RMG-database-plasma/input/thermo/sidt...
NOT generating reactions for unreactive species He
Updating 0 modified unimolecular reaction networks (out of 0)...


Summary of Model Enlargement
---------------------------------
Added 1 new core species
    He
Created 0 new edge species
Added 0 new core reactions
Created 0 new edge reactions

After model enlargement:
    The model core has 1 species and 0 reactions
    The model edge has 0 species and 0 reactions


PASSED
test/rmgpy/rmg/modelTest.py::TestEnlarge::test_enlarge_2_add_reactive_species Adding species C2H4(1) to model core
Updating 0 modified unimolecular reaction networks (out of 0)...


Summary of Model Enlargement
---------------------------------
Added 1 new core species
    C2H4(1)
Created 0 new edge species
Added 0 new core reactions
Created 0 new edge reactions

After model enlargement:
    The model core has 2 species and 0 reactions
    The model edge has 0 species and 0 reactions


Adding species CH3(2) to model core
Updating 0 modified unimolecular reaction networks (out of 0)...


Summary of Model Enlargement
---------------------------------
Added 1 new core species
    CH3(2)
Created 0 new edge species
Added 0 new core reactions
Created 0 new edge reactions

After model enlargement:
    The model core has 3 species and 0 reactions
    The model edge has 0 species and 0 reactions


PASSED
test/rmgpy/rmg/modelTest.py::TestEnlarge::test_enlarge_3_react_edge For reaction generation 1 process is used.
Species  renamed H based on thermo library name
Generating thermo for new species...
Updating 1 modified unimolecular reaction networks (out of 1)...
Updating PDepNetwork #1
Warning: For CC, more characteristic frequencies were generated than vibrational modes allowed. Removed 1 groups (9 frequencies) to compensate.
Warning: Maximum number of iterations reached when fitting spectral data for CC.
Warning: Statmech node 'C_R1' and all its parents have data = None
Warning: For C[CH2], more characteristic frequencies were generated than vibrational modes allowed. Removed 1 groups (6 frequencies) to compensate.
Calculating densities of states for PDepNetwork #1 network...
Using 540 grains from -0.00 to 1118.80 kJ/mol in steps of 2.08 kJ/mol to compute densities of states
Calculating phenomenological rate coefficients for H(4) + C[CH2](3) <=> C2H4(1)...
Using 250 grains from -0.00 to 517.68 kJ/mol in steps of 2.08 kJ/mol to compute the k(T,P) values at 302.491 K
Using 252 grains from -0.00 to 525.09 kJ/mol in steps of 2.09 kJ/mol to compute the k(T,P) values at 323.355 K
Using 260 grains from -0.00 to 541.83 kJ/mol in steps of 2.09 kJ/mol to compute the k(T,P) values at 370.585 K
Using 274 grains from -0.00 to 571.12 kJ/mol in steps of 2.09 kJ/mol to compute the k(T,P) values at 457.988 K
Using 299 grains from -0.00 to 623.41 kJ/mol in steps of 2.09 kJ/mol to compute the k(T,P) values at 614.983 K
Using 344 grains from -0.00 to 717.56 kJ/mol in steps of 2.09 kJ/mol to compute the k(T,P) values at 900.017 K
Using 423 grains from -0.00 to 882.82 kJ/mol in steps of 2.09 kJ/mol to compute the k(T,P) values at 1394.8 K
Using 517 grains from -0.00 to 1079.47 kJ/mol in steps of 2.09 kJ/mol to compute the k(T,P) values at 1985.54 K
========================================================================
PDepNetwork #1 network information
----------------------------------
Isomers:
    C2H4(1)                                          -3.12436e-06 kJ/mol
Reactant channels:
    CH3(2) + CH3(2)                                       367.507 kJ/mol
Product channels:
    H(4) + C[CH2](3)                                      417.075 kJ/mol
Path reactions:
    CH3(2) + CH3(2) <=> C2H4(1)                           368.072 kJ/mol
    H(4) + C[CH2](3) <=> C2H4(1)                          417.075 kJ/mol
Net reactions:
    C2H4(1) => CH3(2) + CH3(2)                      
    C2H4(1) => H(4) + C[CH2](3)                     
========================================================================



Summary of Secondary Model Edge Enlargement
---------------------------------
Added 0 new core species
Created 2 new edge species
    H(4)
    C[CH2](3)
Added 1 new core reactions
    C2H4(1) <=> CH3(2) + CH3(2)
Created 1 new edge reactions
    C2H4(1) => H(4) + C[CH2](3)

After model enlargement:
    The model core has 3 species and 1 reactions
    The model edge has 2 species and 1 reactions


PASSED
test/rmgpy/rmg/modelTest.py::TestEnlarge::test_enlarge_4_create_pdep_network PASSED
test/rmgpy/rmg/outputTest.py::TestOutput::test_save_output_html Thermo file has default temperature range 300.0 to 1000.0 and 1000.0 to 5000.0
PASSED
test/rmgpy/rmg/outputTest.py::TestOutput::test_save_output_html_edge_places_electron_for_charged_reaction Thermo file has default temperature range 300.0 to 1000.0 and 1000.0 to 5000.0
PASSED
test/rmgpy/rmg/pdepTest.py::TestPdep::test_energy_filter Error: to TS
PASSED
test/rmgpy/rmg/pdepTest.py::TestPdep::test_flux_filter Warning: Falling back flux reduction from Steady State analysis to rate coefficient analysis
PASSED
test/rmgpy/rmg/pdepTest.py::TestPdep::test_copy PASSED
test/rmgpy/rmg/reactTest.py::TestReact::test_react For reaction generation 1 process is used.
PASSED
test/rmgpy/rmg/reactTest.py::TestReact::test_react_parallel For reaction generation 2 processes are used.
PASSED
test/rmgpy/rmg/reactTest.py::TestReact::test_react_all For reaction generation 1 process is used.
PASSED
test/rmgpy/rmg/reactTest.py::TestReact::test_react_all_parallel For reaction generation 2 processes are used.
PASSED
test/rmgpy/rmg/rmgTest.py::TestRMGWorkFlow::test_deterministic_reaction_template_matching SKIPPED
test/rmgpy/rmg/rmgTest.py::TestRMGWorkFlow::test_check_for_existing_species_for_bi_aromatics PASSED
test/rmgpy/rmg/rmgTest.py::TestRMGScript::test_parse_command_line_arguments_defaults PASSED
test/rmgpy/rmg/rmgTest.py::TestRMGScript::test_parse_command_line_non_defaults PASSED
test/arkane/arkaneFunctionalInputTest.py::FunctionalInputTest::test_species Loading species CH2O...
PASSED
test/arkane/arkaneFunctionalInputTest.py::FunctionalInputTest::test_species_atomic_nasa_polynomial SKIPPED
test/arkane/arkaneFunctionalInputTest.py::FunctionalInputTest::test_species_polyatomic_nasa_polynomial SKIPPED
test/arkane/arkaneFunctionalInputTest.py::FunctionalInputTest::test_transition_state Loading transition state TS1...
PASSED
test/arkane/arkaneFunctionalInputTest.py::FunctionalInputTest::test_reaction Loading species methoxy...
Loading species formaldehyde...
Loading species H...
Loading transition state TS3...
Loading reaction CH2O+H=Methoxy...
PASSED
test/arkane/arkaneFunctionalInputTest.py::FunctionalInputTest::test_load_input_file Databases not found. Making databases
Loading frequencies library from halogens_G4.py in /home/alon/Code/RMG-database-plasma/input/statmech/libraries...
Loading frequencies group database from /home/alon/Code/RMG-database-plasma/input/statmech/groups...
Loading transport library from NIST_Fluorine.py in /home/alon/Code/RMG-database-plasma/input/transport/libraries...
Loading transport library from PrimaryTransportLibrary.py in /home/alon/Code/RMG-database-plasma/input/transport/libraries...
Loading transport library from GRI-Mech.py in /home/alon/Code/RMG-database-plasma/input/transport/libraries...
Loading transport library from OneDMinN2.py in /home/alon/Code/RMG-database-plasma/input/transport/libraries...
Loading transport library from NOx2018.py in /home/alon/Code/RMG-database-plasma/input/transport/libraries...
Loading transport group database from /home/alon/Code/RMG-database-plasma/input/transport/groups...
Loading species acetylperoxy...
Loading species hydroperoxylvinoxy...
Loading species acetyl...
Loading species oxygen...
Loading species ketene...
Loading species lactone...
Loading species hydroxyl...
Loading species hydroperoxyl...
Loading species nitrogen...
Loading transition state entrance1...
Loading transition state isom1...
Loading transition state exit1...
Loading transition state exit2...
Loading transition state exit3...
Loading reaction entrance1...
Loading reaction isom1...
Loading reaction exit1...
Loading reaction exit2...
Loading reaction exit3...
Loading network acetyl + O2...
PASSED
test/arkane/arkaneFunctionalInputTest.py::FunctionalInputTest::test_process_model_chemistry PASSED
test/arkane/arkaneInputTest.py::TestArkaneInput::test_species SKIPPED
test/arkane/arkaneInputTest.py::TestArkaneInput::test_transition_state SKIPPED
test/arkane/arkaneKineticsTest.py::ArkaneKineticsTest::test_give_tlist_for_kineticsjob PASSED
test/arkane/arkaneKineticsTest.py::ArkaneKineticsTest::test_give_temperature_range_for_kineticsjob PASSED
test/arkane/arkaneKineticsTest.py::ArkaneKineticsTest::test_get_tlist_for_kineticsjob PASSED
test/arkane/arkaneMainTest.py::TestArkaneExamples::test_arkane_examples running /home/alon/Code/RMG-Py-i244-chemkin-duplicate-electron-aware/test/../examples/arkane/species/Benzyl
Arkane execution initiated at Tue Sep 22 08:28:54 2026

################################################################
#                                                              #
# Automated Reaction Kinetics and Network Exploration (Arkane) #
#                                                              #
#   Version: 4.0.0                                             #
#   Authors: RMG Developers (rmg_dev@mit.edu)                  #
#   P.I.s:   William H. Green (whgreen@mit.edu)                #
#            Richard H. West (r.west@neu.edu)                  #
#   Website: https://reactionmechanismgenerator.github.io/      #
#                                                              #
################################################################

The current git HEAD for RMG-Py is:
	4be053318960481be6c6a98cad549c725f384a30
	Tue Sep 22 00:43:24 2026 +0300

The current git HEAD for RMG-database is:
	96f2afa4a172def46364379532f3987262e82b6c
	Mon Sep 21 13:23:54 2026 +0300

Databases not found. Making databases
Loading frequencies library from halogens_G4.py in /home/alon/Code/RMG-database-plasma/input/statmech/libraries...
Loading frequencies group database from /home/alon/Code/RMG-database-plasma/input/statmech/groups...
Loading transport library from NIST_Fluorine.py in /home/alon/Code/RMG-database-plasma/input/transport/libraries...
Loading transport library from PrimaryTransportLibrary.py in /home/alon/Code/RMG-database-plasma/input/transport/libraries...
Loading transport library from GRI-Mech.py in /home/alon/Code/RMG-database-plasma/input/transport/libraries...
Loading transport library from OneDMinN2.py in /home/alon/Code/RMG-database-plasma/input/transport/libraries...
Loading transport library from NOx2018.py in /home/alon/Code/RMG-database-plasma/input/transport/libraries...
Loading transport group database from /home/alon/Code/RMG-database-plasma/input/transport/groups...
Loading species C7H7...
Assigned a frequency scale factor of 1.00386 for LevelOfTheory(method='cbsqb3')


Loading statistical mechanics parameters for C7H7...
Determined a symmetry number of 2 for rotor of species C7H7 between pivots [12, 4] based on the number of peaks and valleys, all within the determined resolution criteria.
Warning: Column 39 of the QR decomposition is nearly zero, could lose a basis
Warning: Column 41 of the QR decomposition is nearly zero, could lose a basis
Symmetry input file written to /home/alon/Code/RMG-Py-i244-chemkin-duplicate-electron-aware/scratch/0.symm
Point group: C2v
Saving statistical mechanics parameters for C7H7...
Saving thermo for C7H7...
Warning: Could not write chemkin output due to error: list index out of range for species C7H7

Arkane execution terminated at Tue Sep 22 08:28:54 2026
executed /home/alon/Code/RMG-Py-i244-chemkin-duplicate-electron-aware/test/../examples/arkane/species/Benzyl
running /home/alon/Code/RMG-Py-i244-chemkin-duplicate-electron-aware/test/../examples/arkane/species/C2H4
Arkane execution initiated at Tue Sep 22 08:28:54 2026

################################################################
#                                                              #
# Automated Reaction Kinetics and Network Exploration (Arkane) #
#                                                              #
#   Version: 4.0.0                                             #
#   Authors: RMG Developers (rmg_dev@mit.edu)                  #
#   P.I.s:   William H. Green (whgreen@mit.edu)                #
#            Richard H. West (r.west@neu.edu)                  #
#   Website: https://reactionmechanismgenerator.github.io/      #
#                                                              #
################################################################

The current git HEAD for RMG-Py is:
	4be053318960481be6c6a98cad549c725f384a30
	Tue Sep 22 00:43:24 2026 +0300

The current git HEAD for RMG-database is:
	96f2afa4a172def46364379532f3987262e82b6c
	Mon Sep 21 13:23:54 2026 +0300

Loading species C2H4...
Assigned a frequency scale factor of 1.00386 for LevelOfTheory(method='cbsqb3')


Loading statistical mechanics parameters for C2H4...
Symmetry input file written to /home/alon/Code/RMG-Py-i244-chemkin-duplicate-electron-aware/scratch/0.symm
Point group: D2h
Saving statistical mechanics parameters for C2H4...
Saving thermo for C2H4...

Arkane execution terminated at Tue Sep 22 08:28:55 2026
executed /home/alon/Code/RMG-Py-i244-chemkin-duplicate-electron-aware/test/../examples/arkane/species/C2H4
running /home/alon/Code/RMG-Py-i244-chemkin-duplicate-electron-aware/test/../examples/arkane/species/C2H5
Arkane execution initiated at Tue Sep 22 08:28:55 2026

################################################################
#                                                              #
# Automated Reaction Kinetics and Network Exploration (Arkane) #
#                                                              #
#   Version: 4.0.0                                             #
#   Authors: RMG Developers (rmg_dev@mit.edu)                  #
#   P.I.s:   William H. Green (whgreen@mit.edu)                #
#            Richard H. West (r.west@neu.edu)                  #
#   Website: https://reactionmechanismgenerator.github.io/      #
#                                                              #
################################################################

The current git HEAD for RMG-Py is:
	4be053318960481be6c6a98cad549c725f384a30
	Tue Sep 22 00:43:24 2026 +0300

The current git HEAD for RMG-database is:
	96f2afa4a172def46364379532f3987262e82b6c
	Mon Sep 21 13:23:54 2026 +0300

Loading species C2H5...
Assigned a frequency scale factor of 1.00386 for LevelOfTheory(method='cbsqb3')


Loading statistical mechanics parameters for C2H5...
Warning: Determined symmetry number 6 for rotor of species C2H5 between pivots [1, 2]; you should make sure this makes sense
Warning: Column 20 of the QR decomposition is nearly zero, could lose a basis
Symmetry input file written to /home/alon/Code/RMG-Py-i244-chemkin-duplicate-electron-aware/scratch/0.symm
Point group: Cs
Saving statistical mechanics parameters for C2H5...
Saving thermo for C2H5...
Warning: Could not write chemkin output due to error: Cannot generate Chemkin string for species "C2H5": Thermodynamics data must be a NASA object. for species C2H5

Arkane execution terminated at Tue Sep 22 08:28:55 2026
executed /home/alon/Code/RMG-Py-i244-chemkin-duplicate-electron-aware/test/../examples/arkane/species/C2H5
running /home/alon/Code/RMG-Py-i244-chemkin-duplicate-electron-aware/test/../examples/arkane/species/C2H6
Arkane execution initiated at Tue Sep 22 08:28:55 2026

################################################################
#                                                              #
# Automated Reaction Kinetics and Network Exploration (Arkane) #
#                                                              #
#   Version: 4.0.0                                             #
#   Authors: RMG Developers (rmg_dev@mit.edu)                  #
#   P.I.s:   William H. Green (whgreen@mit.edu)                #
#            Richard H. West (r.west@neu.edu)                  #
#   Website: https://reactionmechanismgenerator.github.io/      #
#                                                              #
################################################################

The current git HEAD for RMG-Py is:
	4be053318960481be6c6a98cad549c725f384a30
	Tue Sep 22 00:43:24 2026 +0300

The current git HEAD for RMG-database is:
	96f2afa4a172def46364379532f3987262e82b6c
	Mon Sep 21 13:23:54 2026 +0300

Loading species C2H6...


Loading statistical mechanics parameters for C2H6...
Determined a symmetry number of 3 for rotor of species C2H6 between pivots [1, 5] based on the number of peaks and valleys, all within the determined resolution criteria.
Warning: Column 23 of the QR decomposition is nearly zero, could lose a basis
Symmetry input file written to /home/alon/Code/RMG-Py-i244-chemkin-duplicate-electron-aware/scratch/0.symm
Point group: D3d
Saving statistical mechanics parameters for C2H6...
Saving thermo for C2H6...

Arkane execution terminated at Tue Sep 22 08:28:56 2026
executed /home/alon/Code/RMG-Py-i244-chemkin-duplicate-electron-aware/test/../examples/arkane/species/C2H6
running /home/alon/Code/RMG-Py-i244-chemkin-duplicate-electron-aware/test/../examples/arkane/species/C2H6_from_yaml
Arkane execution initiated at Tue Sep 22 08:28:56 2026

################################################################
#                                                              #
# Automated Reaction Kinetics and Network Exploration (Arkane) #
#                                                              #
#   Version: 4.0.0                                             #
#   Authors: RMG Developers (rmg_dev@mit.edu)                  #
#   P.I.s:   William H. Green (whgreen@mit.edu)                #
#            Richard H. West (r.west@neu.edu)                  #
#   Website: https://reactionmechanismgenerator.github.io/      #
#                                                              #
################################################################

The current git HEAD for RMG-Py is:
	4be053318960481be6c6a98cad549c725f384a30
	Tue Sep 22 00:43:24 2026 +0300

The current git HEAD for RMG-database is:
	96f2afa4a172def46364379532f3987262e82b6c
	Mon Sep 21 13:23:54 2026 +0300

Loading species C2H6...
Assigned a frequency scale factor of 1.00386 for LevelOfTheory(method='cbsqb3')


Loading statistical mechanics parameters for C2H6 from C2H6.yml file...

The loaded YAML file for species C2H6 seems to be from an older version of RMG/Arkane.
Some keywords will be automatically replaced before loading objects from this file.
Replacing keyword "spinMultiplicity" with "spin_multiplicity" in the Arkane YAML file.
Replacing keyword "opticalIsomers" with "optical_isomers" in the Arkane YAML file.


Saving statistical mechanics parameters for C2H6...
Saving thermo for C2H6...

Arkane execution terminated at Tue Sep 22 08:28:56 2026
executed /home/alon/Code/RMG-Py-i244-chemkin-duplicate-electron-aware/test/../examples/arkane/species/C2H6_from_yaml
running /home/alon/Code/RMG-Py-i244-chemkin-duplicate-electron-aware/test/../examples/arkane/species/CH2CHOOH
Arkane execution initiated at Tue Sep 22 08:28:56 2026

################################################################
#                                                              #
# Automated Reaction Kinetics and Network Exploration (Arkane) #
#                                                              #
#   Version: 4.0.0                                             #
#   Authors: RMG Developers (rmg_dev@mit.edu)                  #
#   P.I.s:   William H. Green (whgreen@mit.edu)                #
#            Richard H. West (r.west@neu.edu)                  #
#   Website: https://reactionmechanismgenerator.github.io/      #
#                                                              #
################################################################

The current git HEAD for RMG-Py is:
	4be053318960481be6c6a98cad549c725f384a30
	Tue Sep 22 00:43:24 2026 +0300

The current git HEAD for RMG-database is:
	96f2afa4a172def46364379532f3987262e82b6c
	Mon Sep 21 13:23:54 2026 +0300

Loading species CH2CHOOH...
Assigned a frequency scale factor of 1.00386 for LevelOfTheory(method='cbsqb3')


Loading statistical mechanics parameters for CH2CHOOH...
Symmetry input file written to /home/alon/Code/RMG-Py-i244-chemkin-duplicate-electron-aware/scratch/0.symm
Point group: C1
Calculating energy levels for 2D-HR, may take a while...

Using Q2DTor...
Q2DTor is a software for calculating the partition functions and themodynamic properties of molecular systems with two or more
torsional modes developed by David Ferro Costas (david.ferro@usc.es) and Antonio Fernandez Ramos (qf.ramos@usc.es) at
the Universidade de Santiago de Compostela. Arkane can integrate Q2DTor to compute the quantum mechanical partition function 
of 2D rotors.  
For more information visit https://github.com/cathedralpkg/Q2DTor

For use of HinderedRotor2D within Arkane please cite:  
D. Ferro-Costas, M. N. D. S. Cordeiro, D. G. Truhlar, A. Fernández-Ramos, Comput. Phys. Commun. 232, 190-205, 2018.

Warning: Column 23 of the QR decomposition is nearly zero, could lose a basis
Symmetry input file written to /home/alon/Code/RMG-Py-i244-chemkin-duplicate-electron-aware/scratch/0.symm
Point group: C1
Saving statistical mechanics parameters for CH2CHOOH...
Saving thermo for CH2CHOOH...
Warning: Could not write chemkin output due to error: Cannot generate Chemkin string for species "CH2CHOOH": Thermodynamics data must be a NASA object. for species CH2CHOOH

Arkane execution terminated at Tue Sep 22 08:28:57 2026
executed /home/alon/Code/RMG-Py-i244-chemkin-duplicate-electron-aware/test/../examples/arkane/species/CH2CHOOH
running /home/alon/Code/RMG-Py-i244-chemkin-duplicate-electron-aware/test/../examples/arkane/species/H
Arkane execution initiated at Tue Sep 22 08:28:57 2026

################################################################
#                                                              #
# Automated Reaction Kinetics and Network Exploration (Arkane) #
#                                                              #
#   Version: 4.0.0                                             #
#   Authors: RMG Developers (rmg_dev@mit.edu)                  #
#   P.I.s:   William H. Green (whgreen@mit.edu)                #
#            Richard H. West (r.west@neu.edu)                  #
#   Website: https://reactionmechanismgenerator.github.io/      #
#                                                              #
################################################################

The current git HEAD for RMG-Py is:
	4be053318960481be6c6a98cad549c725f384a30
	Tue Sep 22 00:43:24 2026 +0300

The current git HEAD for RMG-database is:
	96f2afa4a172def46364379532f3987262e82b6c
	Mon Sep 21 13:23:54 2026 +0300

Loading species H...
Assigned a frequency scale factor of 1.00386 for LevelOfTheory(method='cbsqb3')


Loading statistical mechanics parameters for H...
Symmetry input file written to /home/alon/Code/RMG-Py-i244-chemkin-duplicate-electron-aware/scratch/0.symm
Point group: Kh
Saving statistical mechanics parameters for H...
Saving thermo for H...
Warning: Could not write chemkin output due to error: Cannot generate Chemkin string for species "H": Thermodynamics data must be a NASA object. for species H

Arkane execution terminated at Tue Sep 22 08:28:57 2026
executed /home/alon/Code/RMG-Py-i244-chemkin-duplicate-electron-aware/test/../examples/arkane/species/H
running /home/alon/Code/RMG-Py-i244-chemkin-duplicate-electron-aware/test/../examples/arkane/species/N4H6
Arkane execution initiated at Tue Sep 22 08:28:57 2026

################################################################
#                                                              #
# Automated Reaction Kinetics and Network Exploration (Arkane) #
#                                                              #
#   Version: 4.0.0                                             #
#   Authors: RMG Developers (rmg_dev@mit.edu)                  #
#   P.I.s:   William H. Green (whgreen@mit.edu)                #
#            Richard H. West (r.west@neu.edu)                  #
#   Website: https://reactionmechanismgenerator.github.io/      #
#                                                              #
################################################################

The current git HEAD for RMG-Py is:
	4be053318960481be6c6a98cad549c725f384a30
	Tue Sep 22 00:43:24 2026 +0300

The current git HEAD for RMG-database is:
	96f2afa4a172def46364379532f3987262e82b6c
	Mon Sep 21 13:23:54 2026 +0300

Loading species N4H6...
Assigned a frequency scale factor of 0.967 for CompositeLevelOfTheory(freq=LevelOfTheory(method='b3lyp',basis='6311+g(3df,2p)'),energy=LevelOfTheory(method='ccsd(t)f12',basis='ccpvtzf12'))


Loading statistical mechanics parameters for N4H6...
Warning: No exact BAC match found for CompositeLevelOfTheory(freq=LevelOfTheory(method='b3lyp',basis='6311+g(3df,2p)',software='gaussian'),energy=LevelOfTheory(method='ccsd(t)f12',basis='ccpvtzf12',software='molpro')). Using LevelOfTheory(method='ccsd(t)f12',basis='ccpvtzf12',software='molpro') instead.
Symmetry input file written to /home/alon/Code/RMG-Py-i244-chemkin-duplicate-electron-aware/scratch/0.symm
Point group: C2
Saving statistical mechanics parameters for N4H6...
Saving thermo for N4H6...
Warning: Could not write chemkin output due to error: list index out of range for species N4H6

Arkane execution terminated at Tue Sep 22 08:28:57 2026
executed /home/alon/Code/RMG-Py-i244-chemkin-duplicate-electron-aware/test/../examples/arkane/species/N4H6
running /home/alon/Code/RMG-Py-i244-chemkin-duplicate-electron-aware/test/../examples/arkane/species/OCHO
Arkane execution initiated at Tue Sep 22 08:28:57 2026

################################################################
#                                                              #
# Automated Reaction Kinetics and Network Exploration (Arkane) #
#                                                              #
#   Version: 4.0.0                                             #
#   Authors: RMG Developers (rmg_dev@mit.edu)                  #
#   P.I.s:   William H. Green (whgreen@mit.edu)                #
#            Richard H. West (r.west@neu.edu)                  #
#   Website: https://reactionmechanismgenerator.github.io/      #
#                                                              #
################################################################

The current git HEAD for RMG-Py is:
	4be053318960481be6c6a98cad549c725f384a30
	Tue Sep 22 00:43:24 2026 +0300

The current git HEAD for RMG-database is:
	96f2afa4a172def46364379532f3987262e82b6c
	Mon Sep 21 13:23:54 2026 +0300

Loading species OCHO...


Loading statistical mechanics parameters for OCHO...
Symmetry input file written to /home/alon/Code/RMG-Py-i244-chemkin-duplicate-electron-aware/scratch/0.symm
Point group: C2v
Saving statistical mechanics parameters for OCHO...

Arkane execution terminated at Tue Sep 22 08:28:58 2026
executed /home/alon/Code/RMG-Py-i244-chemkin-duplicate-electron-aware/test/../examples/arkane/species/OCHO
running /home/alon/Code/RMG-Py-i244-chemkin-duplicate-electron-aware/test/../examples/arkane/species/Pentyl_isodesmic
Arkane execution initiated at Tue Sep 22 08:28:58 2026

################################################################
#                                                              #
# Automated Reaction Kinetics and Network Exploration (Arkane) #
#                                                              #
#   Version: 4.0.0                                             #
#   Authors: RMG Developers (rmg_dev@mit.edu)                  #
#   P.I.s:   William H. Green (whgreen@mit.edu)                #
#            Richard H. West (r.west@neu.edu)                  #
#   Website: https://reactionmechanismgenerator.github.io/      #
#                                                              #
################################################################

The current git HEAD for RMG-Py is:
	4be053318960481be6c6a98cad549c725f384a30
	Tue Sep 22 00:43:24 2026 +0300

The current git HEAD for RMG-database is:
	96f2afa4a172def46364379532f3987262e82b6c
	Mon Sep 21 13:23:54 2026 +0300

Loading species Pentyl...
Assigned a frequency scale factor of 1.002 for LevelOfTheory(method='wb97mv',basis='def2tzvpd',software='qchem')


Loading statistical mechanics parameters for Pentyl...
Loading in reference set `main` from /home/alon/Code/RMG-database-plasma/input/reference_sets/main ...
Error: Unable to generate identifier for this molecule:
1 O u0 p3 c-1 {2,S}
2 H u0 p0 c0 {1,S}

Error: Unable to generate identifier for this molecule:
1 O u0 p3 c-1 {3,S}
2 O u0 p2 c0 {3,D}
3 C u0 p0 c0 {1,S} {2,D} {4,S}
4 H u0 p0 c0 {3,S}

Error: Unable to generate identifier for this molecule:
1 N u0 p0 c+1 {2,T} {3,S}
2 N u0 p1 c0 {1,T}
3 H u0 p0 c0 {1,S}

Error: Unable to generate identifier for this molecule:
1 O u0 p2 c0 {2,S} {3,S}
2 O u0 p3 c-1 {1,S}
3 C u0 p0 c0 {1,S} {4,S} {5,S} {6,S}
4 H u0 p0 c0 {3,S}
5 H u0 p0 c0 {3,S}
6 H u0 p0 c0 {3,S}

Error: Unable to generate identifier for this molecule:
1 O u0 p1 c+1 {2,S} {3,S} {4,S}
2 H u0 p0 c0 {1,S}
3 H u0 p0 c0 {1,S}
4 H u0 p0 c0 {1,S}

Error: Unable to generate identifier for this molecule:
1 O u0 p3 c-1 {3,S}
2 O u0 p2 c0 {3,D}
3 N u0 p1 c0 {1,S} {2,D}

Error: Unable to generate identifier for this molecule:
1  O u0 p3 c-1 {2,S}
2  C u0 p0 c0 {1,S} {3,D} {7,S}
3  C u0 p0 c0 {2,D} {4,S} {8,S}
4  C u0 p0 c0 {3,S} {5,D} {9,S}
5  C u0 p0 c0 {4,D} {6,S} {10,S}
6  C u0 p0 c0 {5,S} {7,D} {11,S}
7  C u0 p0 c0 {2,S} {6,D} {12,S}
8  H u0 p0 c0 {3,S}
9  H u0 p0 c0 {4,S}
10 H u0 p0 c0 {5,S}
11 H u0 p0 c0 {6,S}
12 H u0 p0 c0 {7,S}

Error: Unable to generate identifier for this molecule:
1 N u0 p0 c+1 {2,S} {3,S} {4,S} {5,S}
2 H u0 p0 c0 {1,S}
3 H u0 p0 c0 {1,S}
4 H u0 p0 c0 {1,S}
5 H u0 p0 c0 {1,S}

Error: Unable to generate identifier for this molecule:
1 O u0 p2 c0 {2,S} {3,S}
2 O u0 p3 c-1 {1,S}
3 H u0 p0 c0 {1,S}

Symmetry input file written to /home/alon/Code/RMG-Py-i244-chemkin-duplicate-electron-aware/scratch/0.symm
Point group: C1
Saving statistical mechanics parameters for Pentyl...
Thermo already generated for species Pentyl. Skipping thermo generation.
Saving thermo for Pentyl...

Arkane execution terminated at Tue Sep 22 08:29:14 2026
executed /home/alon/Code/RMG-Py-i244-chemkin-duplicate-electron-aware/test/../examples/arkane/species/Pentyl_isodesmic
running /home/alon/Code/RMG-Py-i244-chemkin-duplicate-electron-aware/test/../examples/arkane/species/Toluene_Free_Rotor
Arkane execution initiated at Tue Sep 22 08:29:14 2026

################################################################
#                                                              #
# Automated Reaction Kinetics and Network Exploration (Arkane) #
#                                                              #
#   Version: 4.0.0                                             #
#   Authors: RMG Developers (rmg_dev@mit.edu)                  #
#   P.I.s:   William H. Green (whgreen@mit.edu)                #
#            Richard H. West (r.west@neu.edu)                  #
#   Website: https://reactionmechanismgenerator.github.io/      #
#                                                              #
################################################################

The current git HEAD for RMG-Py is:
	4be053318960481be6c6a98cad549c725f384a30
	Tue Sep 22 00:43:24 2026 +0300

The current git HEAD for RMG-database is:
	96f2afa4a172def46364379532f3987262e82b6c
	Mon Sep 21 13:23:54 2026 +0300

Loading species Toluene...
Assigned a frequency scale factor of 1.00386 for LevelOfTheory(method='cbsqb3')


Loading statistical mechanics parameters for Toluene...
Warning: Column 43 of the QR decomposition is nearly zero, could lose a basis
Symmetry input file written to /home/alon/Code/RMG-Py-i244-chemkin-duplicate-electron-aware/scratch/0.symm
Point group: Cs
Saving statistical mechanics parameters for Toluene...
Saving thermo for Toluene...
Warning: Could not write chemkin output due to error: list index out of range for species Toluene

Arkane execution terminated at Tue Sep 22 08:29:15 2026
executed /home/alon/Code/RMG-Py-i244-chemkin-duplicate-electron-aware/test/../examples/arkane/species/Toluene_Free_Rotor
running /home/alon/Code/RMG-Py-i244-chemkin-duplicate-electron-aware/test/../examples/arkane/species/Toluene_Hindered_Rotor
Arkane execution initiated at Tue Sep 22 08:29:15 2026

################################################################
#                                                              #
# Automated Reaction Kinetics and Network Exploration (Arkane) #
#                                                              #
#   Version: 4.0.0                                             #
#   Authors: RMG Developers (rmg_dev@mit.edu)                  #
#   P.I.s:   William H. Green (whgreen@mit.edu)                #
#            Richard H. West (r.west@neu.edu)                  #
#   Website: https://reactionmechanismgenerator.github.io/      #
#                                                              #
################################################################

The current git HEAD for RMG-Py is:
	4be053318960481be6c6a98cad549c725f384a30
	Tue Sep 22 00:43:24 2026 +0300

The current git HEAD for RMG-database is:
	96f2afa4a172def46364379532f3987262e82b6c
	Mon Sep 21 13:23:54 2026 +0300

Loading species Toluene...
Assigned a frequency scale factor of 1.00386 for LevelOfTheory(method='cbsqb3')


Loading statistical mechanics parameters for Toluene...
Warning: Column 43 of the QR decomposition is nearly zero, could lose a basis
Symmetry input file written to /home/alon/Code/RMG-Py-i244-chemkin-duplicate-electron-aware/scratch/0.symm
Point group: Cs
Saving statistical mechanics parameters for Toluene...
Saving thermo for Toluene...
Warning: Could not write chemkin output due to error: list index out of range for species Toluene

Arkane execution terminated at Tue Sep 22 08:29:15 2026
executed /home/alon/Code/RMG-Py-i244-chemkin-duplicate-electron-aware/test/../examples/arkane/species/Toluene_Hindered_Rotor
running /home/alon/Code/RMG-Py-i244-chemkin-duplicate-electron-aware/test/../examples/arkane/species/Toluene_Hindered_Rotor_SemiClassicalND
Arkane execution initiated at Tue Sep 22 08:29:15 2026

################################################################
#                                                              #
# Automated Reaction Kinetics and Network Exploration (Arkane) #
#                                                              #
#   Version: 4.0.0                                             #
#   Authors: RMG Developers (rmg_dev@mit.edu)                  #
#   P.I.s:   William H. Green (whgreen@mit.edu)                #
#            Richard H. West (r.west@neu.edu)                  #
#   Website: https://reactionmechanismgenerator.github.io/      #
#                                                              #
################################################################

The current git HEAD for RMG-Py is:
	4be053318960481be6c6a98cad549c725f384a30
	Tue Sep 22 00:43:24 2026 +0300

The current git HEAD for RMG-database is:
	96f2afa4a172def46364379532f3987262e82b6c
	Mon Sep 21 13:23:54 2026 +0300

Loading species Toluene...
Assigned a frequency scale factor of 1.00386 for LevelOfTheory(method='cbsqb3')


Loading statistical mechanics parameters for Toluene...
Warning: Column 43 of the QR decomposition is nearly zero, could lose a basis
Symmetry input file written to /home/alon/Code/RMG-Py-i244-chemkin-duplicate-electron-aware/scratch/0.symm
Point group: Cs
Saving statistical mechanics parameters for Toluene...
Saving thermo for Toluene...
Warning: Could not write chemkin output due to error: list index out of range for species Toluene

Arkane execution terminated at Tue Sep 22 08:29:16 2026
executed /home/alon/Code/RMG-Py-i244-chemkin-duplicate-electron-aware/test/../examples/arkane/species/Toluene_Hindered_Rotor_SemiClassicalND
running /home/alon/Code/RMG-Py-i244-chemkin-duplicate-electron-aware/test/../examples/arkane/species/thermo_demo
Arkane execution initiated at Tue Sep 22 08:29:16 2026

################################################################
#                                                              #
# Automated Reaction Kinetics and Network Exploration (Arkane) #
#                                                              #
#   Version: 4.0.0                                             #
#   Authors: RMG Developers (rmg_dev@mit.edu)                  #
#   P.I.s:   William H. Green (whgreen@mit.edu)                #
#            Richard H. West (r.west@neu.edu)                  #
#   Website: https://reactionmechanismgenerator.github.io/      #
#                                                              #
################################################################

The current git HEAD for RMG-Py is:
	4be053318960481be6c6a98cad549c725f384a30
	Tue Sep 22 00:43:24 2026 +0300

The current git HEAD for RMG-database is:
	96f2afa4a172def46364379532f3987262e82b6c
	Mon Sep 21 13:23:54 2026 +0300

Loading species methoxy...
Loading species aziridine...
Loading species hydrazino...
Loading species 1-propene-12-diol...
Loading species hydroxyiminomethyl...
Loading species 2-methyl-2-propanamine...
Loading species ethynol...
Loading species 2-iminoethyl...
Warning: No exact frequency scaling factor match found for LevelOfTheory(method='ccsd(t)f12',basis='ccpvtzf12',software='molpro'). Using LevelOfTheory(method='ccsd(t)f12',basis='ccpvtzf12') instead.
Assigned a frequency scale factor of 0.998 for LevelOfTheory(method='ccsd(t)f12',basis='ccpvtzf12',software='molpro')


Warning: Species label is longer than 16 characters and will break CHEMKIN 2.0
Warning: Species label is longer than 16 characters and will break CHEMKIN 2.0
Warning: Species label is longer than 16 characters and will break CHEMKIN 2.0
Loading statistical mechanics parameters for methoxy...
Symmetry input file written to /home/alon/Code/RMG-Py-i244-chemkin-duplicate-electron-aware/scratch/0.symm
Point group: Cs
Saving statistical mechanics parameters for methoxy...
Loading statistical mechanics parameters for aziridine...
Symmetry input file written to /home/alon/Code/RMG-Py-i244-chemkin-duplicate-electron-aware/scratch/0.symm
Point group: Cs
Saving statistical mechanics parameters for aziridine...
Loading statistical mechanics parameters for hydrazino...
Warning: Column 14 of the QR decomposition is nearly zero, could lose a basis
Symmetry input file written to /home/alon/Code/RMG-Py-i244-chemkin-duplicate-electron-aware/scratch/0.symm
Point group: C1
Saving statistical mechanics parameters for hydrazino...
Loading statistical mechanics parameters for 1-propene-12-diol...
Warning: Column 32 of the QR decomposition is nearly zero, could lose a basis
Symmetry input file written to /home/alon/Code/RMG-Py-i244-chemkin-duplicate-electron-aware/scratch/0.symm
Point group: C1
Saving statistical mechanics parameters for 1-propene-12-diol...
Loading statistical mechanics parameters for hydroxyiminomethyl...
Warning: Column 14 of the QR decomposition is nearly zero, could lose a basis
Symmetry input file written to /home/alon/Code/RMG-Py-i244-chemkin-duplicate-electron-aware/scratch/0.symm
Point group: Cs
Saving statistical mechanics parameters for hydroxyiminomethyl...
Loading statistical mechanics parameters for 2-methyl-2-propanamine...
Warning: Column 47 of the QR decomposition is nearly zero, could lose a basis
Symmetry input file written to /home/alon/Code/RMG-Py-i244-chemkin-duplicate-electron-aware/scratch/0.symm
Point group: Cs
Saving statistical mechanics parameters for 2-methyl-2-propanamine...
Loading statistical mechanics parameters for ethynol...
Symmetry input file written to /home/alon/Code/RMG-Py-i244-chemkin-duplicate-electron-aware/scratch/0.symm
Point group: Cs
Saving statistical mechanics parameters for ethynol...
Loading statistical mechanics parameters for 2-iminoethyl...
Warning: Column 20 of the QR decomposition is nearly zero, could lose a basis
Symmetry input file written to /home/alon/Code/RMG-Py-i244-chemkin-duplicate-electron-aware/scratch/0.symm
Point group: Cs
Saving statistical mechanics parameters for 2-iminoethyl...
Saving thermo for methoxy...
Saving thermo for aziridine...
Saving thermo for hydrazino...
Saving thermo for 1-propene-12-diol...
Warning: Species label is longer than 16 characters and will break CHEMKIN 2.0
Saving thermo for hydroxyiminomethyl...
Warning: Species label is longer than 16 characters and will break CHEMKIN 2.0
Saving thermo for 2-methyl-2-propanamine...
Warning: Species label is longer than 16 characters and will break CHEMKIN 2.0
Saving thermo for ethynol...
Saving thermo for 2-iminoethyl...

Arkane execution terminated at Tue Sep 22 08:29:18 2026
executed /home/alon/Code/RMG-Py-i244-chemkin-duplicate-electron-aware/test/../examples/arkane/species/thermo_demo
running /home/alon/Code/RMG-Py-i244-chemkin-duplicate-electron-aware/test/../examples/arkane/reactions/23dimethylpropoxy
Arkane execution initiated at Tue Sep 22 08:29:18 2026

################################################################
#                                                              #
# Automated Reaction Kinetics and Network Exploration (Arkane) #
#                                                              #
#   Version: 4.0.0                                             #
#   Authors: RMG Developers (rmg_dev@mit.edu)                  #
#   P.I.s:   William H. Green (whgreen@mit.edu)                #
#            Richard H. West (r.west@neu.edu)                  #
#   Website: https://reactionmechanismgenerator.github.io/      #
#                                                              #
################################################################

The current git HEAD for RMG-Py is:
	4be053318960481be6c6a98cad549c725f384a30
	Tue Sep 22 00:43:24 2026 +0300

The current git HEAD for RMG-database is:
	96f2afa4a172def46364379532f3987262e82b6c
	Mon Sep 21 13:23:54 2026 +0300

Loading species dimetpropoxy...
Loading transition state dimetpropoxy_betasci...
Loading reaction dimetpropoxy = dimetpropoxy_betasci...


Loading statistical mechanics parameters for dimetpropoxy...
Warning: Relative error with QChem output file /home/alon/Code/RMG-Py-i244-chemkin-duplicate-electron-aware/examples/arkane/reactions/23dimethylpropoxy/dimetpropoxy.out due to line:
   Relative error      =    -0.0313800153 %

 
                    Per the QChem version 5 documentation: https://manual.q-chem.com/pdf/qchem_manual_5.0.pdf
                    A warning message is printed whenever the relative error in the numerical electron count
                    reaches 0.01%, indicating that the numerical XC results may not be reliable. If the warning
                    appears on the first SCF cycle, it is probably not serious, because the initial-guess density
                    matrix is sometimes not idempotent.
                    
Warning: Relative error with QChem output file /home/alon/Code/RMG-Py-i244-chemkin-duplicate-electron-aware/examples/arkane/reactions/23dimethylpropoxy/dimetpropoxy.out due to line:
   Relative error      =    -0.0313800153 %

 
                    Per the QChem version 5 documentation: https://manual.q-chem.com/pdf/qchem_manual_5.0.pdf
                    A warning message is printed whenever the relative error in the numerical electron count
                    reaches 0.01%, indicating that the numerical XC results may not be reliable. If the warning
                    appears on the first SCF cycle, it is probably not serious, because the initial-guess density
                    matrix is sometimes not idempotent.
                    
Warning: Relative error with QChem output file /home/alon/Code/RMG-Py-i244-chemkin-duplicate-electron-aware/examples/arkane/reactions/23dimethylpropoxy/dimetpropoxy.out due to line:
   Relative error      =    -0.0313800153 %

 
                    Per the QChem version 5 documentation: https://manual.q-chem.com/pdf/qchem_manual_5.0.pdf
                    A warning message is printed whenever the relative error in the numerical electron count
                    reaches 0.01%, indicating that the numerical XC results may not be reliable. If the warning
                    appears on the first SCF cycle, it is probably not serious, because the initial-guess density
                    matrix is sometimes not idempotent.
                    
Symmetry input file written to /home/alon/Code/RMG-Py-i244-chemkin-duplicate-electron-aware/scratch/0.symm
Point group: C1
Saving statistical mechanics parameters for dimetpropoxy...
Loading statistical mechanics parameters for dimetpropoxy_betasci...
Warning: Relative error with QChem output file /home/alon/Code/RMG-Py-i244-chemkin-duplicate-electron-aware/examples/arkane/reactions/23dimethylpropoxy/dimetpropoxy_betasci.out due to line:
   Relative error      =    -0.0249153726 %

 
                    Per the QChem version 5 documentation: https://manual.q-chem.com/pdf/qchem_manual_5.0.pdf
                    A warning message is printed whenever the relative error in the numerical electron count
                    reaches 0.01%, indicating that the numerical XC results may not be reliable. If the warning
                    appears on the first SCF cycle, it is probably not serious, because the initial-guess density
                    matrix is sometimes not idempotent.
                    
Warning: Relative error with QChem output file /home/alon/Code/RMG-Py-i244-chemkin-duplicate-electron-aware/examples/arkane/reactions/23dimethylpropoxy/dimetpropoxy_betasci.out due to line:
   Relative error      =    -0.0249153726 %

 
                    Per the QChem version 5 documentation: https://manual.q-chem.com/pdf/qchem_manual_5.0.pdf
                    A warning message is printed whenever the relative error in the numerical electron count
                    reaches 0.01%, indicating that the numerical XC results may not be reliable. If the warning
                    appears on the first SCF cycle, it is probably not serious, because the initial-guess density
                    matrix is sometimes not idempotent.
                    
Warning: Relative error with QChem output file /home/alon/Code/RMG-Py-i244-chemkin-duplicate-electron-aware/examples/arkane/reactions/23dimethylpropoxy/dimetpropoxy_betasci.out due to line:
   Relative error      =    -0.0249153726 %

 
                    Per the QChem version 5 documentation: https://manual.q-chem.com/pdf/qchem_manual_5.0.pdf
                    A warning message is printed whenever the relative error in the numerical electron count
                    reaches 0.01%, indicating that the numerical XC results may not be reliable. If the warning
                    appears on the first SCF cycle, it is probably not serious, because the initial-guess density
                    matrix is sometimes not idempotent.
                    
Identified 1 frequency block(s)...
Only examining frequencies from the last block...
Symmetry input file written to /home/alon/Code/RMG-Py-i244-chemkin-duplicate-electron-aware/scratch/0.symm
Point group: C1
Saving statistical mechanics parameters for dimetpropoxy_betasci...
Saving kinetics for dimetpropoxy <=> dimetpropoxy...

Arkane execution terminated at Tue Sep 22 08:29:19 2026
executed /home/alon/Code/RMG-Py-i244-chemkin-duplicate-electron-aware/test/../examples/arkane/reactions/23dimethylpropoxy
running /home/alon/Code/RMG-Py-i244-chemkin-duplicate-electron-aware/test/../examples/arkane/reactions/CH3OH+HCO
Arkane execution initiated at Tue Sep 22 08:29:19 2026

################################################################
#                                                              #
# Automated Reaction Kinetics and Network Exploration (Arkane) #
#                                                              #
#   Version: 4.0.0                                             #
#   Authors: RMG Developers (rmg_dev@mit.edu)                  #
#   P.I.s:   William H. Green (whgreen@mit.edu)                #
#            Richard H. West (r.west@neu.edu)                  #
#   Website: https://reactionmechanismgenerator.github.io/      #
#                                                              #
################################################################

The current git HEAD for RMG-Py is:
	4be053318960481be6c6a98cad549c725f384a30
	Tue Sep 22 00:43:24 2026 +0300

The current git HEAD for RMG-database is:
	96f2afa4a172def46364379532f3987262e82b6c
	Mon Sep 21 13:23:54 2026 +0300

Loading species ch3oh...
Loading transition state ts...
Loading species hco...
Loading reaction hco + ch3oh <=> hco + ch3oh...


Loading statistical mechanics parameters for ch3oh...
Warning: Relative error with QChem output file /home/alon/Code/RMG-Py-i244-chemkin-duplicate-electron-aware/examples/arkane/reactions/CH3OH+HCO/ch3oh.out due to line:
   Relative error      =    -0.1307431993 %

 
                    Per the QChem version 5 documentation: https://manual.q-chem.com/pdf/qchem_manual_5.0.pdf
                    A warning message is printed whenever the relative error in the numerical electron count
                    reaches 0.01%, indicating that the numerical XC results may not be reliable. If the warning
                    appears on the first SCF cycle, it is probably not serious, because the initial-guess density
                    matrix is sometimes not idempotent.
                    
Warning: Relative error with QChem output file /home/alon/Code/RMG-Py-i244-chemkin-duplicate-electron-aware/examples/arkane/reactions/CH3OH+HCO/ch3oh.out due to line:
   Relative error      =    -0.1307431993 %

 
                    Per the QChem version 5 documentation: https://manual.q-chem.com/pdf/qchem_manual_5.0.pdf
                    A warning message is printed whenever the relative error in the numerical electron count
                    reaches 0.01%, indicating that the numerical XC results may not be reliable. If the warning
                    appears on the first SCF cycle, it is probably not serious, because the initial-guess density
                    matrix is sometimes not idempotent.
                    
Warning: Relative error with QChem output file /home/alon/Code/RMG-Py-i244-chemkin-duplicate-electron-aware/examples/arkane/reactions/CH3OH+HCO/ch3oh.out due to line:
   Relative error      =    -0.1307431993 %

 
                    Per the QChem version 5 documentation: https://manual.q-chem.com/pdf/qchem_manual_5.0.pdf
                    A warning message is printed whenever the relative error in the numerical electron count
                    reaches 0.01%, indicating that the numerical XC results may not be reliable. If the warning
                    appears on the first SCF cycle, it is probably not serious, because the initial-guess density
                    matrix is sometimes not idempotent.
                    
Symmetry input file written to /home/alon/Code/RMG-Py-i244-chemkin-duplicate-electron-aware/scratch/0.symm
Point group: Cs
Saving statistical mechanics parameters for ch3oh...
Loading statistical mechanics parameters for ts...
Warning: Relative error with QChem output file /home/alon/Code/RMG-Py-i244-chemkin-duplicate-electron-aware/examples/arkane/reactions/CH3OH+HCO/ts1.out due to line:
   Relative error      =    -0.2590472828 %

 
                    Per the QChem version 5 documentation: https://manual.q-chem.com/pdf/qchem_manual_5.0.pdf
                    A warning message is printed whenever the relative error in the numerical electron count
                    reaches 0.01%, indicating that the numerical XC results may not be reliable. If the warning
                    appears on the first SCF cycle, it is probably not serious, because the initial-guess density
                    matrix is sometimes not idempotent.
                    
Warning: Relative error with QChem output file /home/alon/Code/RMG-Py-i244-chemkin-duplicate-electron-aware/examples/arkane/reactions/CH3OH+HCO/ts1.out due to line:
   Relative error      =    -0.2590472828 %

 
                    Per the QChem version 5 documentation: https://manual.q-chem.com/pdf/qchem_manual_5.0.pdf
                    A warning message is printed whenever the relative error in the numerical electron count
                    reaches 0.01%, indicating that the numerical XC results may not be reliable. If the warning
                    appears on the first SCF cycle, it is probably not serious, because the initial-guess density
                    matrix is sometimes not idempotent.
                    
Warning: Relative error with QChem output file /home/alon/Code/RMG-Py-i244-chemkin-duplicate-electron-aware/examples/arkane/reactions/CH3OH+HCO/ts1.out due to line:
   Relative error      =    -0.2590472828 %

 
                    Per the QChem version 5 documentation: https://manual.q-chem.com/pdf/qchem_manual_5.0.pdf
                    A warning message is printed whenever the relative error in the numerical electron count
                    reaches 0.01%, indicating that the numerical XC results may not be reliable. If the warning
                    appears on the first SCF cycle, it is probably not serious, because the initial-guess density
                    matrix is sometimes not idempotent.
                    
Identified 1 frequency block(s)...
Only examining frequencies from the last block...
Symmetry input file written to /home/alon/Code/RMG-Py-i244-chemkin-duplicate-electron-aware/scratch/0.symm
Point group: C1
Saving statistical mechanics parameters for ts...
Loading statistical mechanics parameters for hco...
Warning: Relative error with QChem output file /home/alon/Code/RMG-Py-i244-chemkin-duplicate-electron-aware/examples/arkane/reactions/CH3OH+HCO/hco.out due to line:
   Relative error      =    -0.0829944358 %

 
                    Per the QChem version 5 documentation: https://manual.q-chem.com/pdf/qchem_manual_5.0.pdf
                    A warning message is printed whenever the relative error in the numerical electron count
                    reaches 0.01%, indicating that the numerical XC results may not be reliable. If the warning
                    appears on the first SCF cycle, it is probably not serious, because the initial-guess density
                    matrix is sometimes not idempotent.
                    
Warning: Relative error with QChem output file /home/alon/Code/RMG-Py-i244-chemkin-duplicate-electron-aware/examples/arkane/reactions/CH3OH+HCO/hco.out due to line:
   Relative error      =    -0.0829944358 %

 
                    Per the QChem version 5 documentation: https://manual.q-chem.com/pdf/qchem_manual_5.0.pdf
                    A warning message is printed whenever the relative error in the numerical electron count
                    reaches 0.01%, indicating that the numerical XC results may not be reliable. If the warning
                    appears on the first SCF cycle, it is probably not serious, because the initial-guess density
                    matrix is sometimes not idempotent.
                    
Warning: Relative error with QChem output file /home/alon/Code/RMG-Py-i244-chemkin-duplicate-electron-aware/examples/arkane/reactions/CH3OH+HCO/hco.out due to line:
   Relative error      =    -0.0829944358 %

 
                    Per the QChem version 5 documentation: https://manual.q-chem.com/pdf/qchem_manual_5.0.pdf
                    A warning message is printed whenever the relative error in the numerical electron count
                    reaches 0.01%, indicating that the numerical XC results may not be reliable. If the warning
                    appears on the first SCF cycle, it is probably not serious, because the initial-guess density
                    matrix is sometimes not idempotent.
                    
Symmetry input file written to /home/alon/Code/RMG-Py-i244-chemkin-duplicate-electron-aware/scratch/0.symm
Point group: Cs
Saving statistical mechanics parameters for hco...
Saving kinetics for ch3oh + hco <=> ch3oh + hco...

Arkane execution terminated at Tue Sep 22 08:29:19 2026
executed /home/alon/Code/RMG-Py-i244-chemkin-duplicate-electron-aware/test/../examples/arkane/reactions/CH3OH+HCO
running /home/alon/Code/RMG-Py-i244-chemkin-duplicate-electron-aware/test/../examples/arkane/reactions/H+C2H4=C2H5
Arkane execution initiated at Tue Sep 22 08:29:19 2026

################################################################
#                                                              #
# Automated Reaction Kinetics and Network Exploration (Arkane) #
#                                                              #
#   Version: 4.0.0                                             #
#   Authors: RMG Developers (rmg_dev@mit.edu)                  #
#   P.I.s:   William H. Green (whgreen@mit.edu)                #
#            Richard H. West (r.west@neu.edu)                  #
#   Website: https://reactionmechanismgenerator.github.io/      #
#                                                              #
################################################################

The current git HEAD for RMG-Py is:
	4be053318960481be6c6a98cad549c725f384a30
	Tue Sep 22 00:43:24 2026 +0300

The current git HEAD for RMG-database is:
	96f2afa4a172def46364379532f3987262e82b6c
	Mon Sep 21 13:23:54 2026 +0300

Loading species H...
Loading species C2H4...
Loading species C2H5...
Loading transition state TS...
Loading reaction H + C2H4 <=> C2H5...
Assigned a frequency scale factor of 1.00386 for LevelOfTheory(method='cbsqb3')


Loading statistical mechanics parameters for H...
Symmetry input file written to /home/alon/Code/RMG-Py-i244-chemkin-duplicate-electron-aware/scratch/0.symm
Point group: Kh
Saving statistical mechanics parameters for H...
Loading statistical mechanics parameters for C2H4...
Symmetry input file written to /home/alon/Code/RMG-Py-i244-chemkin-duplicate-electron-aware/scratch/0.symm
Point group: D2h
Saving statistical mechanics parameters for C2H4...
Loading statistical mechanics parameters for C2H5...
Symmetry input file written to /home/alon/Code/RMG-Py-i244-chemkin-duplicate-electron-aware/scratch/0.symm
Point group: Cs
Saving statistical mechanics parameters for C2H5...
Loading statistical mechanics parameters for TS...
More than one imaginary frequency in Gaussian output file /home/alon/Code/RMG-Py-i244-chemkin-duplicate-electron-aware/examples/arkane/reactions/H+C2H4=C2H5/TS_freq.log.
Symmetry input file written to /home/alon/Code/RMG-Py-i244-chemkin-duplicate-electron-aware/scratch/0.symm
Point group: Cs
Saving statistical mechanics parameters for TS...
Saving thermo for H...
Saving thermo for C2H4...
Saving thermo for C2H5...
Saving kinetics for H + C2H4 <=> C2H5...

Arkane execution terminated at Tue Sep 22 08:29:20 2026
executed /home/alon/Code/RMG-Py-i244-chemkin-duplicate-electron-aware/test/../examples/arkane/reactions/H+C2H4=C2H5
running /home/alon/Code/RMG-Py-i244-chemkin-duplicate-electron-aware/test/../examples/arkane/reactions/NH2+N2H3=NH+N2H4
Arkane execution initiated at Tue Sep 22 08:29:20 2026

################################################################
#                                                              #
# Automated Reaction Kinetics and Network Exploration (Arkane) #
#                                                              #
#   Version: 4.0.0                                             #
#   Authors: RMG Developers (rmg_dev@mit.edu)                  #
#   P.I.s:   William H. Green (whgreen@mit.edu)                #
#            Richard H. West (r.west@neu.edu)                  #
#   Website: https://reactionmechanismgenerator.github.io/      #
#                                                              #
################################################################

The current git HEAD for RMG-Py is:
	4be053318960481be6c6a98cad549c725f384a30
	Tue Sep 22 00:43:24 2026 +0300

The current git HEAD for RMG-database is:
	96f2afa4a172def46364379532f3987262e82b6c
	Mon Sep 21 13:23:54 2026 +0300

Loading species NH...
Loading species NH2...
Loading species N2H3...
Loading species N2H4...
Loading transition state TS1...
Loading reaction NH2 + N2H3 = NH + N2H4...


Loading statistical mechanics parameters for NH from NH.yml file...

The loaded YAML file for species NH seems to be from an older version of RMG/Arkane.
Some keywords will be automatically replaced before loading objects from this file.
Replacing keyword "spinMultiplicity" with "spin_multiplicity" in the Arkane YAML file.
Replacing keyword "opticalIsomers" with "optical_isomers" in the Arkane YAML file.


Saving statistical mechanics parameters for NH...
Loading statistical mechanics parameters for NH2 from NH2.yml file...

The loaded YAML file for species NH2 seems to be from an older version of RMG/Arkane.
Some keywords will be automatically replaced before loading objects from this file.
Replacing keyword "spinMultiplicity" with "spin_multiplicity" in the Arkane YAML file.
Replacing keyword "opticalIsomers" with "optical_isomers" in the Arkane YAML file.


Saving statistical mechanics parameters for NH2...
Loading statistical mechanics parameters for N2H3 from N2H3.yml file...

The loaded YAML file for species N2H3 seems to be from an older version of RMG/Arkane.
Some keywords will be automatically replaced before loading objects from this file.
Replacing keyword "spinMultiplicity" with "spin_multiplicity" in the Arkane YAML file.
Replacing keyword "opticalIsomers" with "optical_isomers" in the Arkane YAML file.


Saving statistical mechanics parameters for N2H3...
Loading statistical mechanics parameters for N2H4 from N2H4.yml file...

The loaded YAML file for species N2H4 seems to be from an older version of RMG/Arkane.
Some keywords will be automatically replaced before loading objects from this file.
Replacing keyword "spinMultiplicity" with "spin_multiplicity" in the Arkane YAML file.
Replacing keyword "opticalIsomers" with "optical_isomers" in the Arkane YAML file.


Saving statistical mechanics parameters for N2H4...
Loading statistical mechanics parameters for TS1 from TS1.yml file...

The loaded YAML file for species TS1 seems to be from an older version of RMG/Arkane.
Some keywords will be automatically replaced before loading objects from this file.
Replacing keyword "spinMultiplicity" with "spin_multiplicity" in the Arkane YAML file.
Replacing keyword "opticalIsomers" with "optical_isomers" in the Arkane YAML file.


Saving statistical mechanics parameters for TS1...
Saving kinetics for N2H3 + NH2 <=> N2H4 + NH...

Arkane execution terminated at Tue Sep 22 08:29:21 2026
executed /home/alon/Code/RMG-Py-i244-chemkin-duplicate-electron-aware/test/../examples/arkane/reactions/NH2+N2H3=NH+N2H4
running /home/alon/Code/RMG-Py-i244-chemkin-duplicate-electron-aware/test/../examples/arkane/reactions/rate_demo
Arkane execution initiated at Tue Sep 22 08:29:21 2026

################################################################
#                                                              #
# Automated Reaction Kinetics and Network Exploration (Arkane) #
#                                                              #
#   Version: 4.0.0                                             #
#   Authors: RMG Developers (rmg_dev@mit.edu)                  #
#   P.I.s:   William H. Green (whgreen@mit.edu)                #
#            Richard H. West (r.west@neu.edu)                  #
#   Website: https://reactionmechanismgenerator.github.io/      #
#                                                              #
################################################################

The current git HEAD for RMG-Py is:
	4be053318960481be6c6a98cad549c725f384a30
	Tue Sep 22 00:43:24 2026 +0300

The current git HEAD for RMG-database is:
	96f2afa4a172def46364379532f3987262e82b6c
	Mon Sep 21 13:23:54 2026 +0300

Loading species CH4...
Loading species NH2...
Loading species CH3...
Loading species NH3...
Loading species C2H6...
Loading species C2H5...
Loading transition state TS1...
Loading transition state TS2...
Loading reaction CH4 + NH2 <=> CH3 + NH3...
Loading reaction C2H6 + NH2 <=> C2H5 + NH3...
Warning: No exact frequency scaling factor match found for LevelOfTheory(method='ccsd(t)f12',basis='ccpvtzf12',software='molpro'). Using LevelOfTheory(method='ccsd(t)f12',basis='ccpvtzf12') instead.
Assigned a frequency scale factor of 0.998 for LevelOfTheory(method='ccsd(t)f12',basis='ccpvtzf12',software='molpro')


Loading statistical mechanics parameters for CH4...
Symmetry input file written to /home/alon/Code/RMG-Py-i244-chemkin-duplicate-electron-aware/scratch/0.symm
Point group: Td
Saving statistical mechanics parameters for CH4...
Loading statistical mechanics parameters for NH2...
Symmetry input file written to /home/alon/Code/RMG-Py-i244-chemkin-duplicate-electron-aware/scratch/0.symm
Point group: C2v
Saving statistical mechanics parameters for NH2...
Loading statistical mechanics parameters for CH3...
Symmetry input file written to /home/alon/Code/RMG-Py-i244-chemkin-duplicate-electron-aware/scratch/0.symm
Point group: D3h
Saving statistical mechanics parameters for CH3...
Loading statistical mechanics parameters for NH3...
Symmetry input file written to /home/alon/Code/RMG-Py-i244-chemkin-duplicate-electron-aware/scratch/0.symm
Point group: C3v
Saving statistical mechanics parameters for NH3...
Loading statistical mechanics parameters for C2H6...
Symmetry input file written to /home/alon/Code/RMG-Py-i244-chemkin-duplicate-electron-aware/scratch/0.symm
Point group: D3d
Saving statistical mechanics parameters for C2H6...
Loading statistical mechanics parameters for C2H5...
Warning: Column 20 of the QR decomposition is nearly zero, could lose a basis
Symmetry input file written to /home/alon/Code/RMG-Py-i244-chemkin-duplicate-electron-aware/scratch/0.symm
Point group: Cs
Saving statistical mechanics parameters for C2H5...
Loading statistical mechanics parameters for TS1...
Symmetry input file written to /home/alon/Code/RMG-Py-i244-chemkin-duplicate-electron-aware/scratch/0.symm
Point group: Cs
Saving statistical mechanics parameters for TS1...
Loading statistical mechanics parameters for TS2...
Warning: Column 32 of the QR decomposition is nearly zero, could lose a basis
Symmetry input file written to /home/alon/Code/RMG-Py-i244-chemkin-duplicate-electron-aware/scratch/0.symm
Point group: Cs
Saving statistical mechanics parameters for TS2...
Saving kinetics for NH2 + CH4 <=> NH3 + CH3...
Saving kinetics for NH2 + C2H6 <=> NH3 + C2H5...

Arkane execution terminated at Tue Sep 22 08:29:23 2026
executed /home/alon/Code/RMG-Py-i244-chemkin-duplicate-electron-aware/test/../examples/arkane/reactions/rate_demo
running /home/alon/Code/RMG-Py-i244-chemkin-duplicate-electron-aware/test/../examples/arkane/explorer/methoxy
Arkane execution initiated at Tue Sep 22 08:29:23 2026

################################################################
#                                                              #
# Automated Reaction Kinetics and Network Exploration (Arkane) #
#                                                              #
#   Version: 4.0.0                                             #
#   Authors: RMG Developers (rmg_dev@mit.edu)                  #
#   P.I.s:   William H. Green (whgreen@mit.edu)                #
#            Richard H. West (r.west@neu.edu)                  #
#   Website: https://reactionmechanismgenerator.github.io/      #
#                                                              #
################################################################

The current git HEAD for RMG-Py is:
	4be053318960481be6c6a98cad549c725f384a30
	Tue Sep 22 00:43:24 2026 +0300

The current git HEAD for RMG-database is:
	96f2afa4a172def46364379532f3987262e82b6c
	Mon Sep 21 13:23:54 2026 +0300

Loading transport library from NIST_Fluorine.py in /home/alon/Code/RMG-database-plasma/input/transport/libraries...
Loading transport library from PrimaryTransportLibrary.py in /home/alon/Code/RMG-database-plasma/input/transport/libraries...
Loading transport library from GRI-Mech.py in /home/alon/Code/RMG-database-plasma/input/transport/libraries...
Loading transport library from OneDMinN2.py in /home/alon/Code/RMG-database-plasma/input/transport/libraries...
Loading transport library from NOx2018.py in /home/alon/Code/RMG-database-plasma/input/transport/libraries...
Loading transport group database from /home/alon/Code/RMG-database-plasma/input/transport/groups...
Loading frequencies library from halogens_G4.py in /home/alon/Code/RMG-database-plasma/input/statmech/libraries...
Loading frequencies group database from /home/alon/Code/RMG-database-plasma/input/statmech/groups...
Loading solvation thermodynamics group database from /home/alon/Code/RMG-database-plasma/input/solvation/groups...
Loading thermodynamics library from primaryThermoLibrary.py in /home/alon/Code/RMG-database-plasma/input/thermo/libraries...
Loading thermodynamics group database from /home/alon/Code/RMG-database-plasma/input/thermo/groups...
Loading thermodynamics SIDTs from /home/alon/Code/RMG-database-plasma/input/thermo/sidt...
Warning: Cphigh is above the theoretical CpInf value for ThermoData object
ThermoData(Tdata=([300,400,500,600,800,1000,1500],'K'), Cpdata=([60.2599,68.0494,74.7775,80.9311,90.8846,97.4337,105.393],'J/(mol*K)'), H298=(-477.191,'kJ/mol'), S298=(269.551,'J/(mol*K)'), Cp0=(33.2579,'J/(mol*K)'), CpInf=(103.931,'J/(mol*K)'), comment="""Thermo group additivity estimation: group(O2s-(Cds-Cd)(Cds-Cd)) + group(O2s-(Cds-O2d)H) + group(Cds-OdOsOs) + group(Li-OCOdO) + radical(OC=OOJ)""").
The thermo for this species is probably wrong! Setting CpInf = Cphigh for Entropy calculationat T = 2000.0 K...
Warning: Cphigh is above the theoretical CpInf value for ThermoData object
ThermoData(Tdata=([300,400,500,600,800,1000,1500],'K'), Cpdata=([60.2599,68.0494,74.7775,80.9311,90.8846,97.4337,105.393],'J/(mol*K)'), H298=(-477.191,'kJ/mol'), S298=(269.551,'J/(mol*K)'), Cp0=(33.2579,'J/(mol*K)'), CpInf=(103.931,'J/(mol*K)'), comment="""Thermo group additivity estimation: group(O2s-(Cds-Cd)(Cds-Cd)) + group(O2s-(Cds-O2d)H) + group(Cds-OdOsOs) + group(Li-OCOdO) + radical(OC=OOJ)""").
The thermo for this species is probably wrong! Setting CpInf = Cphigh for Entropy calculationat T = 1666.6666666666665 K...
Loading transition state TS3...
Loading transition state TS2...
Loading transition state TS1...
Loading species methoxy...
Loading species CH2O...
Loading species H...
Loading species CH2Ob...
Loading species Hb...
Loading species CH2OH...
Loading species He...
Loading reaction CH2O+H=Methoxy...
Loading reaction CH2OH = CH2Ob+Hb...
Loading reaction CH2OH = Methoxy...


Saving kinetics for H + CH2O <=> methoxy...
Saving kinetics for CH2OH <=> methoxy...
Saving kinetics for CH2OH <=> Hb + CH2Ob...
Warning: Species methoxy did not contain any thermo data and was omitted from the thermo library.
Warning: Species CH2O did not contain any thermo data and was omitted from the thermo library.
Warning: Species H did not contain any thermo data and was omitted from the thermo library.
Warning: Species CH2OH did not contain any thermo data and was omitted from the thermo library.
Warning: Species He did not contain any thermo data and was omitted from the thermo library.
Exploring network...
NOT generating reactions for unreactive species He
Updating 0 modified unimolecular reaction networks (out of 0)...


Summary of Model Enlargement
---------------------------------
Added 1 new core species
    He
Created 0 new edge species
Added 0 new core reactions
Created 0 new edge reactions

After model enlargement:
    The model core has 1 species and 0 reactions
    The model edge has 0 species and 0 reactions


Adding species methoxy(1) to model core
Updating 0 modified unimolecular reaction networks (out of 0)...


Summary of Model Enlargement
---------------------------------
Added 1 new core species
    methoxy(1)
Created 0 new edge species
Added 0 new core reactions
Created 0 new edge reactions

After model enlargement:
    The model core has 2 species and 0 reactions
    The model edge has 0 species and 0 reactions


Adding seed mechanism kineticsjobs to model core...

Summary of Model Enlargement
---------------------------------
Added 3 new core species
    H(2)
    CH2O(3)
    CH2OH(4)
Created 0 new edge species
Added 3 new core reactions
    H(2) + CH2O(3) <=> methoxy(1)
    CH2OH(4) <=> H(2) + CH2O(3)
    CH2OH(4) <=> methoxy(1)
Created 0 new edge reactions

After model enlargement:
    The model core has 5 species and 3 reactions
    The model edge has 0 species and 0 reactions

For reaction generation 1 process is used.
Species  renamed O(T) based on thermo library name
For reaction O(T)(6) + [CH3](5) <=> methoxy(1) Ea raised from -8.3 to 0 kJ/mol.
Species  renamed OH(D) based on thermo library name
Species  renamed CH2(T) based on thermo library name
Generating thermo for new species...
Updating 2 modified unimolecular reaction networks (out of 2)...
Updating PDepNetwork #1
Warning: Statmech node 'Oxy' and all its parents have data = None
Warning: Statmech node 'O_R0' and all its parents have data = None
Warning: Statmech node 'C_R1' and all its parents have data = None
Warning: Statmech node 'Oxy' and all its parents have data = None
Warning: For [CH2]O, more characteristic frequencies were generated than vibrational modes allowed. Removed 1 groups (3 frequencies) to compensate.
Calculating densities of states for PDepNetwork #1 network...
Using 715 grains from 0.00 to 830.48 kJ/mol in steps of 1.16 kJ/mol to compute densities of states
Calculating phenomenological rate coefficients for CH2OH(4) <=> methoxy(1)...
Using 500 grains from 0.00 to 580.41 kJ/mol in steps of 1.16 kJ/mol to compute the k(T,P) values at 450 K
Using 500 grains from 0.00 to 597.03 kJ/mol in steps of 1.20 kJ/mol to compute the k(T,P) values at 500 K
Using 500 grains from 0.00 to 656.23 kJ/mol in steps of 1.32 kJ/mol to compute the k(T,P) values at 678 K
Using 500 grains from 0.00 to 663.55 kJ/mol in steps of 1.33 kJ/mol to compute the k(T,P) values at 700 K
========================================================================
PDepNetwork #1 network information
----------------------------------
Isomers:
    methoxy(1)                                            33.3582 kJ/mol
Reactant channels:
    H(2) + CH2O(3)                                        126.636 kJ/mol
Product channels:
    O(T)(6) + [CH3](5)                                    411.856 kJ/mol
    H(2) + [CH2][O](7)                                    430.745 kJ/mol
    CH2OH(4)                                             1.04e-06 kJ/mol
Path reactions:
    H(2) + CH2O(3) <=> methoxy(1)                         145.278 kJ/mol
    O(T)(6) + [CH3](5) <=> methoxy(1)                     411.856 kJ/mol
    H(2) + [CH2][O](7) <=> methoxy(1)                     430.745 kJ/mol
    CH2OH(4) <=> methoxy(1)                               163.386 kJ/mol
Net reactions:
    methoxy(1) => H(2) + CH2O(3)                    
    methoxy(1) => O(T)(6) + [CH3](5)                
    methoxy(1) => H(2) + [CH2][O](7)                
    methoxy(1) => CH2OH(4)                          
========================================================================

Updating PDepNetwork #2
Warning: Statmech node 'O_R1' and all its parents have data = None
Warning: Statmech node 'C_R2' and all its parents have data = None
Warning: Statmech node 'RsCHrr' and all its parents have data = None
Calculating densities of states for PDepNetwork #2 network...
Using 708 grains from 0.00 to 851.25 kJ/mol in steps of 1.20 kJ/mol to compute densities of states
Calculating phenomenological rate coefficients for H(2) + [CH2][O](7) <=> CH2OH(4)...
Using 500 grains from 0.00 to 600.81 kJ/mol in steps of 1.20 kJ/mol to compute the k(T,P) values at 450 K
Using 500 grains from 0.00 to 617.44 kJ/mol in steps of 1.24 kJ/mol to compute the k(T,P) values at 500 K
Warning: For path reaction CH2OH(4) <=> methoxy(1):
Warning:     Expected kf(500 K) = 3.52929e-05
Warning:       Actual kf(500 K) = 1.43946e-05
Warning:     Expected Keq(500 K) = 0.00030812
Warning:       Actual Keq(500 K) = 0
Warning: Increasing number of grains, decreasing grain size and trying again. (Current badness: 0.4)
Using 1000 grains from 0.00 to 617.44 kJ/mol in steps of 0.62 kJ/mol to compute the k(T,P) values at 500 K
Warning: Significant corrections to k(E) to be consistent with high-pressure limit for path reaction "CH2OH(4) <=> methoxy(1)".
Using 500 grains from 0.00 to 676.64 kJ/mol in steps of 1.36 kJ/mol to compute the k(T,P) values at 678 K
Warning: Significant corrections to k(E) to be consistent with high-pressure limit for path reaction "CH2OH(4) <=> methoxy(1)".
Using 500 grains from 0.00 to 683.96 kJ/mol in steps of 1.37 kJ/mol to compute the k(T,P) values at 700 K
Warning: For path reaction CH2OH(4) <=> methoxy(1):
Warning:     Expected kf(700 K) = 2.95793
Warning:       Actual kf(700 K) = 1.47732
Warning:     Expected Keq(700 K) = 0.00256013
Warning:       Actual Keq(700 K) = 0
Warning: Increasing number of grains, decreasing grain size and trying again. (Current badness: 0.3)
Using 1000 grains from 0.00 to 683.96 kJ/mol in steps of 0.68 kJ/mol to compute the k(T,P) values at 700 K
========================================================================
PDepNetwork #2 network information
----------------------------------
Isomers:
    CH2OH(4)                                             1.04e-06 kJ/mol
Reactant channels:
    H(2) + CH2O(3)                                        126.636 kJ/mol
Product channels:
    methoxy(1)                                            33.3582 kJ/mol
    OH(D)(8) + CH2(T)(9)                                  443.205 kJ/mol
    H(2) + [CH]O(10)                                      451.153 kJ/mol
    H(2) + [CH2][O](7)                                    430.745 kJ/mol
Path reactions:
    CH2OH(4) <=> H(2) + CH2O(3)                           168.401 kJ/mol
    CH2OH(4) <=> methoxy(1)                               163.386 kJ/mol
    OH(D)(8) + CH2(T)(9) <=> CH2OH(4)                     448.372 kJ/mol
    H(2) + [CH]O(10) <=> CH2OH(4)                         451.153 kJ/mol
    H(2) + [CH2][O](7) <=> CH2OH(4)                       430.745 kJ/mol
Net reactions:
    CH2OH(4) => H(2) + CH2O(3)                      
    CH2OH(4) => methoxy(1)                          
    CH2OH(4) => OH(D)(8) + CH2(T)(9)                
    CH2OH(4) => H(2) + [CH]O(10)                    
    CH2OH(4) => H(2) + [CH2][O](7)                  
========================================================================

Warning: Forward and reverse PDepReactions for reaction methoxy(1) => CH2OH(4) generated from networks 1 and 2 do not satisfy thermodynamic consistency.
Warning: methoxy(1) => CH2OH(4):
Warning: 4.79e+04 5.46e+05:
Warning: CH2OH(4) => methoxy(1):
Warning: 5.73e+02 6.54e+03:


Summary of Secondary Model Edge Enlargement
---------------------------------
Added 0 new core species
Created 6 new edge species
    O(T)(6)
    [CH3](5)
    [CH2][O](7)
    OH(D)(8)
    CH2(T)(9)
    [CH]O(10)
Added 0 new core reactions
Created 5 new edge reactions
    methoxy(1) => O(T)(6) + [CH3](5)
    methoxy(1) => H(2) + [CH2][O](7)
    CH2OH(4) => OH(D)(8) + CH2(T)(9)
    CH2OH(4) => H(2) + [CH]O(10)
    CH2OH(4) => H(2) + [CH2][O](7)

After model enlargement:
    The model core has 5 species and 3 reactions
    The model edge has 6 species and 5 reactions


adding new isomer CH2OH(4) to network
Exploring isomer CH2OH(4) in pressure-dependent network #1
Exploring isomer methoxy(1) in pressure-dependent network #2
Generating thermo for new species...
Updating 2 modified unimolecular reaction networks (out of 2)...
Updating PDepNetwork #1
Warning: Statmech node 'RsCHrr' and all its parents have data = None
Calculating densities of states for PDepNetwork #1 network...
Using 708 grains from 0.00 to 851.25 kJ/mol in steps of 1.20 kJ/mol to compute densities of states
Calculating phenomenological rate coefficients for H(2) + [CH2][O](7) <=> CH2OH(4)...
Using 500 grains from 0.00 to 600.81 kJ/mol in steps of 1.20 kJ/mol to compute the k(T,P) values at 450 K
Using 500 grains from 0.00 to 617.44 kJ/mol in steps of 1.24 kJ/mol to compute the k(T,P) values at 500 K
Warning: For path reaction CH2OH(4) <=> methoxy(1):
Warning:     Expected kf(500 K) = 3.52929e-05
Warning:       Actual kf(500 K) = 1.43946e-05
Warning:     Expected Keq(500 K) = 0.00030812
Warning:       Actual Keq(500 K) = 0.00242255
Warning: Increasing number of grains, decreasing grain size and trying again. (Current badness: 0.9)
Using 1000 grains from 0.00 to 617.44 kJ/mol in steps of 0.62 kJ/mol to compute the k(T,P) values at 500 K
Warning: Significant corrections to k(E) to be consistent with high-pressure limit for path reaction "CH2OH(4) <=> methoxy(1)".
Using 500 grains from 0.00 to 676.64 kJ/mol in steps of 1.36 kJ/mol to compute the k(T,P) values at 678 K
Warning: Significant corrections to k(E) to be consistent with high-pressure limit for path reaction "CH2OH(4) <=> methoxy(1)".
Using 500 grains from 0.00 to 683.96 kJ/mol in steps of 1.37 kJ/mol to compute the k(T,P) values at 700 K
Warning: For path reaction CH2OH(4) <=> methoxy(1):
Warning:     Expected kf(700 K) = 2.95793
Warning:       Actual kf(700 K) = 1.47732
Warning:     Expected Keq(700 K) = 0.00256013
Warning:       Actual Keq(700 K) = 0.015129
Warning: Increasing number of grains, decreasing grain size and trying again. (Current badness: 0.8)
Using 1000 grains from 0.00 to 683.96 kJ/mol in steps of 0.68 kJ/mol to compute the k(T,P) values at 700 K
========================================================================
PDepNetwork #1 network information
----------------------------------
Isomers:
    CH2OH(4)                                             1.04e-06 kJ/mol
    methoxy(1)                                            33.3582 kJ/mol
Reactant channels:
    H(2) + CH2O(3)                                        126.636 kJ/mol
Product channels:
    O(T)(6) + [CH3](5)                                    411.856 kJ/mol
    H(2) + [CH2][O](7)                                    430.745 kJ/mol
    OH(D)(8) + CH2(T)(9)                                  443.205 kJ/mol
    H(2) + [CH]O(11)                                      451.153 kJ/mol
Path reactions:
    H(2) + CH2O(3) <=> methoxy(1)                         145.278 kJ/mol
    O(T)(6) + [CH3](5) <=> methoxy(1)                     411.856 kJ/mol
    H(2) + [CH2][O](7) <=> methoxy(1)                     430.745 kJ/mol
    CH2OH(4) <=> methoxy(1)                               163.386 kJ/mol
    OH(D)(8) + CH2(T)(9) <=> CH2OH(4)                     448.372 kJ/mol
    H(2) + [CH]O(11) <=> CH2OH(4)                         451.153 kJ/mol
    CH2OH(4) <=> H(2) + CH2O(3)                           168.401 kJ/mol
    H(2) + [CH2][O](7) <=> CH2OH(4)                       430.745 kJ/mol
Net reactions:
    methoxy(1) <=> H(2) + CH2O(3)                   
    methoxy(1) => O(T)(6) + [CH3](5)                
    methoxy(1) => H(2) + [CH2][O](7)                
    methoxy(1) <=> CH2OH(4)                         
    methoxy(1) => OH(D)(8) + CH2(T)(9)              
    methoxy(1) => H(2) + [CH]O(11)                  
========================================================================

Updating PDepNetwork #2
Calculating densities of states for PDepNetwork #2 network...
Using 709 grains from 0.00 to 848.51 kJ/mol in steps of 1.20 kJ/mol to compute densities of states
Calculating phenomenological rate coefficients for H(2) + [CH2][O](7) <=> methoxy(1)...
Using 500 grains from 0.00 to 598.03 kJ/mol in steps of 1.20 kJ/mol to compute the k(T,P) values at 450 K
Warning: Significant corrections to k(E) to be consistent with high-pressure limit for path reaction "CH2OH(4) <=> methoxy(1)".
Using 500 grains from 0.00 to 614.66 kJ/mol in steps of 1.23 kJ/mol to compute the k(T,P) values at 500 K
Warning: Significant corrections to k(E) to be consistent with high-pressure limit for path reaction "CH2OH(4) <=> methoxy(1)".
Using 500 grains from 0.00 to 673.86 kJ/mol in steps of 1.35 kJ/mol to compute the k(T,P) values at 678 K
Warning: For path reaction CH2OH(4) <=> methoxy(1):
Warning:     Expected kf(678 K) = 1.17751
Warning:       Actual kf(678 K) = 6.16636
Warning:     Expected Keq(678 K) = 0.00216166
Warning:       Actual Keq(678 K) = 0.0132368
Warning: Increasing number of grains, decreasing grain size and trying again. (Current badness: 0.8)
Using 1000 grains from 0.00 to 673.86 kJ/mol in steps of 0.67 kJ/mol to compute the k(T,P) values at 678 K
Warning: Significant corrections to k(E) to be consistent with high-pressure limit for path reaction "CH2OH(4) <=> methoxy(1)".
Using 500 grains from 0.00 to 681.18 kJ/mol in steps of 1.37 kJ/mol to compute the k(T,P) values at 700 K
========================================================================
PDepNetwork #2 network information
----------------------------------
Isomers:
    methoxy(1)                                            33.3582 kJ/mol
    CH2OH(4)                                             1.04e-06 kJ/mol
Reactant channels:
    H(2) + CH2O(3)                                        126.636 kJ/mol
Product channels:
    OH(D)(8) + CH2(T)(9)                                  443.205 kJ/mol
    H(2) + [CH2][O](7)                                    430.745 kJ/mol
    O(T)(6) + [CH3](5)                                    411.856 kJ/mol
Path reactions:
    CH2OH(4) <=> H(2) + CH2O(3)                           168.401 kJ/mol
    CH2OH(4) <=> methoxy(1)                               163.386 kJ/mol
    OH(D)(8) + CH2(T)(9) <=> CH2OH(4)                     448.372 kJ/mol
    H(2) + [CH2][O](7) <=> CH2OH(4)                       430.745 kJ/mol
    O(T)(6) + [CH3](5) <=> methoxy(1)                     411.856 kJ/mol
    H(2) + CH2O(3) <=> methoxy(1)                         145.278 kJ/mol
    H(2) + [CH2][O](7) <=> methoxy(1)                     430.745 kJ/mol
Net reactions:
    CH2OH(4) <=> H(2) + CH2O(3)                     
    CH2OH(4) => methoxy(1)                          
    CH2OH(4) => OH(D)(8) + CH2(T)(9)                
    CH2OH(4) => H(2) + [CH2][O](7)                  
    CH2OH(4) => O(T)(6) + [CH3](5)                  
========================================================================



Summary of Model Enlargement
---------------------------------
Added 0 new core species
Created 1 new edge species
    [CH]O(11)
Added 0 new core reactions
Created 3 new edge reactions
    methoxy(1) => OH(D)(8) + CH2(T)(9)
    methoxy(1) => H(2) + [CH]O(11)
    CH2OH(4) => O(T)(6) + [CH3](5)

After model enlargement:
    The model core has 5 species and 3 reactions
    The model edge has 6 species and 7 reactions


For reaction generation 1 process is used.
Updating 1 modified unimolecular reaction networks (out of 2)...
Updating PDepNetwork #2
Calculating densities of states for PDepNetwork #2 network...
Using 708 grains from 0.00 to 851.25 kJ/mol in steps of 1.20 kJ/mol to compute densities of states
Calculating phenomenological rate coefficients for H(2) + [CH]O(11) <=> CH2OH(4)...
Using 500 grains from 0.00 to 600.81 kJ/mol in steps of 1.20 kJ/mol to compute the k(T,P) values at 450 K
Using 500 grains from 0.00 to 617.44 kJ/mol in steps of 1.24 kJ/mol to compute the k(T,P) values at 500 K
Warning: For path reaction CH2OH(4) <=> methoxy(1):
Warning:     Expected kf(500 K) = 3.52929e-05
Warning:       Actual kf(500 K) = 1.43946e-05
Warning:     Expected Keq(500 K) = 0.00030812
Warning:       Actual Keq(500 K) = 0.00242255
Warning: Increasing number of grains, decreasing grain size and trying again. (Current badness: 0.9)
Using 1000 grains from 0.00 to 617.44 kJ/mol in steps of 0.62 kJ/mol to compute the k(T,P) values at 500 K
Warning: Significant corrections to k(E) to be consistent with high-pressure limit for path reaction "CH2OH(4) <=> methoxy(1)".
Using 500 grains from 0.00 to 676.64 kJ/mol in steps of 1.36 kJ/mol to compute the k(T,P) values at 678 K
Warning: Significant corrections to k(E) to be consistent with high-pressure limit for path reaction "CH2OH(4) <=> methoxy(1)".
Using 500 grains from 0.00 to 683.96 kJ/mol in steps of 1.37 kJ/mol to compute the k(T,P) values at 700 K
Warning: For path reaction CH2OH(4) <=> methoxy(1):
Warning:     Expected kf(700 K) = 2.95793
Warning:       Actual kf(700 K) = 1.47732
Warning:     Expected Keq(700 K) = 0.00256013
Warning:       Actual Keq(700 K) = 0.015129
Warning: Increasing number of grains, decreasing grain size and trying again. (Current badness: 0.8)
Using 1000 grains from 0.00 to 683.96 kJ/mol in steps of 0.68 kJ/mol to compute the k(T,P) values at 700 K
========================================================================
PDepNetwork #2 network information
----------------------------------
Isomers:
    methoxy(1)                                            33.3582 kJ/mol
    CH2OH(4)                                             1.04e-06 kJ/mol
Reactant channels:
    H(2) + CH2O(3)                                        126.636 kJ/mol
Product channels:
    OH(D)(8) + CH2(T)(9)                                  443.205 kJ/mol
    H(2) + [CH2][O](7)                                    430.745 kJ/mol
    O(T)(6) + [CH3](5)                                    411.856 kJ/mol
    H(2) + [CH]O(11)                                      451.153 kJ/mol
Path reactions:
    CH2OH(4) <=> H(2) + CH2O(3)                           168.401 kJ/mol
    CH2OH(4) <=> methoxy(1)                               163.386 kJ/mol
    OH(D)(8) + CH2(T)(9) <=> CH2OH(4)                     448.372 kJ/mol
    H(2) + [CH2][O](7) <=> CH2OH(4)                       430.745 kJ/mol
    O(T)(6) + [CH3](5) <=> methoxy(1)                     411.856 kJ/mol
    H(2) + CH2O(3) <=> methoxy(1)                         145.278 kJ/mol
    H(2) + [CH2][O](7) <=> methoxy(1)                     430.745 kJ/mol
    H(2) + [CH]O(11) <=> CH2OH(4)                         451.153 kJ/mol
Net reactions:
    CH2OH(4) <=> H(2) + CH2O(3)                     
    CH2OH(4) => methoxy(1)                          
    CH2OH(4) => OH(D)(8) + CH2(T)(9)                
    CH2OH(4) => H(2) + [CH2][O](7)                  
    CH2OH(4) => O(T)(6) + [CH3](5)                  
    CH2OH(4) => H(2) + [CH]O(11)                    
========================================================================



Summary of Secondary Model Edge Enlargement
---------------------------------
Added 0 new core species
Created 0 new edge species
Added 0 new core reactions
Created 1 new edge reactions
    CH2OH(4) => H(2) + [CH]O(11)

After model enlargement:
    The model core has 5 species and 3 reactions
    The model edge has 6 species and 8 reactions


Updating PDepNetwork #1
Calculating densities of states for PDepNetwork #1 network...
Using 709 grains from 0.00 to 848.51 kJ/mol in steps of 1.20 kJ/mol to compute densities of states
Calculating phenomenological rate coefficients for H(2) + [CH2][O](7) <=> CH2OH(4)...
Using 500 grains from 0.00 to 598.03 kJ/mol in steps of 1.20 kJ/mol to compute the k(T,P) values at 450 K
Warning: Significant corrections to k(E) to be consistent with high-pressure limit for path reaction "CH2OH(4) <=> methoxy(1)".
Using 500 grains from 0.00 to 614.66 kJ/mol in steps of 1.23 kJ/mol to compute the k(T,P) values at 500 K
Warning: Significant corrections to k(E) to be consistent with high-pressure limit for path reaction "CH2OH(4) <=> methoxy(1)".
Using 500 grains from 0.00 to 673.86 kJ/mol in steps of 1.35 kJ/mol to compute the k(T,P) values at 678 K
Warning: For path reaction CH2OH(4) <=> methoxy(1):
Warning:     Expected kf(678 K) = 1.17751
Warning:       Actual kf(678 K) = 6.16636
Warning:     Expected Keq(678 K) = 0.00216166
Warning:       Actual Keq(678 K) = 0.0132368
Warning: Increasing number of grains, decreasing grain size and trying again. (Current badness: 0.8)
Using 1000 grains from 0.00 to 673.86 kJ/mol in steps of 0.67 kJ/mol to compute the k(T,P) values at 678 K
Warning: Significant corrections to k(E) to be consistent with high-pressure limit for path reaction "CH2OH(4) <=> methoxy(1)".
Using 500 grains from 0.00 to 681.18 kJ/mol in steps of 1.37 kJ/mol to compute the k(T,P) values at 700 K
========================================================================
PDepNetwork #1 network information
----------------------------------
Isomers:
    CH2OH(4)                                             1.04e-06 kJ/mol
    methoxy(1)                                            33.3582 kJ/mol
Reactant channels:
    H(2) + CH2O(3)                                        126.636 kJ/mol
Product channels:
    O(T)(6) + [CH3](5)                                    411.856 kJ/mol
    H(2) + [CH2][O](7)                                    430.745 kJ/mol
    OH(D)(8) + CH2(T)(9)                                  443.205 kJ/mol
Path reactions:
    H(2) + CH2O(3) <=> methoxy(1)                         145.278 kJ/mol
    O(T)(6) + [CH3](5) <=> methoxy(1)                     411.856 kJ/mol
    H(2) + [CH2][O](7) <=> methoxy(1)                     430.745 kJ/mol
    CH2OH(4) <=> methoxy(1)                               163.386 kJ/mol
    OH(D)(8) + CH2(T)(9) <=> CH2OH(4)                     448.372 kJ/mol
    CH2OH(4) <=> H(2) + CH2O(3)                           168.401 kJ/mol
    H(2) + [CH2][O](7) <=> CH2OH(4)                       430.745 kJ/mol
Net reactions:
    methoxy(1) <=> H(2) + CH2O(3)                   
    methoxy(1) => O(T)(6) + [CH3](5)                
    methoxy(1) => H(2) + [CH2][O](7)                
    methoxy(1) <=> CH2OH(4)                         
    methoxy(1) => OH(D)(8) + CH2(T)(9)              
========================================================================

removing products during reduction:
['O(T)', '[CH3]']
['H', '[CH2][O]']
['OH(D)', 'CH2(T)']
Removing disconnected items
Keeping net rxn: methoxy(1) <=> H(2) + CH2O(3)
Removing net rxn: methoxy(1) => O(T)(6) + [CH3](5)
Removing net rxn: methoxy(1) => H(2) + [CH2][O](7)
Keeping net rxn: methoxy(1) <=> CH2OH(4)
Removing net rxn: methoxy(1) => OH(D)(8) + CH2(T)(9)
Removing product: O(T)(6) + [CH3](5)
Removing product: H(2) + [CH2][O](7)
Removing product: OH(D)(8) + CH2(T)(9)
Keeping product: H(2) + CH2O(3)
Keeping isomer: CH2OH(4)
Keeping isomer: methoxy(1)
Updating 1 modified unimolecular reaction networks (out of 2)...
Updating PDepNetwork #1
Calculating densities of states for PDepNetwork #1 network...
Using 892 grains from 0.00 to 567.92 kJ/mol in steps of 0.64 kJ/mol to compute densities of states
Calculating phenomenological rate coefficients for CH2OH(4) <=> H(2) + CH2O(3)...
Using 500 grains from 0.00 to 318.06 kJ/mol in steps of 0.64 kJ/mol to compute the k(T,P) values at 450 K
Warning: Significant corrections to k(E) to be consistent with high-pressure limit for path reaction "CH2OH(4) <=> methoxy(1)".
Using 500 grains from 0.00 to 334.69 kJ/mol in steps of 0.67 kJ/mol to compute the k(T,P) values at 500 K
Warning: Significant corrections to k(E) to be consistent with high-pressure limit for path reaction "CH2OH(4) <=> methoxy(1)".
Using 500 grains from 0.00 to 393.89 kJ/mol in steps of 0.79 kJ/mol to compute the k(T,P) values at 678 K
Warning: For path reaction CH2OH(4) <=> methoxy(1):
Warning:     Expected kf(678 K) = 1.17751
Warning:       Actual kf(678 K) = 4.69194
Warning:     Expected Keq(678 K) = 0.00216166
Warning:       Actual Keq(678 K) = 0.0130834
Warning: Increasing number of grains, decreasing grain size and trying again. (Current badness: 0.8)
Using 1000 grains from 0.00 to 393.89 kJ/mol in steps of 0.39 kJ/mol to compute the k(T,P) values at 678 K
Warning: Significant corrections to k(E) to be consistent with high-pressure limit for path reaction "CH2OH(4) <=> methoxy(1)".
Using 500 grains from 0.00 to 401.21 kJ/mol in steps of 0.80 kJ/mol to compute the k(T,P) values at 700 K
Warning: Significant corrections to k(E) to be consistent with high-pressure limit for path reaction "CH2OH(4) <=> methoxy(1)".
========================================================================
PDepNetwork #1 network information
----------------------------------
Isomers:
    CH2OH(4)                                             1.04e-06 kJ/mol
    methoxy(1)                                            33.3582 kJ/mol
Reactant channels:
    H(2) + CH2O(3)                                        126.636 kJ/mol
Product channels:
Path reactions:
    H(2) + CH2O(3) <=> methoxy(1)                         145.278 kJ/mol
    CH2OH(4) <=> methoxy(1)                               163.386 kJ/mol
    CH2OH(4) <=> H(2) + CH2O(3)                           168.401 kJ/mol
Net reactions:
    methoxy(1) <=> H(2) + CH2O(3)                   
    methoxy(1) <=> CH2OH(4)                         
========================================================================

Updating PDepNetwork #1
Calculating densities of states for PDepNetwork #1 network...
Using 892 grains from 0.00 to 567.92 kJ/mol in steps of 0.64 kJ/mol to compute densities of states
Calculating phenomenological rate coefficients for CH2OH(4) <=> H(2) + CH2O(3)...
Using 500 grains from 0.00 to 318.06 kJ/mol in steps of 0.64 kJ/mol to compute the k(T,P) values at 450 K
Warning: Significant corrections to k(E) to be consistent with high-pressure limit for path reaction "CH2OH(4) <=> methoxy(1)".
Using 500 grains from 0.00 to 334.69 kJ/mol in steps of 0.67 kJ/mol to compute the k(T,P) values at 500 K
Warning: Significant corrections to k(E) to be consistent with high-pressure limit for path reaction "CH2OH(4) <=> methoxy(1)".
Using 500 grains from 0.00 to 393.89 kJ/mol in steps of 0.79 kJ/mol to compute the k(T,P) values at 678 K
Warning: For path reaction CH2OH(4) <=> methoxy(1):
Warning:     Expected kf(678 K) = 1.17751
Warning:       Actual kf(678 K) = 4.69194
Warning:     Expected Keq(678 K) = 0.00216166
Warning:       Actual Keq(678 K) = 0.0130834
Warning: Increasing number of grains, decreasing grain size and trying again. (Current badness: 0.8)
Using 1000 grains from 0.00 to 393.89 kJ/mol in steps of 0.39 kJ/mol to compute the k(T,P) values at 678 K
Warning: Significant corrections to k(E) to be consistent with high-pressure limit for path reaction "CH2OH(4) <=> methoxy(1)".
Using 500 grains from 0.00 to 401.21 kJ/mol in steps of 0.80 kJ/mol to compute the k(T,P) values at 700 K
Warning: Significant corrections to k(E) to be consistent with high-pressure limit for path reaction "CH2OH(4) <=> methoxy(1)".
========================================================================
PDepNetwork #1 network information
----------------------------------
Isomers:
    CH2OH(4)                                             1.04e-06 kJ/mol
    methoxy(1)                                            33.3582 kJ/mol
Reactant channels:
    H(2) + CH2O(3)                                        126.636 kJ/mol
Product channels:
Path reactions:
    H(2) + CH2O(3) <=> methoxy(1)                         145.278 kJ/mol
    CH2OH(4) <=> methoxy(1)                               163.386 kJ/mol
    CH2OH(4) <=> H(2) + CH2O(3)                           168.401 kJ/mol
Net reactions:
    methoxy(1) <=> H(2) + CH2O(3)                   
    methoxy(1) <=> CH2OH(4)                         
========================================================================

========================================================================
PDepNetwork #1 network information
----------------------------------
Isomers:
    CH2OH(4)                                             1.04e-06 kJ/mol
    methoxy(1)                                            33.3582 kJ/mol
Reactant channels:
    H(2) + CH2O(3)                                        126.636 kJ/mol
Product channels:
Path reactions:
    H(2) + CH2O(3) <=> methoxy(1)                         145.278 kJ/mol
    CH2OH(4) <=> methoxy(1)                               163.386 kJ/mol
    CH2OH(4) <=> H(2) + CH2O(3)                           168.401 kJ/mol
Net reactions:
    methoxy(1) <=> H(2) + CH2O(3)                   
    methoxy(1) <=> CH2OH(4)                         
========================================================================

Calculating densities of states for PDepNetwork #1 network...
Using 892 grains from 0.00 to 567.92 kJ/mol in steps of 0.64 kJ/mol to compute densities of states
Calculating phenomenological rate coefficients for CH2OH(4) <=> H(2) + CH2O(3)...
Using 500 grains from 0.00 to 318.06 kJ/mol in steps of 0.64 kJ/mol to compute the k(T,P) values at 450 K
Warning: Significant corrections to k(E) to be consistent with high-pressure limit for path reaction "CH2OH(4) <=> methoxy(1)".
Using 500 grains from 0.00 to 334.69 kJ/mol in steps of 0.67 kJ/mol to compute the k(T,P) values at 500 K
Warning: Significant corrections to k(E) to be consistent with high-pressure limit for path reaction "CH2OH(4) <=> methoxy(1)".
Using 500 grains from 0.00 to 393.89 kJ/mol in steps of 0.79 kJ/mol to compute the k(T,P) values at 678 K
Warning: For path reaction CH2OH(4) <=> methoxy(1):
Warning:     Expected kf(678 K) = 1.17751
Warning:       Actual kf(678 K) = 4.69194
Warning:     Expected Keq(678 K) = 0.00216166
Warning:       Actual Keq(678 K) = 0.0130834
Warning: Increasing number of grains, decreasing grain size and trying again. (Current badness: 0.8)
Using 1000 grains from 0.00 to 393.89 kJ/mol in steps of 0.39 kJ/mol to compute the k(T,P) values at 678 K
Warning: Significant corrections to k(E) to be consistent with high-pressure limit for path reaction "CH2OH(4) <=> methoxy(1)".
Using 500 grains from 0.00 to 401.21 kJ/mol in steps of 0.80 kJ/mol to compute the k(T,P) values at 700 K
Warning: Significant corrections to k(E) to be consistent with high-pressure limit for path reaction "CH2OH(4) <=> methoxy(1)".
Saving pressure dependence results for network PDepNetwork #1...

Arkane execution terminated at Tue Sep 22 08:29:47 2026
executed /home/alon/Code/RMG-Py-i244-chemkin-duplicate-electron-aware/test/../examples/arkane/explorer/methoxy
running /home/alon/Code/RMG-Py-i244-chemkin-duplicate-electron-aware/test/../examples/arkane/explorer/methyl+formaldehyde
Arkane execution initiated at Tue Sep 22 08:29:47 2026

################################################################
#                                                              #
# Automated Reaction Kinetics and Network Exploration (Arkane) #
#                                                              #
#   Version: 4.0.0                                             #
#   Authors: RMG Developers (rmg_dev@mit.edu)                  #
#   P.I.s:   William H. Green (whgreen@mit.edu)                #
#            Richard H. West (r.west@neu.edu)                  #
#   Website: https://reactionmechanismgenerator.github.io/      #
#                                                              #
################################################################

The current git HEAD for RMG-Py is:
	4be053318960481be6c6a98cad549c725f384a30
	Tue Sep 22 00:43:24 2026 +0300

The current git HEAD for RMG-database is:
	96f2afa4a172def46364379532f3987262e82b6c
	Mon Sep 21 13:23:54 2026 +0300

Loading transport library from NIST_Fluorine.py in /home/alon/Code/RMG-database-plasma/input/transport/libraries...
Loading transport library from PrimaryTransportLibrary.py in /home/alon/Code/RMG-database-plasma/input/transport/libraries...
Loading transport library from GRI-Mech.py in /home/alon/Code/RMG-database-plasma/input/transport/libraries...
Loading transport library from OneDMinN2.py in /home/alon/Code/RMG-database-plasma/input/transport/libraries...
Loading transport library from NOx2018.py in /home/alon/Code/RMG-database-plasma/input/transport/libraries...
Loading transport group database from /home/alon/Code/RMG-database-plasma/input/transport/groups...
Loading frequencies library from halogens_G4.py in /home/alon/Code/RMG-database-plasma/input/statmech/libraries...
Loading frequencies group database from /home/alon/Code/RMG-database-plasma/input/statmech/groups...
Loading solvation thermodynamics group database from /home/alon/Code/RMG-database-plasma/input/solvation/groups...
Loading thermodynamics library from primaryThermoLibrary.py in /home/alon/Code/RMG-database-plasma/input/thermo/libraries...
Loading thermodynamics group database from /home/alon/Code/RMG-database-plasma/input/thermo/groups...
Loading thermodynamics SIDTs from /home/alon/Code/RMG-database-plasma/input/thermo/sidt...
Warning: Cphigh is above the theoretical CpInf value for ThermoData object
ThermoData(Tdata=([300,400,500,600,800,1000,1500],'K'), Cpdata=([60.2599,68.0494,74.7775,80.9311,90.8846,97.4337,105.393],'J/(mol*K)'), H298=(-477.191,'kJ/mol'), S298=(269.551,'J/(mol*K)'), Cp0=(33.2579,'J/(mol*K)'), CpInf=(103.931,'J/(mol*K)'), comment="""Thermo group additivity estimation: group(O2s-(Cds-Cd)(Cds-Cd)) + group(O2s-(Cds-O2d)H) + group(Cds-OdOsOs) + group(Li-OCOdO) + radical(OC=OOJ)""").
The thermo for this species is probably wrong! Setting CpInf = Cphigh for Entropy calculationat T = 2000.0 K...
Warning: Cphigh is above the theoretical CpInf value for ThermoData object
ThermoData(Tdata=([300,400,500,600,800,1000,1500],'K'), Cpdata=([60.2599,68.0494,74.7775,80.9311,90.8846,97.4337,105.393],'J/(mol*K)'), H298=(-477.191,'kJ/mol'), S298=(269.551,'J/(mol*K)'), Cp0=(33.2579,'J/(mol*K)'), CpInf=(103.931,'J/(mol*K)'), comment="""Thermo group additivity estimation: group(O2s-(Cds-Cd)(Cds-Cd)) + group(O2s-(Cds-O2d)H) + group(Cds-OdOsOs) + group(Li-OCOdO) + radical(OC=OOJ)""").
The thermo for this species is probably wrong! Setting CpInf = Cphigh for Entropy calculationat T = 1666.6666666666665 K...
Loading species CH3...
No E0 or thermo found, estimating thermo and E0 of species CH3 using RMG-Database...
Warning: Statmech node 'C_R1' and all its parents have data = None
Loading species CH2O...
No E0 or thermo found, estimating thermo and E0 of species CH2O using RMG-Database...
Warning: Statmech node 'O_R0' and all its parents have data = None
Loading species N2...


Warning: Species N2 did not contain any thermo data and was omitted from the thermo library.
Exploring network...
NOT generating reactions for unreactive species N2
Updating 0 modified unimolecular reaction networks (out of 0)...


Summary of Model Enlargement
---------------------------------
Added 1 new core species
    N2
Created 0 new edge species
Added 0 new core reactions
Created 0 new edge reactions

After model enlargement:
    The model core has 1 species and 0 reactions
    The model edge has 0 species and 0 reactions


Adding species CH3(1) to model core
Updating 0 modified unimolecular reaction networks (out of 0)...


Summary of Model Enlargement
---------------------------------
Added 1 new core species
    CH3(1)
Created 0 new edge species
Added 0 new core reactions
Created 0 new edge reactions

After model enlargement:
    The model core has 2 species and 0 reactions
    The model edge has 0 species and 0 reactions


Adding species CH2O(2) to model core
Updating 0 modified unimolecular reaction networks (out of 0)...


Summary of Model Enlargement
---------------------------------
Added 1 new core species
    CH2O(2)
Created 0 new edge species
Added 0 new core reactions
Created 0 new edge reactions

After model enlargement:
    The model core has 3 species and 0 reactions
    The model edge has 0 species and 0 reactions


Adding seed mechanism kineticsjobs to model core...

Summary of Model Enlargement
---------------------------------
Added 0 new core species
Created 0 new edge species
Added 0 new core reactions
Created 0 new edge reactions

After model enlargement:
    The model core has 3 species and 0 reactions
    The model edge has 0 species and 0 reactions

For reaction generation 1 process is used.
Species  renamed CH4 based on thermo library name
Generating thermo for new species...
Updating 0 modified unimolecular reaction networks (out of 2)...


Summary of Secondary Model Edge Enlargement
---------------------------------
Added 0 new core species
Created 4 new edge species
    [CH]=O(4)
    CH4(3)
    [CH2]OC(5)
    CC[O](6)
Added 0 new core reactions
Created 1 new edge reactions
    [CH]=O(4) + CH4(3) <=> CH2O(2) + CH3(1)

After model enlargement:
    The model core has 3 species and 0 reactions
    The model edge has 4 species and 1 reactions


adding new isomer [CH2]OC(5) to network
Exploring isomer [CH2]OC(5) in pressure-dependent network #1
Species  renamed CH2(S) based on thermo library name
For reaction CH2(S)(7) + [CH2]O(8) <=> [CH2]OC(5) Ea raised from -5.1 to 0 kJ/mol.
Generating thermo for new species...
Updating 1 modified unimolecular reaction networks (out of 2)...
Updating PDepNetwork #1
Warning: Statmech node 'O_R0' and all its parents have data = None
Warning: Statmech node 'O_R0' and all its parents have data = None
Warning: Statmech node 'C_R1' and all its parents have data = None
Warning: Statmech node 'C_R0' and all its parents have data = None
Warning: For [CH2]O, more characteristic frequencies were generated than vibrational modes allowed. Removed 1 groups (3 frequencies) to compensate.
Calculating densities of states for PDepNetwork #1 network...
Using 802 grains from 0.00 to 795.91 kJ/mol in steps of 0.99 kJ/mol to compute densities of states
Calculating phenomenological rate coefficients for CH2(S)(7) + [CH2]O(8) <=> [CH2]OC(5)...
Using 500 grains from 0.00 to 795.15 kJ/mol in steps of 1.59 kJ/mol to compute the k(T,P) values at 1200 K
Using 500 grains from 0.00 to 662.12 kJ/mol in steps of 1.33 kJ/mol to compute the k(T,P) values at 800 K
Using 500 grains from 0.00 to 595.60 kJ/mol in steps of 1.19 kJ/mol to compute the k(T,P) values at 600 K
Using 500 grains from 0.00 to 555.69 kJ/mol in steps of 1.11 kJ/mol to compute the k(T,P) values at 480 K
Using 500 grains from 0.00 to 529.09 kJ/mol in steps of 1.06 kJ/mol to compute the k(T,P) values at 400 K
Using 500 grains from 0.00 to 510.08 kJ/mol in steps of 1.02 kJ/mol to compute the k(T,P) values at 342.857 K
Using 500 grains from 0.00 to 495.83 kJ/mol in steps of 0.99 kJ/mol to compute the k(T,P) values at 300 K
========================================================================
PDepNetwork #1 network information
----------------------------------
Isomers:
    [CH2]OC(5)                                        1.74326e-07 kJ/mol
Reactant channels:
    CH2O(2) + CH3(1)                                      27.2258 kJ/mol
Product channels:
    CH2(S)(7) + [CH2]O(8)                                 396.057 kJ/mol
Path reactions:
    CH2O(2) + CH3(1) <=> [CH2]OC(5)                       268.146 kJ/mol
    CH2(S)(7) + [CH2]O(8) <=> [CH2]OC(5)                  396.057 kJ/mol
Net reactions:
    CH2O(2) + CH3(1) => [CH2]OC(5)                  
    CH2O(2) + CH3(1) => CH2(S)(7) + [CH2]O(8)       
========================================================================



Summary of Model Enlargement
---------------------------------
Added 0 new core species
Created 2 new edge species
    CH2(S)(7)
    [CH2]O(8)
Added 0 new core reactions
Created 2 new edge reactions
    CH2O(2) + CH3(1) => [CH2]OC(5)
    CH2O(2) + CH3(1) => CH2(S)(7) + [CH2]O(8)

After model enlargement:
    The model core has 3 species and 0 reactions
    The model edge has 6 species and 3 reactions


For reaction generation 1 process is used.
Updating 0 modified unimolecular reaction networks (out of 2)...


Summary of Secondary Model Edge Enlargement
---------------------------------
Added 0 new core species
Created 0 new edge species
Added 0 new core reactions
Created 0 new edge reactions

After model enlargement:
    The model core has 3 species and 0 reactions
    The model edge has 6 species and 3 reactions


adding new isomer CC[O](6) to network
Exploring isomer CC[O](6) in pressure-dependent network #2
For reaction CH2(S)(7) + C[O](9) <=> CC[O](6) Ea raised from -5.1 to 0 kJ/mol.
Species  renamed H based on thermo library name
Generating thermo for new species...
Updating 1 modified unimolecular reaction networks (out of 2)...
Updating PDepNetwork #2
Warning: Statmech node 'Oxy' and all its parents have data = None
Warning: Statmech node 'Oxy' and all its parents have data = None
Warning: Statmech node 'O_R0' and all its parents have data = None
Warning: For CC=O, more characteristic frequencies were generated than vibrational modes allowed. Removed 1 groups (6 frequencies) to compensate.
Calculating densities of states for PDepNetwork #2 network...
Using 752 grains from -0.00 to 895.56 kJ/mol in steps of 1.19 kJ/mol to compute densities of states
Calculating phenomenological rate coefficients for CC[O](6) <=> [CH2]CO(13)...
Using 500 grains from -0.00 to 894.38 kJ/mol in steps of 1.79 kJ/mol to compute the k(T,P) values at 1200 K
Using 500 grains from -0.00 to 761.34 kJ/mol in steps of 1.53 kJ/mol to compute the k(T,P) values at 800 K
Using 500 grains from -0.00 to 694.83 kJ/mol in steps of 1.39 kJ/mol to compute the k(T,P) values at 600 K
Using 500 grains from -0.00 to 654.92 kJ/mol in steps of 1.31 kJ/mol to compute the k(T,P) values at 480 K
Using 500 grains from -0.00 to 628.31 kJ/mol in steps of 1.26 kJ/mol to compute the k(T,P) values at 400 K
Using 500 grains from -0.00 to 609.31 kJ/mol in steps of 1.22 kJ/mol to compute the k(T,P) values at 342.857 K
Using 500 grains from -0.00 to 595.06 kJ/mol in steps of 1.19 kJ/mol to compute the k(T,P) values at 300 K
========================================================================
PDepNetwork #2 network information
----------------------------------
Isomers:
    CC[O](6)                                              45.4073 kJ/mol
Reactant channels:
    CH2O(2) + CH3(1)                                      93.0925 kJ/mol
Product channels:
    CH2(S)(7) + C[O](9)                                   495.282 kJ/mol
    H(11) + CC=O(10)                                      110.172 kJ/mol
    C[CH]O(12)                                       -9.79304e-07 kJ/mol
    [CH2]CO(13)                                           31.2912 kJ/mol
Path reactions:
    CH2O(2) + CH3(1) <=> CC[O](6)                         108.992 kJ/mol
    CH2(S)(7) + C[O](9) <=> CC[O](6)                      495.282 kJ/mol
    H(11) + CC=O(10) <=> CC[O](6)                         127.619 kJ/mol
    C[CH]O(12) <=> CC[O](6)                               129.286 kJ/mol
    CC[O](6) <=> [CH2]CO(13)                              184.085 kJ/mol
Net reactions:
    CH2O(2) + CH3(1) => CC[O](6)                    
    CH2O(2) + CH3(1) => CH2(S)(7) + C[O](9)         
    CH2O(2) + CH3(1) => H(11) + CC=O(10)            
    CH2O(2) + CH3(1) => C[CH]O(12)                  
    CH2O(2) + CH3(1) => [CH2]CO(13)                 
========================================================================



Summary of Model Enlargement
---------------------------------
Added 0 new core species
Created 5 new edge species
    C[O](9)
    H(11)
    CC=O(10)
    C[CH]O(12)
    [CH2]CO(13)
Added 0 new core reactions
Created 5 new edge reactions
    CH2O(2) + CH3(1) => CC[O](6)
    CH2O(2) + CH3(1) => CH2(S)(7) + C[O](9)
    CH2O(2) + CH3(1) => H(11) + CC=O(10)
    CH2O(2) + CH3(1) => C[CH]O(12)
    CH2O(2) + CH3(1) => [CH2]CO(13)

After model enlargement:
    The model core has 3 species and 0 reactions
    The model edge has 11 species and 8 reactions


For reaction generation 1 process is used.
Updating 0 modified unimolecular reaction networks (out of 2)...


Summary of Secondary Model Edge Enlargement
---------------------------------
Added 0 new core species
Created 0 new edge species
Added 0 new core reactions
Created 0 new edge reactions

After model enlargement:
    The model core has 3 species and 0 reactions
    The model edge has 11 species and 8 reactions


adding new isomer C[CH]O(12) to network
Exploring isomer C[CH]O(12) in pressure-dependent network #2
Generating thermo for new species...
Updating 1 modified unimolecular reaction networks (out of 2)...
Updating PDepNetwork #2
Calculating densities of states for PDepNetwork #2 network...
Using 752 grains from -0.00 to 895.56 kJ/mol in steps of 1.19 kJ/mol to compute densities of states
Calculating phenomenological rate coefficients for C[CH]O(12) <=> [CH2]CO(13)...
Using 500 grains from -0.00 to 894.38 kJ/mol in steps of 1.79 kJ/mol to compute the k(T,P) values at 1200 K
Using 500 grains from -0.00 to 761.34 kJ/mol in steps of 1.53 kJ/mol to compute the k(T,P) values at 800 K
Using 500 grains from -0.00 to 694.83 kJ/mol in steps of 1.39 kJ/mol to compute the k(T,P) values at 600 K
Using 500 grains from -0.00 to 654.92 kJ/mol in steps of 1.31 kJ/mol to compute the k(T,P) values at 480 K
Using 500 grains from -0.00 to 628.31 kJ/mol in steps of 1.26 kJ/mol to compute the k(T,P) values at 400 K
Using 500 grains from -0.00 to 609.31 kJ/mol in steps of 1.22 kJ/mol to compute the k(T,P) values at 342.857 K
Using 500 grains from -0.00 to 595.06 kJ/mol in steps of 1.19 kJ/mol to compute the k(T,P) values at 300 K
========================================================================
PDepNetwork #2 network information
----------------------------------
Isomers:
    CC[O](6)                                              45.4073 kJ/mol
    C[CH]O(12)                                       -9.79304e-07 kJ/mol
Reactant channels:
    CH2O(2) + CH3(1)                                      93.0925 kJ/mol
Product channels:
    CH2(S)(7) + C[O](9)                                   495.282 kJ/mol
    H(11) + CC=O(10)                                      110.172 kJ/mol
    [CH2]CO(13)                                           31.2912 kJ/mol
    H(11) + C=CO(14)                                      121.434 kJ/mol
Path reactions:
    CH2O(2) + CH3(1) <=> CC[O](6)                         108.992 kJ/mol
    CH2(S)(7) + C[O](9) <=> CC[O](6)                      495.282 kJ/mol
    H(11) + CC=O(10) <=> CC[O](6)                         127.619 kJ/mol
    C[CH]O(12) <=> CC[O](6)                               129.286 kJ/mol
    CC[O](6) <=> [CH2]CO(13)                              184.085 kJ/mol
    H(11) + CC=O(10) <=> C[CH]O(12)                       146.058 kJ/mol
    H(11) + C=CO(14) <=> C[CH]O(12)                       127.895 kJ/mol
    C[CH]O(12) <=> [CH2]CO(13)                             188.28 kJ/mol
Net reactions:
    CH2O(2) + CH3(1) => CC[O](6)                    
    CH2O(2) + CH3(1) => CH2(S)(7) + C[O](9)         
    CH2O(2) + CH3(1) => H(11) + CC=O(10)            
    CH2O(2) + CH3(1) => C[CH]O(12)                  
    CH2O(2) + CH3(1) => [CH2]CO(13)                 
    CH2O(2) + CH3(1) => H(11) + C=CO(14)            
========================================================================



Summary of Model Enlargement
---------------------------------
Added 0 new core species
Created 1 new edge species
    C=CO(14)
Added 0 new core reactions
Created 1 new edge reactions
    CH2O(2) + CH3(1) => H(11) + C=CO(14)

After model enlargement:
    The model core has 3 species and 0 reactions
    The model edge has 12 species and 9 reactions


For reaction generation 1 process is used.
Updating 0 modified unimolecular reaction networks (out of 2)...


Summary of Secondary Model Edge Enlargement
---------------------------------
Added 0 new core species
Created 0 new edge species
Added 0 new core reactions
Created 0 new edge reactions

After model enlargement:
    The model core has 3 species and 0 reactions
    The model edge has 12 species and 9 reactions


Updating PDepNetwork #1
Calculating densities of states for PDepNetwork #1 network...
Using 802 grains from 0.00 to 795.91 kJ/mol in steps of 0.99 kJ/mol to compute densities of states
Calculating phenomenological rate coefficients for CH2(S)(7) + [CH2]O(8) <=> [CH2]OC(5)...
Using 500 grains from 0.00 to 795.15 kJ/mol in steps of 1.59 kJ/mol to compute the k(T,P) values at 1200 K
Using 500 grains from 0.00 to 662.12 kJ/mol in steps of 1.33 kJ/mol to compute the k(T,P) values at 800 K
Using 500 grains from 0.00 to 595.60 kJ/mol in steps of 1.19 kJ/mol to compute the k(T,P) values at 600 K
Using 500 grains from 0.00 to 555.69 kJ/mol in steps of 1.11 kJ/mol to compute the k(T,P) values at 480 K
Using 500 grains from 0.00 to 529.09 kJ/mol in steps of 1.06 kJ/mol to compute the k(T,P) values at 400 K
Using 500 grains from 0.00 to 510.08 kJ/mol in steps of 1.02 kJ/mol to compute the k(T,P) values at 342.857 K
Using 500 grains from 0.00 to 495.83 kJ/mol in steps of 0.99 kJ/mol to compute the k(T,P) values at 300 K
========================================================================
PDepNetwork #1 network information
----------------------------------
Isomers:
    [CH2]OC(5)                                        1.74326e-07 kJ/mol
Reactant channels:
    CH2O(2) + CH3(1)                                      27.2258 kJ/mol
Product channels:
    CH2(S)(7) + [CH2]O(8)                                 396.057 kJ/mol
Path reactions:
    CH2O(2) + CH3(1) <=> [CH2]OC(5)                       268.146 kJ/mol
    CH2(S)(7) + [CH2]O(8) <=> [CH2]OC(5)                  396.057 kJ/mol
Net reactions:
    CH2O(2) + CH3(1) => [CH2]OC(5)                  
    CH2O(2) + CH3(1) => CH2(S)(7) + [CH2]O(8)       
========================================================================

Updating PDepNetwork #2
Calculating densities of states for PDepNetwork #2 network...
Using 752 grains from -0.00 to 895.56 kJ/mol in steps of 1.19 kJ/mol to compute densities of states
Calculating phenomenological rate coefficients for C[CH]O(12) <=> [CH2]CO(13)...
Using 500 grains from -0.00 to 894.38 kJ/mol in steps of 1.79 kJ/mol to compute the k(T,P) values at 1200 K
Using 500 grains from -0.00 to 761.34 kJ/mol in steps of 1.53 kJ/mol to compute the k(T,P) values at 800 K
Using 500 grains from -0.00 to 694.83 kJ/mol in steps of 1.39 kJ/mol to compute the k(T,P) values at 600 K
Using 500 grains from -0.00 to 654.92 kJ/mol in steps of 1.31 kJ/mol to compute the k(T,P) values at 480 K
Using 500 grains from -0.00 to 628.31 kJ/mol in steps of 1.26 kJ/mol to compute the k(T,P) values at 400 K
Using 500 grains from -0.00 to 609.31 kJ/mol in steps of 1.22 kJ/mol to compute the k(T,P) values at 342.857 K
Using 500 grains from -0.00 to 595.06 kJ/mol in steps of 1.19 kJ/mol to compute the k(T,P) values at 300 K
========================================================================
PDepNetwork #2 network information
----------------------------------
Isomers:
    CC[O](6)                                              45.4073 kJ/mol
    C[CH]O(12)                                       -9.79304e-07 kJ/mol
Reactant channels:
    CH2O(2) + CH3(1)                                      93.0925 kJ/mol
Product channels:
    CH2(S)(7) + C[O](9)                                   495.282 kJ/mol
    H(11) + CC=O(10)                                      110.172 kJ/mol
    [CH2]CO(13)                                           31.2912 kJ/mol
    H(11) + C=CO(14)                                      121.434 kJ/mol
Path reactions:
    CH2O(2) + CH3(1) <=> CC[O](6)                         108.992 kJ/mol
    CH2(S)(7) + C[O](9) <=> CC[O](6)                      495.282 kJ/mol
    H(11) + CC=O(10) <=> CC[O](6)                         127.619 kJ/mol
    C[CH]O(12) <=> CC[O](6)                               129.286 kJ/mol
    CC[O](6) <=> [CH2]CO(13)                              184.085 kJ/mol
    H(11) + CC=O(10) <=> C[CH]O(12)                       146.058 kJ/mol
    H(11) + C=CO(14) <=> C[CH]O(12)                       127.895 kJ/mol
    C[CH]O(12) <=> [CH2]CO(13)                             188.28 kJ/mol
Net reactions:
    CH2O(2) + CH3(1) => CC[O](6)                    
    CH2O(2) + CH3(1) => CH2(S)(7) + C[O](9)         
    CH2O(2) + CH3(1) => H(11) + CC=O(10)            
    CH2O(2) + CH3(1) => C[CH]O(12)                  
    CH2O(2) + CH3(1) => [CH2]CO(13)                 
    CH2O(2) + CH3(1) => H(11) + C=CO(14)            
========================================================================

Updating PDepNetwork #1
Calculating densities of states for PDepNetwork #1 network...
Using 802 grains from 0.00 to 795.91 kJ/mol in steps of 0.99 kJ/mol to compute densities of states
Calculating phenomenological rate coefficients for CH2(S)(7) + [CH2]O(8) <=> [CH2]OC(5)...
Using 500 grains from 0.00 to 795.15 kJ/mol in steps of 1.59 kJ/mol to compute the k(T,P) values at 1200 K
Using 500 grains from 0.00 to 662.12 kJ/mol in steps of 1.33 kJ/mol to compute the k(T,P) values at 800 K
Using 500 grains from 0.00 to 595.60 kJ/mol in steps of 1.19 kJ/mol to compute the k(T,P) values at 600 K
Using 500 grains from 0.00 to 555.69 kJ/mol in steps of 1.11 kJ/mol to compute the k(T,P) values at 480 K
Using 500 grains from 0.00 to 529.09 kJ/mol in steps of 1.06 kJ/mol to compute the k(T,P) values at 400 K
Using 500 grains from 0.00 to 510.08 kJ/mol in steps of 1.02 kJ/mol to compute the k(T,P) values at 342.857 K
Using 500 grains from 0.00 to 495.83 kJ/mol in steps of 0.99 kJ/mol to compute the k(T,P) values at 300 K
========================================================================
PDepNetwork #1 network information
----------------------------------
Isomers:
    [CH2]OC(5)                                        1.74326e-07 kJ/mol
Reactant channels:
    CH2O(2) + CH3(1)                                      27.2258 kJ/mol
Product channels:
    CH2(S)(7) + [CH2]O(8)                                 396.057 kJ/mol
Path reactions:
    CH2O(2) + CH3(1) <=> [CH2]OC(5)                       268.146 kJ/mol
    CH2(S)(7) + [CH2]O(8) <=> [CH2]OC(5)                  396.057 kJ/mol
Net reactions:
    CH2O(2) + CH3(1) => [CH2]OC(5)                  
    CH2O(2) + CH3(1) => CH2(S)(7) + [CH2]O(8)       
========================================================================

========================================================================
PDepNetwork #1 network information
----------------------------------
Isomers:
    [CH2]OC(5)                                        1.74326e-07 kJ/mol
Reactant channels:
    CH2O(2) + CH3(1)                                      27.2258 kJ/mol
Product channels:
    CH2(S)(7) + [CH2]O(8)                                 396.057 kJ/mol
Path reactions:
    CH2O(2) + CH3(1) <=> [CH2]OC(5)                       268.146 kJ/mol
    CH2(S)(7) + [CH2]O(8) <=> [CH2]OC(5)                  396.057 kJ/mol
Net reactions:
    CH2O(2) + CH3(1) => [CH2]OC(5)                  
    CH2O(2) + CH3(1) => CH2(S)(7) + [CH2]O(8)       
========================================================================

Calculating densities of states for PDepNetwork #1 network...
Using 802 grains from 0.00 to 795.91 kJ/mol in steps of 0.99 kJ/mol to compute densities of states
Calculating phenomenological rate coefficients for CH2(S)(7) + [CH2]O(8) <=> [CH2]OC(5)...
Using 500 grains from 0.00 to 795.15 kJ/mol in steps of 1.59 kJ/mol to compute the k(T,P) values at 1200 K
Using 500 grains from 0.00 to 662.12 kJ/mol in steps of 1.33 kJ/mol to compute the k(T,P) values at 800 K
Using 500 grains from 0.00 to 595.60 kJ/mol in steps of 1.19 kJ/mol to compute the k(T,P) values at 600 K
Using 500 grains from 0.00 to 555.69 kJ/mol in steps of 1.11 kJ/mol to compute the k(T,P) values at 480 K
Using 500 grains from 0.00 to 529.09 kJ/mol in steps of 1.06 kJ/mol to compute the k(T,P) values at 400 K
Using 500 grains from 0.00 to 510.08 kJ/mol in steps of 1.02 kJ/mol to compute the k(T,P) values at 342.857 K
Using 500 grains from 0.00 to 495.83 kJ/mol in steps of 0.99 kJ/mol to compute the k(T,P) values at 300 K
Saving pressure dependence results for network PDepNetwork #1...
Updating PDepNetwork #2
Calculating densities of states for PDepNetwork #2 network...
Using 752 grains from -0.00 to 895.56 kJ/mol in steps of 1.19 kJ/mol to compute densities of states
Calculating phenomenological rate coefficients for C[CH]O(12) <=> [CH2]CO(13)...
Using 500 grains from -0.00 to 894.38 kJ/mol in steps of 1.79 kJ/mol to compute the k(T,P) values at 1200 K
Using 500 grains from -0.00 to 761.34 kJ/mol in steps of 1.53 kJ/mol to compute the k(T,P) values at 800 K
Using 500 grains from -0.00 to 694.83 kJ/mol in steps of 1.39 kJ/mol to compute the k(T,P) values at 600 K
Using 500 grains from -0.00 to 654.92 kJ/mol in steps of 1.31 kJ/mol to compute the k(T,P) values at 480 K
Using 500 grains from -0.00 to 628.31 kJ/mol in steps of 1.26 kJ/mol to compute the k(T,P) values at 400 K
Using 500 grains from -0.00 to 609.31 kJ/mol in steps of 1.22 kJ/mol to compute the k(T,P) values at 342.857 K
Using 500 grains from -0.00 to 595.06 kJ/mol in steps of 1.19 kJ/mol to compute the k(T,P) values at 300 K
========================================================================
PDepNetwork #2 network information
----------------------------------
Isomers:
    CC[O](6)                                              45.4073 kJ/mol
    C[CH]O(12)                                       -9.79304e-07 kJ/mol
Reactant channels:
    CH2O(2) + CH3(1)                                      93.0925 kJ/mol
Product channels:
    CH2(S)(7) + C[O](9)                                   495.282 kJ/mol
    H(11) + CC=O(10)                                      110.172 kJ/mol
    [CH2]CO(13)                                           31.2912 kJ/mol
    H(11) + C=CO(14)                                      121.434 kJ/mol
Path reactions:
    CH2O(2) + CH3(1) <=> CC[O](6)                         108.992 kJ/mol
    CH2(S)(7) + C[O](9) <=> CC[O](6)                      495.282 kJ/mol
    H(11) + CC=O(10) <=> CC[O](6)                         127.619 kJ/mol
    C[CH]O(12) <=> CC[O](6)                               129.286 kJ/mol
    CC[O](6) <=> [CH2]CO(13)                              184.085 kJ/mol
    H(11) + CC=O(10) <=> C[CH]O(12)                       146.058 kJ/mol
    H(11) + C=CO(14) <=> C[CH]O(12)                       127.895 kJ/mol
    C[CH]O(12) <=> [CH2]CO(13)                             188.28 kJ/mol
Net reactions:
    CH2O(2) + CH3(1) => CC[O](6)                    
    CH2O(2) + CH3(1) => CH2(S)(7) + C[O](9)         
    CH2O(2) + CH3(1) => H(11) + CC=O(10)            
    CH2O(2) + CH3(1) => C[CH]O(12)                  
    CH2O(2) + CH3(1) => [CH2]CO(13)                 
    CH2O(2) + CH3(1) => H(11) + C=CO(14)            
========================================================================

========================================================================
PDepNetwork #2 network information
----------------------------------
Isomers:
    CC[O](6)                                              45.4073 kJ/mol
    C[CH]O(12)                                       -9.79304e-07 kJ/mol
Reactant channels:
    CH2O(2) + CH3(1)                                      93.0925 kJ/mol
Product channels:
    CH2(S)(7) + C[O](9)                                   495.282 kJ/mol
    H(11) + CC=O(10)                                      110.172 kJ/mol
    [CH2]CO(13)                                           31.2912 kJ/mol
    H(11) + C=CO(14)                                      121.434 kJ/mol
Path reactions:
    CH2O(2) + CH3(1) <=> CC[O](6)                         108.992 kJ/mol
    CH2(S)(7) + C[O](9) <=> CC[O](6)                      495.282 kJ/mol
    H(11) + CC=O(10) <=> CC[O](6)                         127.619 kJ/mol
    C[CH]O(12) <=> CC[O](6)                               129.286 kJ/mol
    CC[O](6) <=> [CH2]CO(13)                              184.085 kJ/mol
    H(11) + CC=O(10) <=> C[CH]O(12)                       146.058 kJ/mol
    H(11) + C=CO(14) <=> C[CH]O(12)                       127.895 kJ/mol
    C[CH]O(12) <=> [CH2]CO(13)                             188.28 kJ/mol
Net reactions:
    CH2O(2) + CH3(1) => CC[O](6)                    
    CH2O(2) + CH3(1) => CH2(S)(7) + C[O](9)         
    CH2O(2) + CH3(1) => H(11) + CC=O(10)            
    CH2O(2) + CH3(1) => C[CH]O(12)                  
    CH2O(2) + CH3(1) => [CH2]CO(13)                 
    CH2O(2) + CH3(1) => H(11) + C=CO(14)            
========================================================================

Calculating densities of states for PDepNetwork #2 network...
Using 752 grains from -0.00 to 895.56 kJ/mol in steps of 1.19 kJ/mol to compute densities of states
Calculating phenomenological rate coefficients for C[CH]O(12) <=> [CH2]CO(13)...
Using 500 grains from -0.00 to 894.38 kJ/mol in steps of 1.79 kJ/mol to compute the k(T,P) values at 1200 K
Using 500 grains from -0.00 to 761.34 kJ/mol in steps of 1.53 kJ/mol to compute the k(T,P) values at 800 K
Using 500 grains from -0.00 to 694.83 kJ/mol in steps of 1.39 kJ/mol to compute the k(T,P) values at 600 K
Using 500 grains from -0.00 to 654.92 kJ/mol in steps of 1.31 kJ/mol to compute the k(T,P) values at 480 K
Using 500 grains from -0.00 to 628.31 kJ/mol in steps of 1.26 kJ/mol to compute the k(T,P) values at 400 K
Using 500 grains from -0.00 to 609.31 kJ/mol in steps of 1.22 kJ/mol to compute the k(T,P) values at 342.857 K
Using 500 grains from -0.00 to 595.06 kJ/mol in steps of 1.19 kJ/mol to compute the k(T,P) values at 300 K
Saving pressure dependence results for network PDepNetwork #2...

Arkane execution terminated at Tue Sep 22 08:30:14 2026
executed /home/alon/Code/RMG-Py-i244-chemkin-duplicate-electron-aware/test/../examples/arkane/explorer/methyl+formaldehyde
running /home/alon/Code/RMG-Py-i244-chemkin-duplicate-electron-aware/test/../examples/arkane/networks/CH2NH2_mse
Arkane execution initiated at Tue Sep 22 08:30:14 2026

################################################################
#                                                              #
# Automated Reaction Kinetics and Network Exploration (Arkane) #
#                                                              #
#   Version: 4.0.0                                             #
#   Authors: RMG Developers (rmg_dev@mit.edu)                  #
#   P.I.s:   William H. Green (whgreen@mit.edu)                #
#            Richard H. West (r.west@neu.edu)                  #
#   Website: https://reactionmechanismgenerator.github.io/      #
#                                                              #
################################################################

The current git HEAD for RMG-Py is:
	4be053318960481be6c6a98cad549c725f384a30
	Tue Sep 22 00:43:24 2026 +0300

The current git HEAD for RMG-database is:
	96f2afa4a172def46364379532f3987262e82b6c
	Mon Sep 21 13:23:54 2026 +0300

Loading species CH2NH2...
Loading species CH3NH...
Loading species CH2NH...
Loading species H...
Loading species Ar...
Loading transition state CH2NH_to_CH2NH2...
Loading transition state CH2NH_to_CH3NH...
Loading transition state CH3NH_to_CH2NH2...
Loading reaction CH3NH = CH2NH2...
Loading reaction CH2NH + H = CH2NH2...
Loading reaction CH2NH + H = CH3NH...
Loading network CH2NH2...
Assigned a frequency scale factor of 0.998 for LevelOfTheory(method='ccsd(t)f12',basis='ccpvqzf12')


Loading statistical mechanics parameters for CH2NH2 from CH2NH2.yml file...
Saving statistical mechanics parameters for CH2NH2...
Loading statistical mechanics parameters for CH3NH from CH3NH.yml file...
Saving statistical mechanics parameters for CH3NH...
Loading statistical mechanics parameters for CH2NH from CH2NH.yml file...
Saving statistical mechanics parameters for CH2NH...
Loading statistical mechanics parameters for H from H.yml file...

The loaded YAML file for species H seems to be from an older version of RMG/Arkane.
Some keywords will be automatically replaced before loading objects from this file.
Replacing keyword "spinMultiplicity" with "spin_multiplicity" in the Arkane YAML file.
Replacing keyword "opticalIsomers" with "optical_isomers" in the Arkane YAML file.


Saving statistical mechanics parameters for H...
Loading statistical mechanics parameters for CH2NH_to_CH2NH2 from CH2NH_to_CH2NH2.yml file...

The loaded YAML file for species CH2NH_to_CH2NH2 seems to be from an older version of RMG/Arkane.
Some keywords will be automatically replaced before loading objects from this file.
Replacing keyword "spinMultiplicity" with "spin_multiplicity" in the Arkane YAML file.
Replacing keyword "opticalIsomers" with "optical_isomers" in the Arkane YAML file.


Saving statistical mechanics parameters for CH2NH_to_CH2NH2...
Loading statistical mechanics parameters for CH2NH_to_CH3NH from CH2NH_to_CH3NH.yml file...

The loaded YAML file for species CH2NH_to_CH3NH seems to be from an older version of RMG/Arkane.
Some keywords will be automatically replaced before loading objects from this file.
Replacing keyword "spinMultiplicity" with "spin_multiplicity" in the Arkane YAML file.
Replacing keyword "opticalIsomers" with "optical_isomers" in the Arkane YAML file.


Saving statistical mechanics parameters for CH2NH_to_CH3NH...
Loading statistical mechanics parameters for CH3NH_to_CH2NH2 from CH3NH_to_CH2NH2.yml file...

The loaded YAML file for species CH3NH_to_CH2NH2 seems to be from an older version of RMG/Arkane.
Some keywords will be automatically replaced before loading objects from this file.
Replacing keyword "spinMultiplicity" with "spin_multiplicity" in the Arkane YAML file.
Replacing keyword "opticalIsomers" with "optical_isomers" in the Arkane YAML file.


Saving statistical mechanics parameters for CH3NH_to_CH2NH2...
========================================================================
CH2NH2 network information
--------------------------
Isomers:
    CH2NH2                                                150.659 kJ/mol
    CH3NH                                                 178.745 kJ/mol
Reactant channels:
    CH2NH + H                                             301.784 kJ/mol
Product channels:
Path reactions:
    CH3NH <=> CH2NH2                                      331.765 kJ/mol
    CH2NH + H <=> CH2NH2                                  319.446 kJ/mol
    CH2NH + H <=> CH3NH                                   319.416 kJ/mol
Net reactions:
========================================================================

Calculating densities of states for CH2NH2 network...
Using 729 grains from 150.66 to 1166.34 kJ/mol in steps of 1.40 kJ/mol to compute densities of states
Calculating phenomenological rate coefficients for CH2NH + H <=> CH3NH...
Using 250 grains from 150.66 to 498.19 kJ/mol in steps of 1.40 kJ/mol to compute the k(T,P) values at 500.395 K
Using 250 grains from 150.66 to 499.24 kJ/mol in steps of 1.40 kJ/mol to compute the k(T,P) values at 503.568 K
Using 250 grains from 150.66 to 501.38 kJ/mol in steps of 1.41 kJ/mol to compute the k(T,P) values at 509.984 K
Using 250 grains from 150.66 to 504.64 kJ/mol in steps of 1.42 kJ/mol to compute the k(T,P) values at 519.788 K
Using 250 grains from 150.66 to 509.10 kJ/mol in steps of 1.44 kJ/mol to compute the k(T,P) values at 533.202 K
Using 250 grains from 150.66 to 514.86 kJ/mol in steps of 1.46 kJ/mol to compute the k(T,P) values at 550.536 K
Using 250 grains from 150.66 to 522.07 kJ/mol in steps of 1.49 kJ/mol to compute the k(T,P) values at 572.201 K
Using 250 grains from 150.66 to 530.89 kJ/mol in steps of 1.53 kJ/mol to compute the k(T,P) values at 598.721 K
Using 250 grains from 150.66 to 541.54 kJ/mol in steps of 1.57 kJ/mol to compute the k(T,P) values at 630.754 K
Using 250 grains from 150.66 to 554.30 kJ/mol in steps of 1.62 kJ/mol to compute the k(T,P) values at 669.12 K
Using 250 grains from 150.66 to 569.50 kJ/mol in steps of 1.68 kJ/mol to compute the k(T,P) values at 714.821 K
Using 250 grains from 150.66 to 587.54 kJ/mol in steps of 1.75 kJ/mol to compute the k(T,P) values at 769.073 K
Using 250 grains from 150.66 to 608.91 kJ/mol in steps of 1.84 kJ/mol to compute the k(T,P) values at 833.333 K
Using 250 grains from 150.66 to 634.18 kJ/mol in steps of 1.94 kJ/mol to compute the k(T,P) values at 909.311 K
Using 250 grains from 150.66 to 664.00 kJ/mol in steps of 2.06 kJ/mol to compute the k(T,P) values at 998.953 K
Using 264 grains from 150.66 to 700.86 kJ/mol in steps of 2.09 kJ/mol to compute the k(T,P) values at 1104.36 K
Using 283 grains from 150.66 to 740.60 kJ/mol in steps of 2.09 kJ/mol to compute the k(T,P) values at 1227.6 K
Using 306 grains from 150.66 to 788.72 kJ/mol in steps of 2.09 kJ/mol to compute the k(T,P) values at 1370.29 K
Using 332 grains from 150.66 to 843.11 kJ/mol in steps of 2.09 kJ/mol to compute the k(T,P) values at 1532.89 K
Using 360 grains from 150.66 to 901.69 kJ/mol in steps of 2.09 kJ/mol to compute the k(T,P) values at 1713.53 K
Using 391 grains from 150.66 to 966.54 kJ/mol in steps of 2.09 kJ/mol to compute the k(T,P) values at 1906.44 K
Using 422 grains from 150.66 to 1031.39 kJ/mol in steps of 2.09 kJ/mol to compute the k(T,P) values at 2100.23 K
Using 450 grains from 150.66 to 1089.97 kJ/mol in steps of 2.09 kJ/mol to compute the k(T,P) values at 2277.1 K
Using 472 grains from 150.66 to 1135.99 kJ/mol in steps of 2.09 kJ/mol to compute the k(T,P) values at 2414.47 K
Using 484 grains from 150.66 to 1161.10 kJ/mol in steps of 2.09 kJ/mol to compute the k(T,P) values at 2490.17 K
Saving pressure dependence results for network CH2NH2...

Arkane execution terminated at Tue Sep 22 08:34:40 2026
Warning: Reaction CH3NH = CH2NH2 did not contain any kinetic data and was omitted from the kinetics library.
Warning: Reaction CH2NH + H = CH2NH2 did not contain any kinetic data and was omitted from the kinetics library.
Warning: Reaction CH2NH + H = CH3NH did not contain any kinetic data and was omitted from the kinetics library.
executed /home/alon/Code/RMG-Py-i244-chemkin-duplicate-electron-aware/test/../examples/arkane/networks/CH2NH2_mse
running /home/alon/Code/RMG-Py-i244-chemkin-duplicate-electron-aware/test/../examples/arkane/networks/acetyl+O2_cse
Arkane execution initiated at Tue Sep 22 08:34:40 2026

################################################################
#                                                              #
# Automated Reaction Kinetics and Network Exploration (Arkane) #
#                                                              #
#   Version: 4.0.0                                             #
#   Authors: RMG Developers (rmg_dev@mit.edu)                  #
#   P.I.s:   William H. Green (whgreen@mit.edu)                #
#            Richard H. West (r.west@neu.edu)                  #
#   Website: https://reactionmechanismgenerator.github.io/      #
#                                                              #
################################################################

The current git HEAD for RMG-Py is:
	4be053318960481be6c6a98cad549c725f384a30
	Tue Sep 22 00:43:24 2026 +0300

The current git HEAD for RMG-database is:
	96f2afa4a172def46364379532f3987262e82b6c
	Mon Sep 21 13:23:54 2026 +0300

Loading species acetylperoxy...
Loading species hydroperoxylvinoxy...
Loading species acetyl...
Loading species oxygen...
Loading species ketene...
Loading species lactone...
Loading species hydroxyl...
Loading species hydroperoxyl...
Loading species nitrogen...
Loading transition state entrance1...
Loading transition state isom1...
Loading transition state exit1...
Loading transition state exit2...
Loading transition state exit3...
Loading reaction entrance1...
Loading reaction isom1...
Loading reaction exit1...
Loading reaction exit2...
Loading reaction exit3...
Loading network acetyl + O2...


========================================================================
acetyl + O2 network information
-------------------------------
Isomers:
    acetylperoxy                                         -144.766 kJ/mol
    hydroperoxylvinoxy                                   -135.562 kJ/mol
Reactant channels:
    oxygen + acetyl                                             0 kJ/mol
    hydroperoxyl + ketene                                -27.6144 kJ/mol
    hydroxyl + lactone                                   -128.867 kJ/mol
Product channels:
Path reactions:
    oxygen + acetyl <=> acetylperoxy                            0 kJ/mol
    acetylperoxy <=> hydroperoxylvinoxy                  -24.2672 kJ/mol
    acetylperoxy <=> hydroperoxyl + ketene                 2.5104 kJ/mol
    hydroperoxylvinoxy <=> hydroperoxyl + ketene         -19.2464 kJ/mol
    hydroperoxylvinoxy <=> hydroxyl + lactone            -30.1248 kJ/mol
Net reactions:
========================================================================

Calculating densities of states for acetyl + O2 network...
Using 820 grains from -144.77 to 667.82 kJ/mol in steps of 0.99 kJ/mol to compute densities of states
Calculating phenomenological rate coefficients for hydroperoxylvinoxy <=> hydroxyl + lactone...
Using 250 grains from -144.77 to 103.11 kJ/mol in steps of 1.00 kJ/mol to compute the k(T,P) values at 302.47 K
Error: Negative rate coefficient generated; rejecting result.
[[ 1.24446071e-05  5.24871423e-05  4.86316899e+05  1.37488665e+01
   1.73400716e-08]
 [ 5.39397168e-07 -5.18448042e-05  1.36253791e+04  7.62171192e+01
  -2.13817869e-08]
 [ 4.67295963e-11  1.27398851e-10 -1.01215442e+06  4.64624229e-01
   7.59603073e-16]
 [ 4.83386396e-11  2.60750001e-08  1.70003057e+04 -3.01102125e+02
   2.03088298e-12]
 [ 1.08309088e-03 -1.29957778e-01  4.93689950e+05  3.60818903e+04
   2.58592368e+01]]
Error: Negative rate coefficient generated; rejecting result.
[[-4.97270371e-07  4.64983079e-05  1.23827541e+06  7.00198169e+00
   4.08209460e-14]
 [ 4.77851422e-07 -6.61752015e-05  2.56832741e+04  1.68466311e+02
   3.19391350e-12]
 [ 1.18984368e-10  2.40141544e-10 -1.50782451e+06  2.49899320e-01
   3.60822675e-16]
 [ 2.46177577e-11  5.76348086e-08  9.14365774e+03 -3.06622065e+02
  -3.48626423e-15]
 [ 2.54974694e-09  1.94124983e-05  2.34549876e+05 -6.19365188e+01
   7.35263324e-02]]
Error: Negative rate coefficient generated; rejecting result.
[[-1.36069520e-04  5.48531065e-05  2.64168234e+06  3.06518636e-01
   7.64326076e-17]
 [ 5.63711587e-07 -1.47772289e-04 -5.91670866e+02  3.12272649e+02
   3.84309892e-12]
 [ 2.53836019e-10 -5.53219214e-12 -2.64248023e+06  5.07643145e-04
   2.62366949e-20]
 [ 1.07760978e-12  1.06833077e-07  1.85743422e+01 -3.08870669e+02
   2.82453869e-16]
 [ 4.77411388e-12  2.33582253e-05  1.70549574e+01  5.01803879e+00
   7.58236824e-02]]
Using 250 grains from -144.77 to 109.98 kJ/mol in steps of 1.02 kJ/mol to compute the k(T,P) values at 323.145 K
Error: Negative rate coefficient generated; rejecting result.
[[-1.93636913e-05  2.67546889e-04  4.12558949e+05  5.26182669e+00
   2.06653796e-11]
 [ 3.40897401e-06 -4.69869263e-04  1.10575910e+04  7.49728911e+01
   7.56309422e-12]
 [ 1.60849007e-09  3.38352271e-09 -9.12954333e+05  9.29867398e-01
   1.93790222e-14]
 [ 3.78762748e-10  4.23556337e-07  1.71679871e+04 -3.62290917e+02
  -1.63405406e-10]
 [ 1.94616122e-06  5.58999547e-05  4.68097854e+05 -2.13782019e+05
  -3.72020771e+01]]
Error: Negative rate coefficient generated; rejecting result.
[[-5.82031174e-06  2.91552093e-04  1.10966355e+06  1.33886314e+01
   3.93092910e-10]
 [ 3.71483858e-06 -5.82579094e-04  2.27753734e+04  1.71587501e+02
  -7.78346343e-10]
 [ 4.32637030e-09  6.96905794e-09 -1.38187604e+06  5.38217363e-01
   9.91086891e-15]
 [ 9.63755914e-10  9.69376696e-07  9.93701784e+03 -3.74226167e+02
  -2.09350989e-12]
 [ 3.70195183e-05 -5.75285429e-03  2.39545779e+05 -2.74460662e+03
  -1.58721766e+00]]
Error: Negative rate coefficient generated; rejecting result.
[[-9.22164201e-07  2.89335828e-04  2.20470323e+06  2.37009740e+00
   9.55951873e-14]
 [ 3.68659984e-06 -6.45941824e-04  2.21016833e+04  3.33010155e+02
   4.78394401e-11]
 [ 8.59572476e-09  6.76291459e-09 -2.25556443e+06  1.00035601e-01
   1.11769509e-15]
 [ 1.70607022e-10  1.88132750e-06  1.84694079e+03 -3.77544784e+02
  -3.51543908e-14]
 [ 9.00267161e-09  3.53588136e-04  2.69976784e+04 -4.59922068e+01
   1.85978059e-01]]
Using 250 grains from -144.77 to 125.52 kJ/mol in steps of 1.09 kJ/mol to compute the k(T,P) values at 369.86 K
Error: Negative rate coefficient generated; rejecting result.
[[-2.28052641e-04  1.10924337e-02  2.84176572e+05 -6.24494310e+01
  -1.66842351e-07]
 [ 2.12447011e-04 -3.54070795e-02  7.69158510e+03  7.05031444e+01
   1.35658599e-09]
 [ 1.01699284e-06  1.43721480e-06 -7.28569799e+05  3.31850204e+00
   7.09058652e-12]
 [-1.17823882e-06  6.94527656e-05  1.74951360e+04 -5.30588782e+02
   2.46329767e-08]
 [-3.31412432e-02  1.40697390e-02  3.93563709e+05  2.59343011e+05
   1.60006797e+01]]
Error: Negative rate coefficient generated; rejecting result.
[[-2.70644808e-04  1.22953835e-02  8.54176122e+05  1.44458864e+01
  -1.14474727e-07]
 [ 2.35486418e-04 -5.13689992e-02  1.78187408e+04  2.00465728e+02
   3.22168709e-09]
 [ 3.05687053e-06  3.32952926e-06 -1.12606859e+06  2.20233862e+00
   4.22408120e-12]
 [ 2.72551788e-07  1.97479125e-04  1.16107249e+04 -5.61937677e+02
  -9.79569162e-11]
 [-2.27390393e-02  3.34135072e-02  2.34458031e+05 -1.03131838e+03
   1.16560296e+01]]
Using 250 grains from -144.77 to 154.16 kJ/mol in steps of 1.20 kJ/mol to compute the k(T,P) values at 455.987 K
Using 250 grains from -144.77 to 205.27 kJ/mol in steps of 1.41 kJ/mol to compute the k(T,P) values at 609.649 K
Error: Negative rate coefficient generated; rejecting result.
[[-1.11085085e+02  3.64732828e+02  4.25789733e+04  1.96653485e+01
   5.44893514e-05]
 [ 2.51034596e+01 -3.70418387e+03  1.10657365e+03  2.39676747e+01
   1.74426496e-04]
 [ 1.35193700e+01  5.10525729e+00 -2.92230298e+05  1.13943865e+02
   5.27886876e-05]
 [ 1.21115529e+00  2.14297663e+01  2.20995041e+04 -2.67314916e+03
  -5.37615312e-03]
 [ 7.12505198e+01  3.31291583e+03  2.17378647e+05 -1.14145043e+05
   2.81677903e+02]]
Using 250 grains from -144.77 to 296.93 kJ/mol in steps of 1.77 kJ/mol to compute the k(T,P) values at 885.262 K
Using 250 grains from -144.77 to 452.70 kJ/mol in steps of 2.40 kJ/mol to compute the k(T,P) values at 1353.64 K
Error: Could only identify 4 distinct eigenvalues, when 5 are required.
Last IERE = -5.1194e+06    First CSE = -2.07253e+06    Ratio = 2.47013
Error: Could only identify 4 distinct eigenvalues, when 5 are required.
Last IERE = -2.34069e+07    First CSE = -8.90581e+06    Ratio = 2.62827
Using 250 grains from -144.77 to 633.33 kJ/mol in steps of 3.12 kJ/mol to compute the k(T,P) values at 1896.74 K
Error: Could only identify 4 distinct eigenvalues, when 5 are required.
Last IERE = -9.76893e+06    First CSE = -6.26282e+06    Ratio = 1.55983
Error: Could only identify 4 distinct eigenvalues, when 5 are required.
Last IERE = -4.51442e+07    First CSE = -2.82883e+07    Ratio = 1.59586
Error: Could only identify 4 distinct eigenvalues, when 5 are required.
Last IERE = -5.24787e+08    First CSE = -2.91145e+08    Ratio = 1.8025
Error: Could only identify 4 distinct eigenvalues, when 5 are required.
Last IERE = -5.52044e+09    First CSE = -2.46764e+09    Ratio = 2.23713
Error: Could only identify 4 distinct eigenvalues, when 5 are required.
Last IERE = -2.19947e+10    First CSE = -8.01739e+09    Ratio = 2.74337
Saving pressure dependence results for network acetyl + O2...
Warning: Species label is longer than 16 characters and will break CHEMKIN 2.0
Warning: Species label is longer than 16 characters and will break CHEMKIN 2.0
Warning: Species label is longer than 16 characters and will break CHEMKIN 2.0
Warning: Species label is longer than 16 characters and will break CHEMKIN 2.0
Warning: Species label is longer than 16 characters and will break CHEMKIN 2.0
Warning: Species label is longer than 16 characters and will break CHEMKIN 2.0
Warning: Species label is longer than 16 characters and will break CHEMKIN 2.0
Warning: Species label is longer than 16 characters and will break CHEMKIN 2.0

Arkane execution terminated at Tue Sep 22 08:34:58 2026
Warning: Reaction isom1 did not contain any kinetic data and was omitted from the kinetics library.
Warning: Reaction exit1 did not contain any kinetic data and was omitted from the kinetics library.
Warning: Reaction exit2 did not contain any kinetic data and was omitted from the kinetics library.
Warning: Reaction exit3 did not contain any kinetic data and was omitted from the kinetics library.
executed /home/alon/Code/RMG-Py-i244-chemkin-duplicate-electron-aware/test/../examples/arkane/networks/acetyl+O2_cse
running /home/alon/Code/RMG-Py-i244-chemkin-duplicate-electron-aware/test/../examples/arkane/networks/acetyl+O2_rs
Arkane execution initiated at Tue Sep 22 08:34:58 2026

################################################################
#                                                              #
# Automated Reaction Kinetics and Network Exploration (Arkane) #
#                                                              #
#   Version: 4.0.0                                             #
#   Authors: RMG Developers (rmg_dev@mit.edu)                  #
#   P.I.s:   William H. Green (whgreen@mit.edu)                #
#            Richard H. West (r.west@neu.edu)                  #
#   Website: https://reactionmechanismgenerator.github.io/      #
#                                                              #
################################################################

The current git HEAD for RMG-Py is:
	4be053318960481be6c6a98cad549c725f384a30
	Tue Sep 22 00:43:24 2026 +0300

The current git HEAD for RMG-database is:
	96f2afa4a172def46364379532f3987262e82b6c
	Mon Sep 21 13:23:54 2026 +0300

Loading species acetylperoxy...
Loading species hydroperoxylvinoxy...
Loading species acetyl...
Loading species oxygen...
Loading species ketene...
Loading species lactone...
Loading species hydroxyl...
Loading species hydroperoxyl...
Loading species nitrogen...
Loading transition state entrance1...
Loading transition state isom1...
Loading transition state exit1...
Loading transition state exit2...
Loading transition state exit3...
Loading reaction entrance1...
Loading reaction isom1...
Loading reaction exit1...
Loading reaction exit2...
Loading reaction exit3...
Loading network acetyl + O2...


========================================================================
acetyl + O2 network information
-------------------------------
Isomers:
    acetylperoxy                                         -144.766 kJ/mol
    hydroperoxylvinoxy                                   -135.562 kJ/mol
Reactant channels:
    oxygen + acetyl                                             0 kJ/mol
    hydroperoxyl + ketene                                -27.6144 kJ/mol
    hydroxyl + lactone                                   -128.867 kJ/mol
Product channels:
Path reactions:
    oxygen + acetyl <=> acetylperoxy                            0 kJ/mol
    acetylperoxy <=> hydroperoxylvinoxy                  -24.2672 kJ/mol
    acetylperoxy <=> hydroperoxyl + ketene                 2.5104 kJ/mol
    hydroperoxylvinoxy <=> hydroperoxyl + ketene         -19.2464 kJ/mol
    hydroperoxylvinoxy <=> hydroxyl + lactone            -30.1248 kJ/mol
Net reactions:
========================================================================

Calculating densities of states for acetyl + O2 network...
Using 820 grains from -144.77 to 667.82 kJ/mol in steps of 0.99 kJ/mol to compute densities of states
Calculating phenomenological rate coefficients for hydroperoxylvinoxy <=> hydroxyl + lactone...
Using 250 grains from -144.77 to 103.11 kJ/mol in steps of 1.00 kJ/mol to compute the k(T,P) values at 302.47 K
Using 250 grains from -144.77 to 109.98 kJ/mol in steps of 1.02 kJ/mol to compute the k(T,P) values at 323.145 K
Using 250 grains from -144.77 to 125.52 kJ/mol in steps of 1.09 kJ/mol to compute the k(T,P) values at 369.86 K
Using 250 grains from -144.77 to 154.16 kJ/mol in steps of 1.20 kJ/mol to compute the k(T,P) values at 455.987 K
Using 250 grains from -144.77 to 205.27 kJ/mol in steps of 1.41 kJ/mol to compute the k(T,P) values at 609.649 K
Using 250 grains from -144.77 to 296.93 kJ/mol in steps of 1.77 kJ/mol to compute the k(T,P) values at 885.262 K
Using 250 grains from -144.77 to 452.70 kJ/mol in steps of 2.40 kJ/mol to compute the k(T,P) values at 1353.64 K
Using 250 grains from -144.77 to 633.33 kJ/mol in steps of 3.12 kJ/mol to compute the k(T,P) values at 1896.74 K
Saving pressure dependence results for network acetyl + O2...
Warning: Species label is longer than 16 characters and will break CHEMKIN 2.0
Warning: Species label is longer than 16 characters and will break CHEMKIN 2.0
Warning: Species label is longer than 16 characters and will break CHEMKIN 2.0
Warning: Species label is longer than 16 characters and will break CHEMKIN 2.0
Warning: Species label is longer than 16 characters and will break CHEMKIN 2.0
Warning: Species label is longer than 16 characters and will break CHEMKIN 2.0
Warning: Species label is longer than 16 characters and will break CHEMKIN 2.0
Warning: Species label is longer than 16 characters and will break CHEMKIN 2.0

Arkane execution terminated at Tue Sep 22 08:35:11 2026
Warning: Reaction isom1 did not contain any kinetic data and was omitted from the kinetics library.
Warning: Reaction exit1 did not contain any kinetic data and was omitted from the kinetics library.
Warning: Reaction exit2 did not contain any kinetic data and was omitted from the kinetics library.
Warning: Reaction exit3 did not contain any kinetic data and was omitted from the kinetics library.
executed /home/alon/Code/RMG-Py-i244-chemkin-duplicate-electron-aware/test/../examples/arkane/networks/acetyl+O2_rs
running /home/alon/Code/RMG-Py-i244-chemkin-duplicate-electron-aware/test/../examples/arkane/networks/acetyl+O2_sls
Arkane execution initiated at Tue Sep 22 08:35:11 2026

################################################################
#                                                              #
# Automated Reaction Kinetics and Network Exploration (Arkane) #
#                                                              #
#   Version: 4.0.0                                             #
#   Authors: RMG Developers (rmg_dev@mit.edu)                  #
#   P.I.s:   William H. Green (whgreen@mit.edu)                #
#            Richard H. West (r.west@neu.edu)                  #
#   Website: https://reactionmechanismgenerator.github.io/      #
#                                                              #
################################################################

The current git HEAD for RMG-Py is:
	4be053318960481be6c6a98cad549c725f384a30
	Tue Sep 22 00:43:24 2026 +0300

The current git HEAD for RMG-database is:
	96f2afa4a172def46364379532f3987262e82b6c
	Mon Sep 21 13:23:54 2026 +0300

Loading species acetylperoxy...
Loading species hydroperoxylvinoxy...
Loading species acetyl...
Loading species oxygen...
Loading species ketene...
Loading species lactone...
Loading species hydroxyl...
Loading species hydroperoxyl...
Loading species nitrogen...
Loading transition state entrance1...
Loading transition state isom1...
Loading transition state exit1...
Loading transition state exit2...
Loading transition state exit3...
Loading reaction entrance1...
Loading reaction isom1...
Loading reaction exit1...
Loading reaction exit2...
Loading reaction exit3...
Loading network acetyl + O2...


========================================================================
acetyl + O2 network information
-------------------------------
Isomers:
    acetylperoxy                                         -144.766 kJ/mol
    hydroperoxylvinoxy                                   -135.562 kJ/mol
Reactant channels:
    oxygen + acetyl                                             0 kJ/mol
    hydroperoxyl + ketene                                -27.6144 kJ/mol
    hydroxyl + lactone                                   -128.867 kJ/mol
Product channels:
Path reactions:
    oxygen + acetyl <=> acetylperoxy                            0 kJ/mol
    acetylperoxy <=> hydroperoxylvinoxy                  -24.2672 kJ/mol
    acetylperoxy <=> hydroperoxyl + ketene                 2.5104 kJ/mol
    hydroperoxylvinoxy <=> hydroperoxyl + ketene         -19.2464 kJ/mol
    hydroperoxylvinoxy <=> hydroxyl + lactone            -30.1248 kJ/mol
Net reactions:
========================================================================

Calculating densities of states for acetyl + O2 network...
Using 820 grains from -144.77 to 667.82 kJ/mol in steps of 0.99 kJ/mol to compute densities of states
Calculating phenomenological rate coefficients for hydroperoxylvinoxy <=> hydroxyl + lactone...
Using 250 grains from -144.77 to 103.11 kJ/mol in steps of 1.00 kJ/mol to compute the k(T,P) values at 302.47 K
Using 250 grains from -144.77 to 109.98 kJ/mol in steps of 1.02 kJ/mol to compute the k(T,P) values at 323.145 K
Using 250 grains from -144.77 to 125.52 kJ/mol in steps of 1.09 kJ/mol to compute the k(T,P) values at 369.86 K
Using 250 grains from -144.77 to 154.16 kJ/mol in steps of 1.20 kJ/mol to compute the k(T,P) values at 455.987 K
Using 250 grains from -144.77 to 205.27 kJ/mol in steps of 1.41 kJ/mol to compute the k(T,P) values at 609.649 K
Using 250 grains from -144.77 to 296.93 kJ/mol in steps of 1.77 kJ/mol to compute the k(T,P) values at 885.262 K
Using 250 grains from -144.77 to 452.70 kJ/mol in steps of 2.40 kJ/mol to compute the k(T,P) values at 1353.64 K
Using 250 grains from -144.77 to 633.33 kJ/mol in steps of 3.12 kJ/mol to compute the k(T,P) values at 1896.74 K
Saving pressure dependence results for network acetyl + O2...
Warning: Species label is longer than 16 characters and will break CHEMKIN 2.0
Warning: Species label is longer than 16 characters and will break CHEMKIN 2.0
Warning: Species label is longer than 16 characters and will break CHEMKIN 2.0
Warning: Species label is longer than 16 characters and will break CHEMKIN 2.0
Warning: Species label is longer than 16 characters and will break CHEMKIN 2.0
Warning: Species label is longer than 16 characters and will break CHEMKIN 2.0
Warning: Species label is longer than 16 characters and will break CHEMKIN 2.0
Warning: Species label is longer than 16 characters and will break CHEMKIN 2.0

Arkane execution terminated at Tue Sep 22 08:35:44 2026
Warning: Reaction isom1 did not contain any kinetic data and was omitted from the kinetics library.
Warning: Reaction exit1 did not contain any kinetic data and was omitted from the kinetics library.
Warning: Reaction exit2 did not contain any kinetic data and was omitted from the kinetics library.
Warning: Reaction exit3 did not contain any kinetic data and was omitted from the kinetics library.
executed /home/alon/Code/RMG-Py-i244-chemkin-duplicate-electron-aware/test/../examples/arkane/networks/acetyl+O2_sls
running /home/alon/Code/RMG-Py-i244-chemkin-duplicate-electron-aware/test/../examples/arkane/networks/acetyl+O2_slse
Arkane execution initiated at Tue Sep 22 08:35:44 2026

################################################################
#                                                              #
# Automated Reaction Kinetics and Network Exploration (Arkane) #
#                                                              #
#   Version: 4.0.0                                             #
#   Authors: RMG Developers (rmg_dev@mit.edu)                  #
#   P.I.s:   William H. Green (whgreen@mit.edu)                #
#            Richard H. West (r.west@neu.edu)                  #
#   Website: https://reactionmechanismgenerator.github.io/      #
#                                                              #
################################################################

The current git HEAD for RMG-Py is:
	4be053318960481be6c6a98cad549c725f384a30
	Tue Sep 22 00:43:24 2026 +0300

The current git HEAD for RMG-database is:
	96f2afa4a172def46364379532f3987262e82b6c
	Mon Sep 21 13:23:54 2026 +0300

Loading species acetylperoxy...
Loading species hydroperoxylvinoxy...
Loading species acetyl...
Loading species oxygen...
Loading species ketene...
Loading species lactone...
Loading species hydroxyl...
Loading species hydroperoxyl...
Loading species nitrogen...
Loading transition state entrance1...
Loading transition state isom1...
Loading transition state exit1...
Loading transition state exit2...
Loading transition state exit3...
Loading reaction entrance1...
Loading reaction isom1...
Loading reaction exit1...
Loading reaction exit2...
Loading reaction exit3...
Loading network acetyl + O2...


========================================================================
acetyl + O2 network information
-------------------------------
Isomers:
    acetylperoxy                                         -144.766 kJ/mol
    hydroperoxylvinoxy                                   -135.562 kJ/mol
Reactant channels:
    oxygen + acetyl                                             0 kJ/mol
    hydroperoxyl + ketene                                -27.6144 kJ/mol
    hydroxyl + lactone                                   -128.867 kJ/mol
Product channels:
Path reactions:
    oxygen + acetyl <=> acetylperoxy                            0 kJ/mol
    acetylperoxy <=> hydroperoxylvinoxy                  -24.2672 kJ/mol
    acetylperoxy <=> hydroperoxyl + ketene                 2.5104 kJ/mol
    hydroperoxylvinoxy <=> hydroperoxyl + ketene         -19.2464 kJ/mol
    hydroperoxylvinoxy <=> hydroxyl + lactone            -30.1248 kJ/mol
Net reactions:
========================================================================

Calculating densities of states for acetyl + O2 network...
Using 820 grains from -144.77 to 667.82 kJ/mol in steps of 0.99 kJ/mol to compute densities of states
Calculating phenomenological rate coefficients for hydroperoxylvinoxy <=> hydroxyl + lactone...
Using 250 grains from -144.77 to 103.11 kJ/mol in steps of 1.00 kJ/mol to compute the k(T,P) values at 302.47 K
Using 250 grains from -144.77 to 109.98 kJ/mol in steps of 1.02 kJ/mol to compute the k(T,P) values at 323.145 K
Using 250 grains from -144.77 to 125.52 kJ/mol in steps of 1.09 kJ/mol to compute the k(T,P) values at 369.86 K
Using 250 grains from -144.77 to 154.16 kJ/mol in steps of 1.20 kJ/mol to compute the k(T,P) values at 455.987 K
Using 250 grains from -144.77 to 205.27 kJ/mol in steps of 1.41 kJ/mol to compute the k(T,P) values at 609.649 K
Using 250 grains from -144.77 to 296.93 kJ/mol in steps of 1.77 kJ/mol to compute the k(T,P) values at 885.262 K
Using 250 grains from -144.77 to 452.70 kJ/mol in steps of 2.40 kJ/mol to compute the k(T,P) values at 1353.64 K
Using 250 grains from -144.77 to 633.33 kJ/mol in steps of 3.12 kJ/mol to compute the k(T,P) values at 1896.74 K
Saving pressure dependence results for network acetyl + O2...
Warning: Species label is longer than 16 characters and will break CHEMKIN 2.0
Warning: Species label is longer than 16 characters and will break CHEMKIN 2.0
Warning: Species label is longer than 16 characters and will break CHEMKIN 2.0
Warning: Species label is longer than 16 characters and will break CHEMKIN 2.0
Warning: Species label is longer than 16 characters and will break CHEMKIN 2.0
Warning: Species label is longer than 16 characters and will break CHEMKIN 2.0
Warning: Species label is longer than 16 characters and will break CHEMKIN 2.0
Warning: Species label is longer than 16 characters and will break CHEMKIN 2.0

Arkane execution terminated at Tue Sep 22 08:36:24 2026
Warning: Reaction isom1 did not contain any kinetic data and was omitted from the kinetics library.
Warning: Reaction exit1 did not contain any kinetic data and was omitted from the kinetics library.
Warning: Reaction exit2 did not contain any kinetic data and was omitted from the kinetics library.
Warning: Reaction exit3 did not contain any kinetic data and was omitted from the kinetics library.
executed /home/alon/Code/RMG-Py-i244-chemkin-duplicate-electron-aware/test/../examples/arkane/networks/acetyl+O2_slse
running /home/alon/Code/RMG-Py-i244-chemkin-duplicate-electron-aware/test/../examples/arkane/networks/n-butanol_msc
Arkane execution initiated at Tue Sep 22 08:36:24 2026

################################################################
#                                                              #
# Automated Reaction Kinetics and Network Exploration (Arkane) #
#                                                              #
#   Version: 4.0.0                                             #
#   Authors: RMG Developers (rmg_dev@mit.edu)                  #
#   P.I.s:   William H. Green (whgreen@mit.edu)                #
#            Richard H. West (r.west@neu.edu)                  #
#   Website: https://reactionmechanismgenerator.github.io/      #
#                                                              #
################################################################

The current git HEAD for RMG-Py is:
	4be053318960481be6c6a98cad549c725f384a30
	Tue Sep 22 00:43:24 2026 +0300

The current git HEAD for RMG-database is:
	96f2afa4a172def46364379532f3987262e82b6c
	Mon Sep 21 13:23:54 2026 +0300

Loading species n-C4H10...
Loading species C4H8...
Loading species H2O...
Loading species bath_gas...
Loading transition state TS...
Loading reaction rxn1...
Loading network n-butanol dehydration...


Saving thermo for H2O...
Saving thermo for C4H8...
Saving thermo for n-C4H10...
========================================================================
n-butanol dehydration network information
-----------------------------------------
Isomers:
    n-C4H10                                              -317.807 kJ/mol
Reactant channels:
Product channels:
    H2O + C4H8                                           -287.481 kJ/mol
Path reactions:
    n-C4H10 <=> H2O + C4H8                               -42.4373 kJ/mol
Net reactions:
========================================================================

Calculating densities of states for n-butanol dehydration network...
Using 501 grains from -317.81 to 624.76 kJ/mol in steps of 1.89 kJ/mol to compute densities of states
Calculating phenomenological rate coefficients for n-C4H10 <=> H2O + C4H8...
Using 200 grains from -317.81 to 58.16 kJ/mol in steps of 1.89 kJ/mol to compute the k(T,P) values at 302.47 K
Using 200 grains from -317.81 to 65.03 kJ/mol in steps of 1.92 kJ/mol to compute the k(T,P) values at 323.145 K
Using 200 grains from -317.81 to 80.57 kJ/mol in steps of 2.00 kJ/mol to compute the k(T,P) values at 369.86 K
Using 206 grains from -317.81 to 111.05 kJ/mol in steps of 2.09 kJ/mol to compute the k(T,P) values at 455.987 K
Using 230 grains from -317.81 to 161.26 kJ/mol in steps of 2.09 kJ/mol to compute the k(T,P) values at 609.649 K
Using 274 grains from -317.81 to 253.31 kJ/mol in steps of 2.09 kJ/mol to compute the k(T,P) values at 885.262 K
Using 348 grains from -317.81 to 408.12 kJ/mol in steps of 2.09 kJ/mol to compute the k(T,P) values at 1353.64 K
Using 435 grains from -317.81 to 590.12 kJ/mol in steps of 2.09 kJ/mol to compute the k(T,P) values at 1896.74 K
Saving pressure dependence results for network n-butanol dehydration...

Arkane execution terminated at Tue Sep 22 08:36:26 2026
Warning: Reaction rxn1 did not contain any kinetic data and was omitted from the kinetics library.
executed /home/alon/Code/RMG-Py-i244-chemkin-duplicate-electron-aware/test/../examples/arkane/networks/n-butanol_msc
running /home/alon/Code/RMG-Py-i244-chemkin-duplicate-electron-aware/test/../examples/arkane/bac/wb97m-v_def2-tzvpd
Arkane execution initiated at Tue Sep 22 08:36:26 2026

################################################################
#                                                              #
# Automated Reaction Kinetics and Network Exploration (Arkane) #
#                                                              #
#   Version: 4.0.0                                             #
#   Authors: RMG Developers (rmg_dev@mit.edu)                  #
#   P.I.s:   William H. Green (whgreen@mit.edu)                #
#            Richard H. West (r.west@neu.edu)                  #
#   Website: https://reactionmechanismgenerator.github.io/      #
#                                                              #
################################################################

The current git HEAD for RMG-Py is:
	4be053318960481be6c6a98cad549c725f384a30
	Tue Sep 22 00:43:24 2026 +0300

The current git HEAD for RMG-database is:
	96f2afa4a172def46364379532f3987262e82b6c
	Mon Sep 21 13:23:54 2026 +0300



Running BAC job 1
Loading reference database from ['/home/alon/Code/RMG-database-plasma/input/reference_sets/main']
Loading in reference set `main` from /home/alon/Code/RMG-database-plasma/input/reference_sets/main ...
Error: Unable to generate identifier for this molecule:
1 O u0 p3 c-1 {2,S}
2 H u0 p0 c0 {1,S}

Error: Unable to generate identifier for this molecule:
1 O u0 p3 c-1 {3,S}
2 O u0 p2 c0 {3,D}
3 C u0 p0 c0 {1,S} {2,D} {4,S}
4 H u0 p0 c0 {3,S}

Error: Unable to generate identifier for this molecule:
1 N u0 p0 c+1 {2,T} {3,S}
2 N u0 p1 c0 {1,T}
3 H u0 p0 c0 {1,S}

Error: Unable to generate identifier for this molecule:
1 O u0 p2 c0 {2,S} {3,S}
2 O u0 p3 c-1 {1,S}
3 C u0 p0 c0 {1,S} {4,S} {5,S} {6,S}
4 H u0 p0 c0 {3,S}
5 H u0 p0 c0 {3,S}
6 H u0 p0 c0 {3,S}

Error: Unable to generate identifier for this molecule:
1 O u0 p1 c+1 {2,S} {3,S} {4,S}
2 H u0 p0 c0 {1,S}
3 H u0 p0 c0 {1,S}
4 H u0 p0 c0 {1,S}

Error: Unable to generate identifier for this molecule:
1 O u0 p3 c-1 {3,S}
2 O u0 p2 c0 {3,D}
3 N u0 p1 c0 {1,S} {2,D}

Error: Unable to generate identifier for this molecule:
1  O u0 p3 c-1 {2,S}
2  C u0 p0 c0 {1,S} {3,D} {7,S}
3  C u0 p0 c0 {2,D} {4,S} {8,S}
4  C u0 p0 c0 {3,S} {5,D} {9,S}
5  C u0 p0 c0 {4,D} {6,S} {10,S}
6  C u0 p0 c0 {5,S} {7,D} {11,S}
7  C u0 p0 c0 {2,S} {6,D} {12,S}
8  H u0 p0 c0 {3,S}
9  H u0 p0 c0 {4,S}
10 H u0 p0 c0 {5,S}
11 H u0 p0 c0 {6,S}
12 H u0 p0 c0 {7,S}

Error: Unable to generate identifier for this molecule:
1 N u0 p0 c+1 {2,S} {3,S} {4,S} {5,S}
2 H u0 p0 c0 {1,S}
3 H u0 p0 c0 {1,S}
4 H u0 p0 c0 {1,S}
5 H u0 p0 c0 {1,S}

Error: Unable to generate identifier for this molecule:
1 O u0 p2 c0 {2,S} {3,S}
2 O u0 p3 c-1 {1,S}
3 H u0 p0 c0 {1,S}

Fitting Petersson-type BACs for LevelOfTheory(method='wb97mv',basis='def2tzvpd',software='qchem')...
Training RMSE/MAE before fitting: 2.53/1.83 kcal/mol
Training RMSE/MAE after fitting: 1.20/0.84 kcal/mol
Saving results for LevelOfTheory(method='wb97mv',basis='def2tzvpd',software='qchem')...
Running BAC job 2
Fitting Melius-type BACs for LevelOfTheory(method='wb97mv',basis='def2tzvpd',software='qchem')...
Global opt iteration 0
`ftol` termination condition is satisfied.
Function evaluations 59, initial cost 3.3950e+07, final cost 3.7651e+02, first-order optimality 6.99e+00.
Global opt iteration 1
`ftol` termination condition is satisfied.
Function evaluations 131, initial cost 6.2942e+08, final cost 3.7651e+02, first-order optimality 1.15e-01.
Training RMSE/MAE before fitting: 2.53/1.83 kcal/mol
Training RMSE/MAE after fitting: 1.34/0.88 kcal/mol
Saving results for LevelOfTheory(method='wb97mv',basis='def2tzvpd',software='qchem')...

Arkane execution terminated at Tue Sep 22 08:37:00 2026
executed /home/alon/Code/RMG-Py-i244-chemkin-duplicate-electron-aware/test/../examples/arkane/bac/wb97m-v_def2-tzvpd
PASSED
test/arkane/arkaneMainTest.py::TestArkaneExamples::test_arkane_two_parameter_arrhenius_fit Arkane execution initiated at Tue Sep 22 08:37:00 2026

################################################################
#                                                              #
# Automated Reaction Kinetics and Network Exploration (Arkane) #
#                                                              #
#   Version: 4.0.0                                             #
#   Authors: RMG Developers (rmg_dev@mit.edu)                  #
#   P.I.s:   William H. Green (whgreen@mit.edu)                #
#            Richard H. West (r.west@neu.edu)                  #
#   Website: https://reactionmechanismgenerator.github.io/      #
#                                                              #
################################################################

The current git HEAD for RMG-Py is:
	4be053318960481be6c6a98cad549c725f384a30
	Tue Sep 22 00:43:24 2026 +0300

The current git HEAD for RMG-database is:
	96f2afa4a172def46364379532f3987262e82b6c
	Mon Sep 21 13:23:54 2026 +0300

Loading species imipramine...
Loading species imipraminerad...
Loading species CH3OO...
Loading species CH3OOH...
Loading transition state TS...
Loading reaction imipramine + CH3OO = imipraminerad + CH3OOH...


Loading statistical mechanics parameters for imipramine...
Symmetry input file written to /home/alon/Code/RMG-Py-i244-chemkin-duplicate-electron-aware/scratch/0.symm
Point group: C1
Warning: Atom corrections are not being used. Do not trust energies and thermo.
Symmetry input file written to /home/alon/Code/RMG-Py-i244-chemkin-duplicate-electron-aware/scratch/0.symm
Point group: C1
Saving statistical mechanics parameters for imipramine...
Loading statistical mechanics parameters for imipraminerad...
Symmetry input file written to /home/alon/Code/RMG-Py-i244-chemkin-duplicate-electron-aware/scratch/0.symm
Point group: C1
Warning: Atom corrections are not being used. Do not trust energies and thermo.
Symmetry input file written to /home/alon/Code/RMG-Py-i244-chemkin-duplicate-electron-aware/scratch/0.symm
Point group: C1
Saving statistical mechanics parameters for imipraminerad...
Loading statistical mechanics parameters for CH3OO...
Symmetry input file written to /home/alon/Code/RMG-Py-i244-chemkin-duplicate-electron-aware/scratch/0.symm
Point group: Cs
Warning: Atom corrections are not being used. Do not trust energies and thermo.
Symmetry input file written to /home/alon/Code/RMG-Py-i244-chemkin-duplicate-electron-aware/scratch/0.symm
Point group: Cs
Saving statistical mechanics parameters for CH3OO...
Loading statistical mechanics parameters for CH3OOH...
Symmetry input file written to /home/alon/Code/RMG-Py-i244-chemkin-duplicate-electron-aware/scratch/0.symm
Point group: C1
Warning: Atom corrections are not being used. Do not trust energies and thermo.
Symmetry input file written to /home/alon/Code/RMG-Py-i244-chemkin-duplicate-electron-aware/scratch/0.symm
Point group: C1
Saving statistical mechanics parameters for CH3OOH...
Loading statistical mechanics parameters for TS...
Symmetry input file written to /home/alon/Code/RMG-Py-i244-chemkin-duplicate-electron-aware/scratch/0.symm
Point group: C1
Warning: Atom corrections are not being used. Do not trust energies and thermo.
Symmetry input file written to /home/alon/Code/RMG-Py-i244-chemkin-duplicate-electron-aware/scratch/0.symm
Point group: C1
Saving statistical mechanics parameters for TS...
Saving kinetics for CH3OO + imipramine <=> CH3OOH + imipraminerad...

Arkane execution terminated at Tue Sep 22 08:37:02 2026
PASSED
test/arkane/arkaneOutputTest.py::OutputTest::test_prettify Arkane execution initiated at Tue Sep 22 08:37:02 2026

################################################################
#                                                              #
# Automated Reaction Kinetics and Network Exploration (Arkane) #
#                                                              #
#   Version: 4.0.0                                             #
#   Authors: RMG Developers (rmg_dev@mit.edu)                  #
#   P.I.s:   William H. Green (whgreen@mit.edu)                #
#            Richard H. West (r.west@neu.edu)                  #
#   Website: https://reactionmechanismgenerator.github.io/      #
#                                                              #
################################################################

The current git HEAD for RMG-Py is:
	4be053318960481be6c6a98cad549c725f384a30
	Tue Sep 22 00:43:24 2026 +0300

The current git HEAD for RMG-database is:
	96f2afa4a172def46364379532f3987262e82b6c
	Mon Sep 21 13:23:54 2026 +0300

Databases not found. Making databases
Loading frequencies library from halogens_G4.py in /home/alon/Code/RMG-database-plasma/input/statmech/libraries...
Loading frequencies group database from /home/alon/Code/RMG-database-plasma/input/statmech/groups...
Loading transport library from NIST_Fluorine.py in /home/alon/Code/RMG-database-plasma/input/transport/libraries...
Loading transport library from PrimaryTransportLibrary.py in /home/alon/Code/RMG-database-plasma/input/transport/libraries...
Loading transport library from GRI-Mech.py in /home/alon/Code/RMG-database-plasma/input/transport/libraries...
Loading transport library from OneDMinN2.py in /home/alon/Code/RMG-database-plasma/input/transport/libraries...
Loading transport library from NOx2018.py in /home/alon/Code/RMG-database-plasma/input/transport/libraries...
Loading transport group database from /home/alon/Code/RMG-database-plasma/input/transport/groups...
Loading species C7H7...
Assigned a frequency scale factor of 1.00386 for LevelOfTheory(method='cbsqb3')


Loading statistical mechanics parameters for C7H7...
Determined a symmetry number of 2 for rotor of species C7H7 between pivots [12, 4] based on the number of peaks and valleys, all within the determined resolution criteria.
Warning: Column 39 of the QR decomposition is nearly zero, could lose a basis
Warning: Column 41 of the QR decomposition is nearly zero, could lose a basis
Symmetry input file written to /home/alon/Code/RMG-Py-i244-chemkin-duplicate-electron-aware/scratch/0.symm
Point group: C2v
Saving statistical mechanics parameters for C7H7...
Saving thermo for C7H7...
Warning: Could not write chemkin output due to error: list index out of range for species C7H7

Arkane execution terminated at Tue Sep 22 08:37:03 2026
PASSED
test/arkane/arkaneOutputTest.py::OutputUnitTest::test_prettify PASSED
test/arkane/arkaneOutputTest.py::OutputUnitTest::test_get_str_xyz Symmetry input file written to /home/alon/Code/RMG-Py-i244-chemkin-duplicate-electron-aware/scratch/0.symm
Point group: D2h
PASSED
test/arkane/arkanePdepTest.py::ArkaneTest::test_pdep_job Databases not found. Making databases
Loading frequencies library from halogens_G4.py in /home/alon/Code/RMG-database-plasma/input/statmech/libraries...
Loading frequencies group database from /home/alon/Code/RMG-database-plasma/input/statmech/groups...
Loading transport library from NIST_Fluorine.py in /home/alon/Code/RMG-database-plasma/input/transport/libraries...
Loading transport library from PrimaryTransportLibrary.py in /home/alon/Code/RMG-database-plasma/input/transport/libraries...
Loading transport library from GRI-Mech.py in /home/alon/Code/RMG-database-plasma/input/transport/libraries...
Loading transport library from OneDMinN2.py in /home/alon/Code/RMG-database-plasma/input/transport/libraries...
Loading transport library from NOx2018.py in /home/alon/Code/RMG-database-plasma/input/transport/libraries...
Loading transport group database from /home/alon/Code/RMG-database-plasma/input/transport/groups...
Loading species acetylperoxy...
Loading species hydroperoxylvinoxy...
Loading species nitrogen...
Warning: The database isn't loaded, cannot estimate thermo for nitrogen. If it is a bath gas, set reactive = False to avoid generating thermo.
Loading transition state ts1...
Loading reaction acetylperoxy <=> hydroperoxylvinoxy...
Loading network network1...
Assigned a frequency scale factor of 0.998 for LevelOfTheory(method='ccsd(t)f12',basis='ccpvtzf12')

Warning: The database isn't loaded, cannot estimate thermo for nitrogen. If it is a bath gas, set reactive = False to avoid generating thermo.
Warning: Species label is longer than 16 characters and will break CHEMKIN 2.0
Warning: Species label is longer than 16 characters and will break CHEMKIN 2.0
Warning: For path reaction acetylperoxy <=> hydroperoxylvinoxy:
Warning:     Expected kf(302.47 K) = 1.72608e-08
Warning:       Actual kf(302.47 K) = 4.73731e-07
Warning:     Expected Keq(302.47 K) = 0.0102767
Warning:       Actual Keq(302.47 K) = 0.0107641
Warning: Increasing number of grains, decreasing grain size and trying again. (Current badness: 1.4)
Warning: For path reaction acetylperoxy <=> hydroperoxylvinoxy:
Warning:     Expected kf(302.47 K) = 1.72608e-08
Warning:       Actual kf(302.47 K) = 4.8205e-07
Warning:     Expected Keq(302.47 K) = 0.0102767
Warning:       Actual Keq(302.47 K) = 0.0105524
Warning: Increasing number of grains, decreasing grain size and trying again. (Current badness: 1.4)
Warning: For path reaction acetylperoxy <=> hydroperoxylvinoxy:
Warning:     Expected kf(302.47 K) = 1.72608e-08
Warning:       Actual kf(302.47 K) = 4.8625e-07
Warning:     Expected Keq(302.47 K) = 0.0102767
Warning:       Actual Keq(302.47 K) = 0.0102986
Warning: Increasing number of grains, decreasing grain size and trying again. (Current badness: 1.4)
Warning: For path reaction acetylperoxy <=> hydroperoxylvinoxy:
Warning:     Expected kf(302.47 K) = 1.72608e-08
Warning:       Actual kf(302.47 K) = 4.87524e-07
Warning:     Expected Keq(302.47 K) = 0.0102767
Warning:       Actual Keq(302.47 K) = 0.0103229
Warning: Increasing number of grains, decreasing grain size and trying again. (Current badness: 1.5)
Warning: For path reaction acetylperoxy <=> hydroperoxylvinoxy:
Warning:     Expected kf(302.47 K) = 1.72608e-08
Warning:       Actual kf(302.47 K) = 4.8803e-07
Warning:     Expected Keq(302.47 K) = 0.0102767
Warning:       Actual Keq(302.47 K) = 0.0103349
Warning: Increasing number of grains, decreasing grain size and trying again. (Current badness: 1.5)
Warning: For path reaction acetylperoxy <=> hydroperoxylvinoxy:
Warning:     Expected kf(302.47 K) = 1.72608e-08
Warning:       Actual kf(302.47 K) = 4.87908e-07
Warning:     Expected Keq(302.47 K) = 0.0102767
Warning:       Actual Keq(302.47 K) = 0.0103408
Warning: Increasing number of grains, decreasing grain size and trying again. (Current badness: 1.5)
Warning: For path reaction acetylperoxy <=> hydroperoxylvinoxy:
Warning:     Expected kf(302.47 K) = 1.72608e-08
Warning:       Actual kf(302.47 K) = 4.87929e-07
Warning:     Expected Keq(302.47 K) = 0.0102767
Warning:       Actual Keq(302.47 K) = 0.0103437
Warning: Increasing number of grains, decreasing grain size and trying again. (Current badness: 1.5)
Warning: For path reaction acetylperoxy <=> hydroperoxylvinoxy:
Warning:     Expected kf(302.47 K) = 1.72608e-08
Warning:       Actual kf(302.47 K) = 4.87904e-07
Warning:     Expected Keq(302.47 K) = 0.0102767
Warning:       Actual Keq(302.47 K) = 0.0103405
Error: Invalid k(E) values computed for path reaction "acetylperoxy <=> hydroperoxylvinoxy".
Error: Increasing number of grains did not decrease error enough (Current badness: 1.5, previous 1.5). Something must be wrong with network network1
Error: Decreasing perturbation to 1 kcal/mol
Warning: For path reaction acetylperoxy <=> hydroperoxylvinoxy:
Warning:     Expected kf(302.47 K) = 9.11161e-08
Warning:       Actual kf(302.47 K) = 4.73731e-07
Warning:     Expected Keq(302.47 K) = 0.0102767
Warning:       Actual Keq(302.47 K) = 0.0107641
Warning: Increasing number of grains, decreasing grain size and trying again. (Current badness: 0.7)
Warning: For path reaction acetylperoxy <=> hydroperoxylvinoxy:
Warning:     Expected kf(302.47 K) = 9.11161e-08
Warning:       Actual kf(302.47 K) = 4.8205e-07
Warning:     Expected Keq(302.47 K) = 0.0102767
Warning:       Actual Keq(302.47 K) = 0.0105524
Warning: Increasing number of grains, decreasing grain size and trying again. (Current badness: 0.7)
Warning: For path reaction acetylperoxy <=> hydroperoxylvinoxy:
Warning:     Expected kf(302.47 K) = 9.11161e-08
Warning:       Actual kf(302.47 K) = 4.8625e-07
Warning:     Expected Keq(302.47 K) = 0.0102767
Warning:       Actual Keq(302.47 K) = 0.0102986
Warning: Increasing number of grains, decreasing grain size and trying again. (Current badness: 0.7)
Warning: For path reaction acetylperoxy <=> hydroperoxylvinoxy:
Warning:     Expected kf(302.47 K) = 9.11161e-08
Warning:       Actual kf(302.47 K) = 4.87524e-07
Warning:     Expected Keq(302.47 K) = 0.0102767
Warning:       Actual Keq(302.47 K) = 0.0103229
Warning: Increasing number of grains, decreasing grain size and trying again. (Current badness: 0.7)
Warning: For path reaction acetylperoxy <=> hydroperoxylvinoxy:
Warning:     Expected kf(302.47 K) = 9.11161e-08
Warning:       Actual kf(302.47 K) = 4.8803e-07
Warning:     Expected Keq(302.47 K) = 0.0102767
Warning:       Actual Keq(302.47 K) = 0.0103349
Warning: Increasing number of grains, decreasing grain size and trying again. (Current badness: 0.7)
Warning: For path reaction acetylperoxy <=> hydroperoxylvinoxy:
Warning:     Expected kf(302.47 K) = 9.11161e-08
Warning:       Actual kf(302.47 K) = 4.87908e-07
Warning:     Expected Keq(302.47 K) = 0.0102767
Warning:       Actual Keq(302.47 K) = 0.0103408
Warning: Increasing number of grains, decreasing grain size and trying again. (Current badness: 0.7)
Warning: For path reaction acetylperoxy <=> hydroperoxylvinoxy:
Warning:     Expected kf(302.47 K) = 9.11161e-08
Warning:       Actual kf(302.47 K) = 4.87929e-07
Warning:     Expected Keq(302.47 K) = 0.0102767
Warning:       Actual Keq(302.47 K) = 0.0103437
Warning: Increasing number of grains, decreasing grain size and trying again. (Current badness: 0.7)
Warning: For path reaction acetylperoxy <=> hydroperoxylvinoxy:
Warning:     Expected kf(302.47 K) = 9.11161e-08
Warning:       Actual kf(302.47 K) = 4.87904e-07
Warning:     Expected Keq(302.47 K) = 0.0102767
Warning:       Actual Keq(302.47 K) = 0.0103405
Error: Invalid k(E) values computed for path reaction "acetylperoxy <=> hydroperoxylvinoxy".
Error: Increasing number of grains did not decrease error enough (Current badness: 0.7, previous 0.7). Something must be wrong with network network1
Error: Decreasing perturbation to 0.5 kcal/mol
Warning: For path reaction acetylperoxy <=> hydroperoxylvinoxy:
Warning:     Expected kf(302.47 K) = 2.09345e-07
Warning:       Actual kf(302.47 K) = 4.73731e-07
Warning:     Expected Keq(302.47 K) = 0.0102767
Warning:       Actual Keq(302.47 K) = 0.0107641
Warning: Increasing number of grains, decreasing grain size and trying again. (Current badness: 0.4)
Warning: For path reaction acetylperoxy <=> hydroperoxylvinoxy:
Warning:     Expected kf(302.47 K) = 2.09345e-07
Warning:       Actual kf(302.47 K) = 4.8205e-07
Warning:     Expected Keq(302.47 K) = 0.0102767
Warning:       Actual Keq(302.47 K) = 0.0105524
Warning: Increasing number of grains, decreasing grain size and trying again. (Current badness: 0.4)
Warning: For path reaction acetylperoxy <=> hydroperoxylvinoxy:
Warning:     Expected kf(302.47 K) = 2.09345e-07
Warning:       Actual kf(302.47 K) = 4.8625e-07
Warning:     Expected Keq(302.47 K) = 0.0102767
Warning:       Actual Keq(302.47 K) = 0.0102986
Warning: Increasing number of grains, decreasing grain size and trying again. (Current badness: 0.4)
Warning: For path reaction acetylperoxy <=> hydroperoxylvinoxy:
Warning:     Expected kf(302.47 K) = 2.09345e-07
Warning:       Actual kf(302.47 K) = 4.87524e-07
Warning:     Expected Keq(302.47 K) = 0.0102767
Warning:       Actual Keq(302.47 K) = 0.0103229
Warning: Increasing number of grains, decreasing grain size and trying again. (Current badness: 0.4)
Warning: For path reaction acetylperoxy <=> hydroperoxylvinoxy:
Warning:     Expected kf(302.47 K) = 2.09345e-07
Warning:       Actual kf(302.47 K) = 4.8803e-07
Warning:     Expected Keq(302.47 K) = 0.0102767
Warning:       Actual Keq(302.47 K) = 0.0103349
Warning: Increasing number of grains, decreasing grain size and trying again. (Current badness: 0.4)
Warning: For path reaction acetylperoxy <=> hydroperoxylvinoxy:
Warning:     Expected kf(302.47 K) = 2.09345e-07
Warning:       Actual kf(302.47 K) = 4.87908e-07
Warning:     Expected Keq(302.47 K) = 0.0102767
Warning:       Actual Keq(302.47 K) = 0.0103408
Warning: Increasing number of grains, decreasing grain size and trying again. (Current badness: 0.4)
Warning: For path reaction acetylperoxy <=> hydroperoxylvinoxy:
Warning:     Expected kf(302.47 K) = 2.09345e-07
Warning:       Actual kf(302.47 K) = 4.87929e-07
Warning:     Expected Keq(302.47 K) = 0.0102767
Warning:       Actual Keq(302.47 K) = 0.0103437
Warning: Increasing number of grains, decreasing grain size and trying again. (Current badness: 0.4)
Warning: For path reaction acetylperoxy <=> hydroperoxylvinoxy:
Warning:     Expected kf(302.47 K) = 2.09345e-07
Warning:       Actual kf(302.47 K) = 4.87904e-07
Warning:     Expected Keq(302.47 K) = 0.0102767
Warning:       Actual Keq(302.47 K) = 0.0103405
Error: Invalid k(E) values computed for path reaction "acetylperoxy <=> hydroperoxylvinoxy".
Error: Increasing number of grains did not decrease error enough (Current badness: 0.4, previous 0.4). Something must be wrong with network network1
Error: Decreasing perturbation to 0.25 kcal/mol
Warning: Significant corrections to k(E) to be consistent with high-pressure limit for path reaction "acetylperoxy <=> hydroperoxylvinoxy".
Warning: Significant corrections to k(E) to be consistent with high-pressure limit for path reaction "acetylperoxy <=> hydroperoxylvinoxy".
Warning: Significant corrections to k(E) to be consistent with high-pressure limit for path reaction "acetylperoxy <=> hydroperoxylvinoxy".
Warning: Significant corrections to k(E) to be consistent with high-pressure limit for path reaction "acetylperoxy <=> hydroperoxylvinoxy".
Warning: Reaction acetylperoxy <=> hydroperoxylvinoxy did not contain any kinetic data and was omitted from the kinetics library.
Warning: Discarding comments from Chemkin file because not sure which reaction they apply to
PASSED
test/arkane/arkaneThermoTest.py::ArkaneThermoTest::test_element_count_from_conformer PASSED
test/arkane/commonTest.py::CommonTest::test_check_conformer_energy PASSED
test/arkane/commonTest.py::TestArkaneJob::test_num_isom PASSED
test/arkane/commonTest.py::TestArkaneJob::test_num_reac PASSED
test/arkane/commonTest.py::TestArkaneJob::test_num_prod PASSED
test/arkane/commonTest.py::TestArkaneJob::test_n_path_reactions PASSED
test/arkane/commonTest.py::TestArkaneJob::test_path_reactions PASSED
test/arkane/commonTest.py::TestArkaneJob::test_temperatures_units PASSED
test/arkane/commonTest.py::TestArkaneJob::test_temperatures_limits PASSED
test/arkane/commonTest.py::TestArkaneJob::test_temperatures_list PASSED
test/arkane/commonTest.py::TestArkaneJob::test_pressure_limits PASSED
test/arkane/commonTest.py::TestArkaneJob::test_pressure_count PASSED
test/arkane/commonTest.py::TestArkaneJob::test_temperature_count PASSED
test/arkane/commonTest.py::TestArkaneJob::test_pressure_list PASSED
test/arkane/commonTest.py::TestArkaneJob::test_generate_temperature_list PASSED
test/arkane/commonTest.py::TestArkaneJob::test_maximum_grain_size_value PASSED
test/arkane/commonTest.py::TestArkaneJob::test_method PASSED
test/arkane/commonTest.py::TestArkaneJob::test_rmg_mode PASSED
test/arkane/commonTest.py::TestArkaneJob::test_calculate_tst_rate_coefficient PASSED
test/arkane/commonTest.py::TestArkaneJob::test_tunneling PASSED
test/arkane/commonTest.py::TestStatmech::test_gaussian_log_file_error PASSED
test/arkane/commonTest.py::TestArkaneSpecies::test_dump_yaml Warning: Column 23 of the QR decomposition is nearly zero, could lose a basis
PASSED
test/arkane/commonTest.py::TestArkaneSpecies::test_create_and_load_yaml Warning: Column 23 of the QR decomposition is nearly zero, could lose a basis
PASSED
test/arkane/commonTest.py::TestArkaneSpecies::test_load_existing_yaml PASSED
test/arkane/commonTest.py::TestArkaneSpecies::test_loading_different_versions_of_yaml PASSED
test/arkane/commonTest.py::TestMomentOfInertia::test_get_mass Warning: Assuming isotope 247 is representative of element Bk
PASSED
test/arkane/commonTest.py::TestMomentOfInertia::test_get_center_of_mass PASSED
test/arkane/commonTest.py::TestMomentOfInertia::test_get_moment_of_inertia_tensor PASSED
test/arkane/commonTest.py::TestMomentOfInertia::test_get_principal_moments_of_inertia PASSED
test/arkane/commonTest.py::TestMomentOfInertia::test_convert_imaginary_freq_to_negative_float PASSED
test/arkane/encorr/aeTest.py::TestAE::test_load_refdata Error: Unable to generate identifier for this molecule:
1 O u0 p3 c-1 {2,S}
2 H u0 p0 c0 {1,S}

Error: Unable to generate identifier for this molecule:
1 O u0 p3 c-1 {3,S}
2 O u0 p2 c0 {3,D}
3 C u0 p0 c0 {1,S} {2,D} {4,S}
4 H u0 p0 c0 {3,S}

Error: Unable to generate identifier for this molecule:
1 N u0 p0 c+1 {2,T} {3,S}
2 N u0 p1 c0 {1,T}
3 H u0 p0 c0 {1,S}

Error: Unable to generate identifier for this molecule:
1 O u0 p2 c0 {2,S} {3,S}
2 O u0 p3 c-1 {1,S}
3 C u0 p0 c0 {1,S} {4,S} {5,S} {6,S}
4 H u0 p0 c0 {3,S}
5 H u0 p0 c0 {3,S}
6 H u0 p0 c0 {3,S}

Error: Unable to generate identifier for this molecule:
1 O u0 p1 c+1 {2,S} {3,S} {4,S}
2 H u0 p0 c0 {1,S}
3 H u0 p0 c0 {1,S}
4 H u0 p0 c0 {1,S}

Error: Unable to generate identifier for this molecule:
1 O u0 p3 c-1 {3,S}
2 O u0 p2 c0 {3,D}
3 N u0 p1 c0 {1,S} {2,D}

Error: Unable to generate identifier for this molecule:
1  O u0 p3 c-1 {2,S}
2  C u0 p0 c0 {1,S} {3,D} {7,S}
3  C u0 p0 c0 {2,D} {4,S} {8,S}
4  C u0 p0 c0 {3,S} {5,D} {9,S}
5  C u0 p0 c0 {4,D} {6,S} {10,S}
6  C u0 p0 c0 {5,S} {7,D} {11,S}
7  C u0 p0 c0 {2,S} {6,D} {12,S}
8  H u0 p0 c0 {3,S}
9  H u0 p0 c0 {4,S}
10 H u0 p0 c0 {5,S}
11 H u0 p0 c0 {6,S}
12 H u0 p0 c0 {7,S}

Error: Unable to generate identifier for this molecule:
1 N u0 p0 c+1 {2,S} {3,S} {4,S} {5,S}
2 H u0 p0 c0 {1,S}
3 H u0 p0 c0 {1,S}
4 H u0 p0 c0 {1,S}
5 H u0 p0 c0 {1,S}

Error: Unable to generate identifier for this molecule:
1 O u0 p2 c0 {2,S} {3,S}
2 O u0 p3 c-1 {1,S}
3 H u0 p0 c0 {1,S}

PASSED
test/arkane/encorr/aeTest.py::TestAE::test_fit PASSED
test/arkane/encorr/aeTest.py::TestAE::test_write_to_database PASSED
test/arkane/encorr/bacTest.py::TestBAC::test_loading_parameters PASSED
test/arkane/encorr/bacTest.py::TestBAC::test_load_database PASSED
test/arkane/encorr/bacTest.py::TestBAC::test_get_correction PASSED
test/arkane/encorr/bacTest.py::TestBAC::test_fit_petersson PASSED
test/arkane/encorr/bacTest.py::TestBAC::test_fit_melius `ftol` termination condition is satisfied.
Function evaluations 29, initial cost 5.0630e+05, final cost 3.7651e+02, first-order optimality 1.12e+01.
The maximum number of function evaluations is exceeded.
Function evaluations 50, initial cost 2.2755e+06, final cost 4.2937e+02, first-order optimality 3.55e+02.
PASSED
test/arkane/encorr/bacTest.py::TestBAC::test_test PASSED
test/arkane/encorr/bacTest.py::TestBAC::test_write_to_database PASSED
test/arkane/encorr/bacTest.py::TestBAC::test_save_correlation_mat PASSED
test/arkane/encorr/bacTest.py::TestCrossVal::test_init PASSED
test/arkane/encorr/bacTest.py::TestCrossVal::test_leave_one_out PASSED
test/arkane/encorr/bacTest.py::TestCrossVal::test_kfold Warning: Bond correction not applied for unknown bond type C-H.
Warning: Bond correction not applied for unknown bond type H-H.
PASSED
test/arkane/encorr/corrTest.py::TestCorr::test_get_atom_correction PASSED
test/arkane/encorr/corrTest.py::TestCorr::test_get_bac PASSED
test/arkane/encorr/corrTest.py::TestCorr::test_assign_frequency_scale_factor Warning: No frequency scaling factor found for LevelOfTheory(method='notamethod'). Assuming a value of unity. This will affect the partition function and all quantities derived from it  (thermo quantities and rate coefficients).
Warning: No exact frequency scaling factor match found for LevelOfTheory(method='ccsd(t)f12',basis='ccpvdzf12',software='molpro'). Using LevelOfTheory(method='ccsd(t)f12',basis='ccpvdzf12') instead.
PASSED
test/arkane/encorr/dataTest.py::TestDataLoading::test_contains_data PASSED
test/arkane/encorr/dataTest.py::TestDataLoading::test_level_of_theory PASSED
test/arkane/encorr/dataTest.py::TestMolecule::test_molecule PASSED
test/arkane/encorr/dataTest.py::TestStats::test_stats PASSED
test/arkane/encorr/dataTest.py::TestBACDatapoint::test_assert_level_of_theory PASSED
test/arkane/encorr/dataTest.py::TestBACDatapoint::test_weight PASSED
test/arkane/encorr/dataTest.py::TestBACDatapoint::test_mol PASSED
test/arkane/encorr/dataTest.py::TestBACDatapoint::test_bonds PASSED
test/arkane/encorr/dataTest.py::TestBACDatapoint::test_ref_data PASSED
test/arkane/encorr/dataTest.py::TestBACDatapoint::test_calc_data PASSED
test/arkane/encorr/dataTest.py::TestBACDatapoint::test_bac_data PASSED
test/arkane/encorr/dataTest.py::TestBACDatapoint::test_substructs PASSED
test/arkane/encorr/dataTest.py::TestDatasetProperty::test_init PASSED
test/arkane/encorr/dataTest.py::TestDatasetProperty::test_get PASSED
test/arkane/encorr/dataTest.py::TestDatasetProperty::test_set PASSED
test/arkane/encorr/dataTest.py::TestBACDataset::test_append PASSED
test/arkane/encorr/dataTest.py::TestBACDataset::test_sort PASSED
test/arkane/encorr/dataTest.py::TestBACDataset::test_attrs PASSED
test/arkane/encorr/dataTest.py::TestBACDataset::test_get_mols PASSED
test/arkane/encorr/dataTest.py::TestBACDataset::test_calculate_stats PASSED
test/arkane/encorr/dataTest.py::TestBACDataset::test_compute_weights PASSED
test/arkane/encorr/dataTest.py::TestFuncs::test_extract_dataset PASSED
test/arkane/encorr/dataTest.py::TestFuncs::test_geo_to_mol PASSED
test/arkane/encorr/dataTest.py::TestFuncs::test_pybel_to_rmg PASSED
test/arkane/encorr/decompTest.py::TestBAC::test_substruct_decomp PASSED
test/arkane/encorr/decompTest.py::TestBAC::test_get_substructs PASSED
test/arkane/encorr/isodesmicTest.py::TestErrorCancelingReactionAndSpecies::test_error_canceling_species PASSED
test/arkane/encorr/isodesmicTest.py::TestErrorCancelingReactionAndSpecies::test_molecule_input_in_error_canceling_species PASSED
test/arkane/encorr/isodesmicTest.py::TestErrorCancelingReactionAndSpecies::test_error_canceling_reactions PASSED
test/arkane/encorr/isodesmicTest.py::TestErrorCancelingReactionAndSpecies::test_level_of_theory_consistency PASSED
test/arkane/encorr/isodesmicTest.py::TestSpeciesConstraints::test_initializing_constraint_map PASSED
test/arkane/encorr/isodesmicTest.py::TestSpeciesConstraints::test_enumerating_constraints PASSED
test/arkane/encorr/isodesmicTest.py::TestSpeciesConstraints::test_calculating_constraints Warning: Target species and reference species do not have the same elements:Target: C N O HReference: {'H', 'C'}
PASSED
test/arkane/encorr/isodesmicTest.py::TestErrorCancelingScheme::test_creating_error_canceling_schemes PASSED
test/arkane/encorr/isodesmicTest.py::TestErrorCancelingScheme::test_find_error_canceling_reaction PASSED
test/arkane/encorr/isodesmicTest.py::TestErrorCancelingScheme::test_multiple_error_canceling_reactions Warning: Optimization could not find a valid solution.
Warning: Optimization could not find a valid solution.
Warning: Optimization could not find a valid solution.
Warning: Optimization could not find a valid solution.
Warning: Optimization could not find a valid solution.
Warning: Optimization could not find a valid solution.
Warning: Optimization could not find a valid solution.
Warning: Optimization could not find a valid solution.
PASSED
test/arkane/encorr/isodesmicTest.py::TestErrorCancelingScheme::test_calculate_target_enthalpy PASSED
test/arkane/encorr/referenceTest.py::TestReferenceSpecies::test_instantiate_reference_species PASSED
test/arkane/encorr/referenceTest.py::TestReferenceSpecies::test_save_ref_to_yaml PASSED
test/arkane/encorr/referenceTest.py::TestReferenceSpecies::test_reference_data_entry PASSED
test/arkane/encorr/referenceTest.py::TestReferenceSpecies::test_calculated_data_entry PASSED
test/arkane/encorr/referenceTest.py::TestReferenceDatabase::test_load_main_reference_set Error: Unable to generate identifier for this molecule:
1 O u0 p3 c-1 {2,S}
2 H u0 p0 c0 {1,S}

Error: Unable to generate identifier for this molecule:
1 O u0 p3 c-1 {3,S}
2 O u0 p2 c0 {3,D}
3 C u0 p0 c0 {1,S} {2,D} {4,S}
4 H u0 p0 c0 {3,S}

Error: Unable to generate identifier for this molecule:
1 N u0 p0 c+1 {2,T} {3,S}
2 N u0 p1 c0 {1,T}
3 H u0 p0 c0 {1,S}

Error: Unable to generate identifier for this molecule:
1 O u0 p2 c0 {2,S} {3,S}
2 O u0 p3 c-1 {1,S}
3 C u0 p0 c0 {1,S} {4,S} {5,S} {6,S}
4 H u0 p0 c0 {3,S}
5 H u0 p0 c0 {3,S}
6 H u0 p0 c0 {3,S}

Error: Unable to generate identifier for this molecule:
1 O u0 p1 c+1 {2,S} {3,S} {4,S}
2 H u0 p0 c0 {1,S}
3 H u0 p0 c0 {1,S}
4 H u0 p0 c0 {1,S}

Error: Unable to generate identifier for this molecule:
1 O u0 p3 c-1 {3,S}
2 O u0 p2 c0 {3,D}
3 N u0 p1 c0 {1,S} {2,D}

Error: Unable to generate identifier for this molecule:
1  O u0 p3 c-1 {2,S}
2  C u0 p0 c0 {1,S} {3,D} {7,S}
3  C u0 p0 c0 {2,D} {4,S} {8,S}
4  C u0 p0 c0 {3,S} {5,D} {9,S}
5  C u0 p0 c0 {4,D} {6,S} {10,S}
6  C u0 p0 c0 {5,S} {7,D} {11,S}
7  C u0 p0 c0 {2,S} {6,D} {12,S}
8  H u0 p0 c0 {3,S}
9  H u0 p0 c0 {4,S}
10 H u0 p0 c0 {5,S}
11 H u0 p0 c0 {6,S}
12 H u0 p0 c0 {7,S}

Error: Unable to generate identifier for this molecule:
1 N u0 p0 c+1 {2,S} {3,S} {4,S} {5,S}
2 H u0 p0 c0 {1,S}
3 H u0 p0 c0 {1,S}
4 H u0 p0 c0 {1,S}
5 H u0 p0 c0 {1,S}

Error: Unable to generate identifier for this molecule:
1 O u0 p2 c0 {2,S} {3,S}
2 O u0 p3 c-1 {1,S}
3 H u0 p0 c0 {1,S}

PASSED
test/arkane/encorr/referenceTest.py::TestReferenceDatabase::test_extract_level_of_theory PASSED
test/arkane/encorr/referenceTest.py::TestReferenceDatabase::test_list_available_chemistry PASSED
test/arkane/encorr/referenceTest.py::TestReferenceDatabase::test_get_species_from_index PASSED
test/arkane/encorr/referenceTest.py::TestReferenceDatabase::test_get_species_from_label PASSED
test/arkane/ess/arkaneGaussianTest.py::ArkaneGaussianLogTest::test_check_for_errors PASSED
test/arkane/ess/arkaneGaussianTest.py::ArkaneGaussianLogTest::test_load_ethylene_from_gaussian_log_cbsqb3 SKIPPED
test/arkane/ess/arkaneGaussianTest.py::ArkaneGaussianLogTest::test_gaussian_energies PASSED
test/arkane/ess/arkaneGaussianTest.py::ArkaneGaussianLogTest::test_load_oxygen_from_gaussian_log PASSED
test/arkane/ess/arkaneGaussianTest.py::ArkaneGaussianLogTest::test_load_ethylene_from_gaussian_log_g3 SKIPPED
test/arkane/ess/arkaneGaussianTest.py::ArkaneGaussianLogTest::test_load_symmetry_and_optics PASSED
test/arkane/ess/arkaneGaussianTest.py::ArkaneGaussianLogTest::test_load_scan_angle PASSED
test/arkane/ess/arkaneGaussianTest.py::ArkaneGaussianLogTest::test_load_number_scans PASSED
test/arkane/ess/arkaneGaussianTest.py::ArkaneGaussianLogTest::test_load_scan_with_freq PASSED
test/arkane/ess/arkaneGaussianTest.py::ArkaneGaussianLogTest::test_load_negative_frequency PASSED
test/arkane/ess/arkaneGaussianTest.py::ArkaneGaussianLogTest::test_load_rotational_constants PASSED
test/arkane/ess/factoryTest.py::TestThermo::test_ess_factory Warning: Relative error with QChem output file /home/alon/Code/RMG-Py-i244-chemkin-duplicate-electron-aware/arkane/data/qchem/co.out due to line:
   Relative error      =     0.0191059409 %

 
                    Per the QChem version 5 documentation: https://manual.q-chem.com/pdf/qchem_manual_5.0.pdf
                    A warning message is printed whenever the relative error in the numerical electron count
                    reaches 0.01%, indicating that the numerical XC results may not be reliable. If the warning
                    appears on the first SCF cycle, it is probably not serious, because the initial-guess density
                    matrix is sometimes not idempotent.
                    
PASSED
test/arkane/ess/molproTest.py::MolproLogTest::test_check_for_errors PASSED
test/arkane/ess/molproTest.py::MolproLogTest::test_number_of_atoms_from_molpro_log PASSED
test/arkane/ess/molproTest.py::MolproLogTest::test_load_dz_from_molpro_log_f12 PASSED
test/arkane/ess/molproTest.py::MolproLogTest::test_load_qz_from_molpro_log_f12 PASSED
test/arkane/ess/molproTest.py::MolproLogTest::test_load_rad_from_molpro_log_f12 PASSED
test/arkane/ess/molproTest.py::MolproLogTest::test_load_hosi_from_molpro_log PASSED
test/arkane/ess/molproTest.py::MolproLogTest::test_load_non_f12_e0 PASSED
test/arkane/ess/molproTest.py::MolproLogTest::test_load_rs2c_e0 PASSED
test/arkane/ess/molproTest.py::MolproLogTest::test_load_mrci_e0 PASSED
test/arkane/ess/molproTest.py::MolproLogTest::test_load_negative_frequency PASSED
test/arkane/ess/molproTest.py::MolproLogTest::test_get_d1_diagnostic PASSED
test/arkane/ess/molproTest.py::MolproLogTest::test_get_t1_diagnostic PASSED
test/arkane/ess/orcaTest.py::OrcaTest::test_check_for_errors PASSED
test/arkane/ess/orcaTest.py::OrcaTest::test_number_of_atoms_from_orca_log PASSED
test/arkane/ess/orcaTest.py::OrcaTest::test_read_coordinates_from_orca_log PASSED
test/arkane/ess/orcaTest.py::OrcaTest::test_energy_from_orca_log PASSED
test/arkane/ess/orcaTest.py::OrcaTest::test_load_zero_point_energy_from_orca_log PASSED
test/arkane/ess/orcaTest.py::OrcaTest::test_load_negative_frequency_from_orca_log PASSED
test/arkane/ess/orcaTest.py::OrcaTest::test_T1_diagnostic_from_orca_log PASSED
test/arkane/ess/orcaTest.py::OrcaTest::test_load_vibrations_from_orca_log PASSED
test/arkane/ess/orcaTest.py::OrcaTest::test_load_modes_from_orca_log PASSED
test/arkane/ess/orcaTest.py::OrcaTest::test_spin_multiplicity_from_orca_log PASSED
test/arkane/ess/psi4Test.py::Psi4LogTest::test_check_for_errors PASSED
test/arkane/ess/psi4Test.py::Psi4LogTest::test_number_of_atoms_from_psi4_log PASSED
test/arkane/ess/psi4Test.py::Psi4LogTest::test_energy_from_psi4_log PASSED
test/arkane/ess/psi4Test.py::Psi4LogTest::test_zero_point_energy_from_psi4_log PASSED
test/arkane/ess/psi4Test.py::Psi4LogTest::test_load_force_constant_matrix_from_psi4_log PASSED
test/arkane/ess/psi4Test.py::Psi4LogTest::test_load_vibrations_from_psi4_log PASSED
test/arkane/ess/psi4Test.py::Psi4LogTest::test_load_modes_from_psi4_log PASSED
test/arkane/ess/psi4Test.py::Psi4LogTest::test_load_negative_frequency PASSED
test/arkane/ess/psi4Test.py::Psi4LogTest::test_spin_multiplicity_from_psi4_log PASSED
test/arkane/ess/qchemTest.py::QChemLogTest::test_check_for_errors PASSED
test/arkane/ess/qchemTest.py::QChemLogTest::test_number_of_atoms_from_qchem_log Warning: Relative error with QChem output file /home/alon/Code/RMG-Py-i244-chemkin-duplicate-electron-aware/test/arkane/../../arkane/data/qchem/co.out due to line:
   Relative error      =     0.0191059409 %

 
                    Per the QChem version 5 documentation: https://manual.q-chem.com/pdf/qchem_manual_5.0.pdf
                    A warning message is printed whenever the relative error in the numerical electron count
                    reaches 0.01%, indicating that the numerical XC results may not be reliable. If the warning
                    appears on the first SCF cycle, it is probably not serious, because the initial-guess density
                    matrix is sometimes not idempotent.
                    
PASSED
test/arkane/ess/qchemTest.py::QChemLogTest::test_energy_from_qchem_log Warning: Relative error with QChem output file /home/alon/Code/RMG-Py-i244-chemkin-duplicate-electron-aware/test/arkane/../../arkane/data/qchem/co.out due to line:
   Relative error      =     0.0191059409 %

 
                    Per the QChem version 5 documentation: https://manual.q-chem.com/pdf/qchem_manual_5.0.pdf
                    A warning message is printed whenever the relative error in the numerical electron count
                    reaches 0.01%, indicating that the numerical XC results may not be reliable. If the warning
                    appears on the first SCF cycle, it is probably not serious, because the initial-guess density
                    matrix is sometimes not idempotent.
                    
PASSED
test/arkane/ess/qchemTest.py::QChemLogTest::test_zero_point_energy_from_qchem_log Warning: Relative error with QChem output file /home/alon/Code/RMG-Py-i244-chemkin-duplicate-electron-aware/test/arkane/../../arkane/data/qchem/co.out due to line:
   Relative error      =     0.0191059409 %

 
                    Per the QChem version 5 documentation: https://manual.q-chem.com/pdf/qchem_manual_5.0.pdf
                    A warning message is printed whenever the relative error in the numerical electron count
                    reaches 0.01%, indicating that the numerical XC results may not be reliable. If the warning
                    appears on the first SCF cycle, it is probably not serious, because the initial-guess density
                    matrix is sometimes not idempotent.
                    
PASSED
test/arkane/ess/qchemTest.py::QChemLogTest::test_load_vibrations_from_qchem_log Warning: Relative error with QChem output file /home/alon/Code/RMG-Py-i244-chemkin-duplicate-electron-aware/test/arkane/../../arkane/data/qchem/co.out due to line:
   Relative error      =     0.0191059409 %

 
                    Per the QChem version 5 documentation: https://manual.q-chem.com/pdf/qchem_manual_5.0.pdf
                    A warning message is printed whenever the relative error in the numerical electron count
                    reaches 0.01%, indicating that the numerical XC results may not be reliable. If the warning
                    appears on the first SCF cycle, it is probably not serious, because the initial-guess density
                    matrix is sometimes not idempotent.
                    
PASSED
test/arkane/ess/qchemTest.py::QChemLogTest::test_load_npropyl_modes_from_qchem_log PASSED
test/arkane/ess/qchemTest.py::QChemLogTest::test_spin_multiplicity_from_qchem_log Warning: Relative error with QChem output file /home/alon/Code/RMG-Py-i244-chemkin-duplicate-electron-aware/test/arkane/../../arkane/data/qchem/co.out due to line:
   Relative error      =     0.0191059409 %

 
                    Per the QChem version 5 documentation: https://manual.q-chem.com/pdf/qchem_manual_5.0.pdf
                    A warning message is printed whenever the relative error in the numerical electron count
                    reaches 0.01%, indicating that the numerical XC results may not be reliable. If the warning
                    appears on the first SCF cycle, it is probably not serious, because the initial-guess density
                    matrix is sometimes not idempotent.
                    
PASSED
test/arkane/ess/qchemTest.py::QChemLogTest::test_load_co_modes_from_qchem_log Warning: Relative error with QChem output file /home/alon/Code/RMG-Py-i244-chemkin-duplicate-electron-aware/test/arkane/../../arkane/data/qchem/co.out due to line:
   Relative error      =     0.0191059409 %

 
                    Per the QChem version 5 documentation: https://manual.q-chem.com/pdf/qchem_manual_5.0.pdf
                    A warning message is printed whenever the relative error in the numerical electron count
                    reaches 0.01%, indicating that the numerical XC results may not be reliable. If the warning
                    appears on the first SCF cycle, it is probably not serious, because the initial-guess density
                    matrix is sometimes not idempotent.
                    
PASSED
test/arkane/ess/qchemTest.py::QChemLogTest::test_load_negative_frequency PASSED
test/arkane/ess/terachemTest.py::TeraChemLogTest::test_get_number_of_atoms PASSED
test/arkane/ess/terachemTest.py::TeraChemLogTest::test_load_force_constant_matrix PASSED
test/arkane/ess/terachemTest.py::TeraChemLogTest::test_load_geometry PASSED
test/arkane/ess/terachemTest.py::TeraChemLogTest::test_load_conformer PASSED
test/arkane/ess/terachemTest.py::TeraChemLogTest::test_load_energy PASSED
test/arkane/ess/terachemTest.py::TeraChemLogTest::test_load_zero_point_energy PASSED
test/arkane/ess/terachemTest.py::TeraChemLogTest::test_load_scan_energies [0.         0.13962634 0.27925268 0.41887902 0.55850536 0.6981317
 0.83775804 0.97738438 1.11701072 1.25663706 1.3962634  1.53588974
 1.67551608 1.81514242 1.95476876 2.0943951  2.23402144 2.37364778
 2.51327412 2.65290046 2.7925268  2.93215314 3.07177948 3.21140582
 3.35103216 3.4906585  3.63028484 3.76991118 3.90953752 4.04916386
 4.1887902  4.32841654 4.46804289 4.60766923 4.74729557 4.88692191
 5.02654825 5.16617459 5.30580093 5.44542727 5.58505361 5.72467995
 5.86430629 6.00393263 6.14355897 6.28318531]
PASSED
test/arkane/ess/xtbTest.py::TestFactory::test_detects_freq PASSED
test/arkane/ess/xtbTest.py::TestFactory::test_detects_opt PASSED
test/arkane/ess/xtbTest.py::TestFactory::test_detects_co2 PASSED
test/arkane/ess/xtbTest.py::TestFactory::test_detects_ts PASSED
test/arkane/ess/xtbTest.py::TestFactory::test_detects_sp PASSED
test/arkane/ess/xtbTest.py::TestGetNumberOfAtoms::test_freq_c3h7 PASSED
test/arkane/ess/xtbTest.py::TestGetNumberOfAtoms::test_opt_c3h7 PASSED
test/arkane/ess/xtbTest.py::TestGetNumberOfAtoms::test_co2 PASSED
test/arkane/ess/xtbTest.py::TestGetNumberOfAtoms::test_opt2_c3h11 PASSED
test/arkane/ess/xtbTest.py::TestGeometryV2000::test_opt_c3h7_shape PASSED
test/arkane/ess/xtbTest.py::TestGeometryV2000::test_opt_c3h7_atoms PASSED
test/arkane/ess/xtbTest.py::TestGeometryV2000::test_opt_c3h7_coords PASSED
test/arkane/ess/xtbTest.py::TestGeometryV2000::test_opt2_v2000 PASSED
test/arkane/ess/xtbTest.py::TestGeometryTurbomol::test_co2_shape PASSED
test/arkane/ess/xtbTest.py::TestGeometryTurbomol::test_co2_atoms PASSED
test/arkane/ess/xtbTest.py::TestGeometryTurbomol::test_co2_linearity PASSED
test/arkane/ess/xtbTest.py::TestGeometryTurbomol::test_opt1_turbomol PASSED
test/arkane/ess/xtbTest.py::TestGeometryTurbomol::test_opt1_units_are_angstrom PASSED
test/arkane/ess/xtbTest.py::TestGeometryFreqOnly::test_freq_only_raises PASSED
test/arkane/ess/xtbTest.py::TestEnergy::test_freq_c3h7 PASSED
test/arkane/ess/xtbTest.py::TestEnergy::test_opt_c3h7 PASSED
test/arkane/ess/xtbTest.py::TestEnergy::test_co2 PASSED
test/arkane/ess/xtbTest.py::TestEnergy::test_sp_ncc PASSED
test/arkane/ess/xtbTest.py::TestEnergy::test_ts PASSED
test/arkane/ess/xtbTest.py::TestEnergy::test_units_j_per_mol PASSED
test/arkane/ess/xtbTest.py::TestZPE::test_freq_c3h7 PASSED
test/arkane/ess/xtbTest.py::TestZPE::test_ts_zpe PASSED
test/arkane/ess/xtbTest.py::TestZPE::test_opt_only_raises PASSED
test/arkane/ess/xtbTest.py::TestZPE::test_sp_raises PASSED
test/arkane/ess/xtbTest.py::TestFrequencies::test_c3h7_count PASSED
test/arkane/ess/xtbTest.py::TestFrequencies::test_c3h7_values PASSED
test/arkane/ess/xtbTest.py::TestFrequencies::test_co2_frequencies PASSED
test/arkane/ess/xtbTest.py::TestFrequencies::test_ts_frequencies PASSED
test/arkane/ess/xtbTest.py::TestFrequencies::test_opt_only_no_freqs PASSED
test/arkane/ess/xtbTest.py::TestNegativeFrequency::test_ts_imaginary PASSED
test/arkane/ess/xtbTest.py::TestNegativeFrequency::test_stable_molecule_raises PASSED
test/arkane/ess/xtbTest.py::TestSpinMultiplicity::test_c3h7_doublet PASSED
test/arkane/ess/xtbTest.py::TestSpinMultiplicity::test_co2_singlet PASSED
test/arkane/ess/xtbTest.py::TestConformer::test_opt_c3h7 PASSED
test/arkane/ess/xtbTest.py::TestConformer::test_co2_linear_rotor PASSED
test/arkane/ess/xtbTest.py::TestConformer::test_opt1_turbomol PASSED
test/arkane/ess/xtbTest.py::TestConformer::test_freq_only_raises PASSED
test/arkane/ess/xtbTest.py::TestUnsupported::test_force_constant_matrix PASSED
test/arkane/ess/xtbTest.py::TestUnsupported::test_scan_energies PASSED
test/arkane/ess/xtbTest.py::TestUnsupported::test_scan_pivot_atoms PASSED
test/arkane/ess/xtbTest.py::TestUnsupported::test_scan_frozen_atoms PASSED
test/arkane/explorerTest.py::TestExplorerJob::test_explorer SKIPPED
test/arkane/modelchemTest.py::TestLevelOfTheory::test_attrs PASSED
test/arkane/modelchemTest.py::TestLevelOfTheory::test_comparison PASSED
test/arkane/modelchemTest.py::TestLevelOfTheory::test_simple PASSED
test/arkane/modelchemTest.py::TestLevelOfTheory::test_to_model_chem PASSED
test/arkane/modelchemTest.py::TestLevelOfTheory::test_update PASSED
test/arkane/modelchemTest.py::TestLevelOfTheory::test_as_dict PASSED
test/arkane/modelchemTest.py::TestCompositeLevelOfTheory::test_attrs PASSED
test/arkane/modelchemTest.py::TestCompositeLevelOfTheory::test_comparison PASSED
test/arkane/modelchemTest.py::TestCompositeLevelOfTheory::test_simple PASSED
test/arkane/modelchemTest.py::TestCompositeLevelOfTheory::test_to_model_chem PASSED
test/arkane/modelchemTest.py::TestCompositeLevelOfTheory::test_as_dict PASSED
test/arkane/modelchemTest.py::TestFuncs::test_model_chem_to_lot PASSED
test/arkane/modelchemTest.py::TestFuncs::test_str_to_lot PASSED
test/arkane/modelchemTest.py::TestFuncs::test_get_software_id PASSED
test/arkane/statmechTest.py::TestStatmech::test_gaussian_log_file_error PASSED
test/arkane/statmechTest.py::TestStatmech::test_rotor_symmetry_determination PASSED
test/arkane/statmechTest.py::TestStatmech::test_is_linear PASSED
test/arkane/statmechTest.py::TestStatmech::test_specifying_absolute_file_paths Warning: Bond correction not applied for unknown bond type O-O.
Warning: Column 11 of the QR decomposition is nearly zero, could lose a basis
PASSED
test/arkane/statmechTest.py::TestStatmech::test_hinder_rotor_from_1d_array Warning: Bond correction not applied for unknown bond type O-O.
Warning: Column 11 of the QR decomposition is nearly zero, could lose a basis
PASSED
test/arkane/statmechTest.py::TestStatmech::test_scanlog_class [0.00000000e+00 3.09449290e+02 1.07459871e+03 2.05925305e+03
 3.02877926e+03 3.79724994e+03 4.23486826e+03 4.26190303e+03
 3.88196432e+03 3.15173930e+03 2.20016363e+03 1.20431941e+03
 3.94499732e+02 7.23850312e+00 2.77854025e+02 1.40711827e+03
 3.50375319e+03 6.57899330e+03 1.05208190e+04 1.50847596e+04
 1.99269611e+04 2.46164740e+04 2.86972097e+04 3.17430074e+04
 3.34148312e+04 3.35267510e+04 3.20643922e+04 2.91936786e+04
 2.52325029e+04 2.06007483e+04 1.57531541e+04 1.11268684e+04
 7.08120679e+03 3.87554760e+03 1.63995547e+03 3.80256396e+02
 6.14367036e-01] [0.00000000e+00 3.09449290e+02 1.07459871e+03 2.05925305e+03
 3.02877926e+03 3.79724994e+03 4.23486826e+03 4.26190303e+03
 3.88196432e+03 3.15173930e+03 2.20016363e+03 1.20431941e+03
 3.94499732e+02 7.23850312e+00 2.77854025e+02 1.40711827e+03
 3.50375319e+03 6.57899330e+03 1.05208190e+04 1.50847596e+04
 1.99269611e+04 2.46164740e+04 2.86972097e+04 3.17430074e+04
 3.34148312e+04 3.35267510e+04 3.20643922e+04 2.91936786e+04
 2.52325029e+04 2.06007483e+04 1.57531541e+04 1.11268684e+04
 7.08120679e+03 3.87554760e+03 1.63995547e+03 3.80256396e+02
 6.14367036e-01]
PASSED
test/arkane/statmechTest.py::TestStatmech::test_hindered_rotor_from_scan_logs Warning: Bond correction not applied for unknown bond type O-O.
Warning: Column 11 of the QR decomposition is nearly zero, could lose a basis
Warning: Bond correction not applied for unknown bond type O-O.
Warning: Column 11 of the QR decomposition is nearly zero, could lose a basis
Warning: Bond correction not applied for unknown bond type O-O.
Warning: Column 11 of the QR decomposition is nearly zero, could lose a basis
PASSED

=============================== warnings summary ===============================
test/rmgpy/rmg/mainTest.py::TestMainFunctions::test_save_seed_modulus
  /home/alon/Code/RMG-Py-i244-chemkin-duplicate-electron-aware/rmgpy/rmg/main.py:1147: RuntimeWarning: invalid value encountered in divide
    terminated, resurrected, obj, new_surface_species, new_surface_reactions, t, x = reaction_system.simulate(

test/rmgpy/rmg/mainTest.py::TestMainFunctions::test_save_seed_modulus
  /home/alon/Code/RMG-Py-i244-chemkin-duplicate-electron-aware/rmgpy/rmg/main.py:1147: RuntimeWarning: divide by zero encountered in divide
    terminated, resurrected, obj, new_surface_species, new_surface_reactions, t, x = reaction_system.simulate(

test/arkane/arkaneMainTest.py: 20 warnings
  /home/alon/Code/RMG-Py-i244-chemkin-duplicate-electron-aware/rmgpy/statmech/ndTorsions.py:618: DeprecationWarning: You are passing x=[0.         0.21666156 0.43332312 0.64998469 0.86664625 1.08330781
   1.29996937 1.51663094 1.7332925  1.94995406 2.16661562 2.38327719
   2.59993875 2.81660031 3.03326187 3.24992343 3.466585   3.68324656
   3.89990812 4.11656968 4.33323125 4.54989281 4.76655437 4.98321593
   5.1998775  5.41653906 5.63320062 5.84986218 6.06652374 6.28318531] as a positional argument. Please change your invocation to use keyword arguments. From SciPy 1.14, passing these as positional arguments will result in an error.
    Imat = simpson(Imat, rphis)

test/arkane/arkaneMainTest.py: 30 warnings
  /home/alon/anaconda3/envs/rmg_env/lib/python3.9/site-packages/numdifftools/finite_difference.py:282: DeprecationWarning: Conversion of an array with ndim > 0 to a scalar is deprecated, and will error in future. Ensure you extract a single element from your array before performing this operation. (Deprecated NumPy 1.25.)
    hess[i, i] = (f(x + 2 * e_i) - 2 * f_x + f(x - 2 * e_i)) / (4. * hess[i, i])

test/arkane/arkaneMainTest.py::TestArkaneExamples::test_arkane_examples
test/arkane/arkaneMainTest.py::TestArkaneExamples::test_arkane_examples
  /home/alon/Code/RMG-Py-i244-chemkin-duplicate-electron-aware/rmgpy/pdep/network.py:305: RuntimeWarning: invalid value encountered in scalar divide
    Keq0 = K[t, p, j, i] / K[t, p, i, j]

test/arkane/arkaneMainTest.py::TestArkaneExamples::test_arkane_examples
test/arkane/arkaneMainTest.py::TestArkaneExamples::test_arkane_examples
  /home/alon/Code/RMG-Py-i244-chemkin-duplicate-electron-aware/rmgpy/pdep/sls.py:368: RuntimeWarning: invalid value encountered in log
    u[j, i] = np.exp(np.abs(np.log(dxdt[j] / flux[j])))

test/arkane/arkaneMainTest.py::TestArkaneExamples::test_arkane_examples
  /home/alon/Code/RMG-Py-i244-chemkin-duplicate-electron-aware/rmgpy/pdep/sls.py:250: ComplexWarning: Casting complex values to real discards the imaginary part
    xsout = states_to_configurations(network, indices, out)

test/arkane/arkaneMainTest.py::TestArkaneExamples::test_arkane_examples
  /home/alon/Code/RMG-Py-i244-chemkin-duplicate-electron-aware/rmgpy/pdep/sls.py:251: ComplexWarning: Casting complex values to real discards the imaginary part
    ddt = states_to_configurations(network, indices, np.dot(M, out))

test/arkane/arkaneMainTest.py::TestArkaneExamples::test_arkane_examples
  /home/alon/Code/RMG-Py-i244-chemkin-duplicate-electron-aware/rmgpy/pdep/sls.py:262: ComplexWarning: Casting complex values to real discards the imaginary part
    xsout = states_to_configurations(network, indices, out)

test/arkane/arkaneMainTest.py::TestArkaneExamples::test_arkane_examples
  /home/alon/Code/RMG-Py-i244-chemkin-duplicate-electron-aware/rmgpy/pdep/sls.py:263: ComplexWarning: Casting complex values to real discards the imaginary part
    ddt = states_to_configurations(network, indices, np.dot(M, out))

test/arkane/encorr/bacTest.py::TestBAC::test_save_correlation_mat
  /home/alon/anaconda3/envs/rmg_env/lib/python3.9/site-packages/matplotlib/backends/backend_pdf.py:1758: DeprecationWarning: 'mode' parameter is deprecated and will be removed in Pillow 13 (2026-10-15)
    img = Image.fromarray(rgb8, mode='P')

-- Docs: https://docs.pytest.org/en/stable/how-to/capture-warnings.html
=========== 381 passed, 9 skipped, 61 warnings in 634.35s (0:10:34) ============
