============================= test session starts ==============================
platform linux -- Python 3.9.23, pytest-8.4.1, pluggy-1.6.0 -- /home/alon/anaconda3/envs/rmg_env/bin/python
cachedir: .pytest_cache
rootdir: /home/alon/Code/RMG-Py-i244-chemkin-duplicate-electron-aware
configfile: pytest.ini
plugins: check-2.5.3, cov-6.2.1, anyio-4.10.0
collecting ... collected 1090 items

test/rmgpy/chemkinTest.py::ChemkinTest::test_read_thermo_entry_bad_element_count PASSED
test/rmgpy/chemkinTest.py::ChemkinTest::test_read_thermo_entry_not_gas_phase PASSED
test/rmgpy/chemkinTest.py::ChemkinTest::test_read_thermo_entry_not_float PASSED
test/rmgpy/chemkinTest.py::ChemkinTest::test_read_thermo_entry_no_temperature_range PASSED
test/rmgpy/chemkinTest.py::ChemkinTest::test_read_thermo_block_temperature_header_columns PASSED
test/rmgpy/chemkinTest.py::ChemkinTest::test_read_thermo_block_warns_for_badly_formatted_temperature_header PASSED
test/rmgpy/chemkinTest.py::ChemkinTest::test_read_and_write_and_read_template_reaction_family_for_minimal_example PASSED
test/rmgpy/chemkinTest.py::ChemkinTest::test_read_and_write_template_reaction_family_for_pdd_example PASSED
test/rmgpy/chemkinTest.py::ChemkinTest::test_transport_data_read_and_write PASSED
test/rmgpy/chemkinTest.py::ChemkinTest::test_use_chemkin_names PASSED
test/rmgpy/chemkinTest.py::ChemkinTest::test_reactant_n2_is_reactive_and_gets_right_species_identifier PASSED
test/rmgpy/chemkinTest.py::ChemkinTest::test_read_specific_collider PASSED
test/rmgpy/chemkinTest.py::ChemkinTest::test_process_duplicate_reactions PASSED
test/rmgpy/chemkinTest.py::ChemkinTest::test_mark_duplicate_reactions PASSED
test/rmgpy/chemkinTest.py::ChemkinTest::test_read_write_coverage_dependence PASSED
test/rmgpy/chemkinTest.py::ChemkinTest::test_write_kinetics_entry_with_coverage_dependence PASSED
test/rmgpy/chemkinTest.py::ChemkinTest::test_write_elements_section_omits_unused_isotopes_and_surface_site PASSED
test/rmgpy/chemkinTest.py::ChemkinTest::test_write_elements_section_includes_used_isotopes_and_surface_site PASSED
test/rmgpy/chemkinTest.py::ChemkinTest::test_write_elements_section_maps_electron_to_pseudo_element PASSED
test/rmgpy/chemkinTest.py::TestThermoReadWrite::test_write_thermo_block PASSED
test/rmgpy/chemkinTest.py::TestThermoReadWrite::test_read_thermo_block PASSED
test/rmgpy/chemkinTest.py::TestThermoReadWrite::test_write_thermo_block_for_isotope_uses_chemkin_name PASSED
test/rmgpy/chemkinTest.py::TestThermoReadWrite::test_save_chemkin_file_writes_dynamic_elements_section PASSED
test/rmgpy/chemkinTest.py::TestThermoReadWrite::test_save_chemkin_file_adds_electron_element_for_charged_species PASSED
test/rmgpy/chemkinTest.py::TestThermoReadWrite::test_write_thermo_block_for_charged_species_includes_electron_count PASSED
test/rmgpy/chemkinTest.py::TestThermoReadWrite::test_write_thermo_block_5_elem PASSED
test/rmgpy/chemkinTest.py::TestThermoReadWrite::test_read_thermo_block_5_elem PASSED
test/rmgpy/chemkinTest.py::TestThermoReadWrite::test_write_thermo_block_6_elem PASSED
test/rmgpy/chemkinTest.py::TestThermoReadWrite::test_read_thermo_block_6_elem PASSED
test/rmgpy/chemkinTest.py::TestThermoReadWrite::test_write_bidentate_species PASSED
test/rmgpy/chemkinTest.py::TestReadReactionComments::test_read_reaction_comments_template PASSED
test/rmgpy/chemkinTest.py::TestReadReactionComments::test_read_reaction_comments_family PASSED
test/rmgpy/chemkinTest.py::TestReadReactionComments::test_read_reaction_comments_degeneracy PASSED
test/rmgpy/chemkinTest.py::TestReadReactionComments::test_remove_line_breaks PASSED
test/rmgpy/chemkinTest.py::TestPlasmaChemkinRoundTrip::test_plasma_round_trip_preserves_rate_coefficient PASSED
test/rmgpy/chemkinTest.py::TestPlasmaChemkinRoundTrip::test_plasma_arrhenius_reduction_is_unit_independent PASSED
test/rmgpy/chemkinTest.py::TestPlasmaChemkinRoundTrip::test_plasma_reduction_is_exact_along_the_electron_diagonal PASSED
test/rmgpy/constantsTest.py::TestConstants::test_avogadro_constant PASSED
test/rmgpy/constantsTest.py::TestConstants::test_boltzmann_constant PASSED
test/rmgpy/constantsTest.py::TestConstants::test_elementary_charge PASSED
test/rmgpy/constantsTest.py::TestConstants::test_gas_law_constant PASSED
test/rmgpy/constantsTest.py::TestConstants::test_planck_constant PASSED
test/rmgpy/constantsTest.py::TestConstants::test_reduced_planck_constant PASSED
test/rmgpy/constantsTest.py::TestConstants::test_pi PASSED
test/rmgpy/constantsTest.py::TestConstants::test_speed_of_light PASSED
test/rmgpy/constantsTest.py::TestConstants::test_electron_mass PASSED
test/rmgpy/constantsTest.py::TestConstants::test_proton_mass PASSED
test/rmgpy/constantsTest.py::TestConstants::test_neutron_mass PASSED
test/rmgpy/constantsTest.py::TestConstants::test_atomic_mass_unit PASSED
test/rmgpy/constantsTest.py::TestConstants::test_bohr_radius PASSED
test/rmgpy/constantsTest.py::TestConstants::test_hartree_energy PASSED
test/rmgpy/constraintsTest.py::TestFailsSpeciesConstraints::test_constraints_not_loaded PASSED
test/rmgpy/constraintsTest.py::TestFailsSpeciesConstraints::test_species_input PASSED
test/rmgpy/constraintsTest.py::TestFailsSpeciesConstraints::test_explicitly_allowed_molecules PASSED
test/rmgpy/constraintsTest.py::TestFailsSpeciesConstraints::test_carbon_constraint PASSED
test/rmgpy/constraintsTest.py::TestFailsSpeciesConstraints::test_oxygen_constraint PASSED
test/rmgpy/constraintsTest.py::TestFailsSpeciesConstraints::test_nitrogen_constraint PASSED
test/rmgpy/constraintsTest.py::TestFailsSpeciesConstraints::test_silicon_constraint PASSED
test/rmgpy/constraintsTest.py::TestFailsSpeciesConstraints::test_sulfur_constraint PASSED
test/rmgpy/constraintsTest.py::TestFailsSpeciesConstraints::test_surface_site_constraint PASSED
test/rmgpy/constraintsTest.py::TestFailsSpeciesConstraints::test_surface_bond_order_constraint PASSED
test/rmgpy/constraintsTest.py::TestFailsSpeciesConstraints::test_heavy_constraint PASSED
test/rmgpy/constraintsTest.py::TestFailsSpeciesConstraints::test_radical_constraint PASSED
test/rmgpy/constraintsTest.py::TestFailsSpeciesConstraints::test_carbene_constraint PASSED
test/rmgpy/constraintsTest.py::TestFailsSpeciesConstraints::test_carbene_radical_constraint PASSED
test/rmgpy/electronChemkinCallersTest.py::TestElectronSurvivesChemkinCallerSites::test_local_uncertainty_kinetics_intermediate PASSED
test/rmgpy/electronChemkinCallersTest.py::TestElectronSurvivesChemkinCallerSites::test_collision_rate_violator_report PASSED
test/rmgpy/electronChemkinCallersTest.py::TestElectronSurvivesChemkinCallerSites::test_global_uncertainty_reaction_description PASSED
test/rmgpy/electronPlacementTest.py::TestElectronPlacementResolver::test_synthetic_attachment_resolves_nonmutating PASSED
test/rmgpy/electronPlacementTest.py::TestElectronPlacementResolver::test_molecularity_reconciliation PASSED
test/rmgpy/electronPlacementTest.py::TestElectronPlacementResolver::test_non_attachment_electron_family_fails_by_name PASSED
test/rmgpy/electronPlacementTest.py::TestElectronPlacementResolver::test_family_free_reaction_fails_by_name PASSED
test/rmgpy/electronPlacementTest.py::TestElectronPlacementResolver::test_ionization_shaped_fails_by_name PASSED
test/rmgpy/electronPlacementTest.py::TestElectronPlacementResolver::test_excitation_shaped_fails_by_name PASSED
test/rmgpy/electronPlacementTest.py::TestElectronPlacementResolver::test_double_representation_fails_by_name PASSED
test/rmgpy/electronPlacementTest.py::TestElectronPlacementResolver::test_already_explicit_fails_by_name PASSED
test/rmgpy/electronPlacementTest.py::TestElectronPlacementResolver::test_reverse_generated_reaction_resolves PASSED
test/rmgpy/electronPlacementTest.py::TestElectronPlacementResolver::test_unknown_direction_resolves PASSED
test/rmgpy/electronPlacementTest.py::TestElectronPlacementResolver::test_wrong_side_placement_refused_by_E_balance PASSED
test/rmgpy/electronPlacementTest.py::TestElectronPlacementResolver::test_reversible_resolves_and_stays_reversible PASSED
test/rmgpy/electronPlacementTest.py::TestElectronPlacementResolver::test_missing_kinetics_fails_by_name PASSED
test/rmgpy/electronPlacementTest.py::TestElectronPlacementResolver::test_pressure_dependent_kinetics_fails_by_name PASSED
test/rmgpy/electronPlacementTest.py::TestElectronPlacementResolver::test_kinetics_level_electron_field_fails_by_name PASSED
test/rmgpy/electronPlacementTest.py::TestElectronPlacementResolver::test_missing_electron_species_fails_by_name PASSED
test/rmgpy/electronPlacementTest.py::TestElectronPlacementResolver::test_ambiguous_electron_species_fails_by_name PASSED
test/rmgpy/electronPlacementTest.py::TestElectronPlacementResolver::test_declaration_registry_is_explicit_and_closed PASSED
test/rmgpy/electronPlacementTest.py::TestAttachmentPlacementDatabase::test_generated_reaction_resolves_nondestructively PASSED
test/rmgpy/electronPlacementTest.py::TestAttachmentPlacementDatabase::test_molecularity_reconciliation_on_generated_reaction PASSED
test/rmgpy/electronPlacementTest.py::TestAttachmentPlacementDatabase::test_reactor_autoresolves_canonical_form PASSED
test/rmgpy/electronPlacementTest.py::TestAttachmentPlacementDatabase::test_reactor_accepts_resolved_view PASSED
test/rmgpy/electronPlacementTest.py::TestElectronPlacementReactorIntegration::test_01_family_generated_reaction_reaches_reactor_automatically PASSED
test/rmgpy/electronPlacementTest.py::TestElectronPlacementReactorIntegration::test_02_canonical_reaction_unchanged_after_pipeline PASSED
test/rmgpy/electronPlacementTest.py::TestElectronPlacementReactorIntegration::test_03_view_has_exactly_one_incident_electron_on_reactant_side PASSED
test/rmgpy/electronPlacementTest.py::TestElectronPlacementReactorIntegration::test_04_electron_enters_forward_rate_exactly_once PASSED
test/rmgpy/electronPlacementTest.py::TestElectronPlacementReactorIntegration::test_05_first_order_scaling_in_electron_concentration PASSED
test/rmgpy/electronPlacementTest.py::TestElectronPlacementReactorIntegration::test_06_electron_derivative_negative PASSED
test/rmgpy/electronPlacementTest.py::TestElectronPlacementReactorIntegration::test_07_o2_derivative_negative PASSED
test/rmgpy/electronPlacementTest.py::TestElectronPlacementReactorIntegration::test_08_o2_anion_derivative_positive PASSED
test/rmgpy/electronPlacementTest.py::TestElectronPlacementReactorIntegration::test_09_net_charge_conserved PASSED
test/rmgpy/electronPlacementTest.py::TestElectronPlacementReactorIntegration::test_10_electron_not_double_counted PASSED
test/rmgpy/electronPlacementTest.py::TestElectronPlacementReactorIntegration::test_11_residual_and_jacobian_share_coefficients PASSED
test/rmgpy/electronPlacementTest.py::TestElectronPlacementReactorIntegration::test_12_analytic_electron_jacobian_column_matches_fd PASSED
test/rmgpy/electronPlacementTest.py::TestElectronPlacementReactorIntegration::test_13_running_pipeline_twice_does_not_accumulate_electrons PASSED
test/rmgpy/electronPlacementTest.py::TestElectronPlacementReactorIntegration::test_14_thermal_reactions_pass_through_unchanged PASSED
test/rmgpy/electronPlacementTest.py::TestElectronPlacementReactorIntegration::test_15_reload_and_regenerate_uses_same_automatic_path PASSED
test/rmgpy/electronPlacementTest.py::TestElectronPlacementReactorIntegration::test_16_generated_attachment_remains_irreversible PASSED
test/rmgpy/electronPlacementTest.py::TestElectronPlacementReactorIntegration::test_production_path_invokes_resolver_not_the_test PASSED
test/rmgpy/electronPlacementTest.py::TestElectronPlacementReactorIntegration::test_negative_control_missing_electron_species PASSED
test/rmgpy/electronPlacementTest.py::TestElectronPlacementReactorIntegration::test_negative_control_duplicate_explicit_representation PASSED
test/rmgpy/electronPlacementTest.py::TestElectronPlacementReactorIntegration::test_negative_control_unsupported_ionization_shaped PASSED
test/rmgpy/electronPlacementTest.py::TestElectronPlacementReactorIntegration::test_regression_plasma_kinetics_without_incident_electron_refused PASSED
test/rmgpy/electronPlacementTest.py::TestElectronPlacementReactorIntegration::test_regression_reinit_same_reactor_does_not_accumulate PASSED
test/rmgpy/electronPlacementTest.py::TestElectronPlacementReactorIntegration::test_regression_reaction_index_maps_canonical_not_view PASSED
test/rmgpy/electronPlacementTest.py::TestCationRecombinationPlacement::test_00_reaction_is_reverse_generated_and_reversible PASSED
test/rmgpy/electronPlacementTest.py::TestCationRecombinationPlacement::test_01_electron_placed_on_reactant_side_exactly_once PASSED
test/rmgpy/electronPlacementTest.py::TestCationRecombinationPlacement::test_02_view_balances_in_charge_and_E_pseudo_element PASSED
test/rmgpy/electronPlacementTest.py::TestCationRecombinationPlacement::test_03_canonical_reaction_is_not_mutated PASSED
test/rmgpy/electronPlacementTest.py::TestCationRecombinationPlacement::test_04_view_stays_reversible PASSED
test/rmgpy/electronPlacementTest.py::TestCationRecombinationPlacement::test_05_reactor_still_refuses_the_reversible_view_by_name PASSED
test/rmgpy/electronPlacementTest.py::TestNewPlasmaFamiliesResolver::test_electron_impact_ionization_resolves PASSED
test/rmgpy/electronPlacementTest.py::TestNewPlasmaFamiliesResolver::test_radiative_recombination_resolves PASSED
test/rmgpy/electronPlacementTest.py::TestNewPlasmaFamiliesDatabase::test_electron_impact_ionization_generated_resolves PASSED
test/rmgpy/electronPlacementTest.py::TestNewPlasmaFamiliesDatabase::test_radiative_recombination_generated_resolves PASSED
test/rmgpy/electronPlacementTest.py::TestNetZeroElectronPlacementGate::test_net_zero_carrier_reaches_the_resolver PASSED
test/rmgpy/electronPlacementTest.py::TestNetZeroElectronPlacementGate::test_resolved_order_matches_the_coefficient_units PASSED
test/rmgpy/electronPlacementTest.py::TestNetZeroElectronPlacementGate::test_resolver_is_actually_consulted PASSED
test/rmgpy/electronPlacementTest.py::TestNetZeroElectronPlacementGate::test_canonical_reaction_not_mutated PASSED
test/rmgpy/electronPlacementTest.py::TestNetZeroElectronPlacementGate::test_neutral_undeclared_still_passes_through PASSED
test/rmgpy/electronPlacementTest.py::TestNetZeroElectronPlacementGate::test_declared_owner_already_explicit_passes_through PASSED
test/rmgpy/electronPlacementTest.py::TestNetZeroElectronPlacementGate::test_gate_electron_test_is_defensive_like_the_resolver PASSED
test/rmgpy/electronPlacementTest.py::TestNetZeroElectronPlacementGate::test_declared_nonzero_owner_with_zero_metadata_fails_by_name PASSED
test/rmgpy/i108ElectronRepresentationMatrixTest.py::test_matrix_row[EI/explicit] PASSED
test/rmgpy/i108ElectronRepresentationMatrixTest.py::test_matrix_row[EI/half] PASSED
test/rmgpy/i108ElectronRepresentationMatrixTest.py::test_matrix_row[EI/metadata] PASSED
test/rmgpy/i108ElectronRepresentationMatrixTest.py::test_matrix_row[RR/explicit] PASSED
test/rmgpy/i108ElectronRepresentationMatrixTest.py::test_matrix_row[RR/metadata] PASSED
test/rmgpy/i108ElectronRepresentationMatrixTest.py::test_matrix_row[3b/e-e-ion] PASSED
test/rmgpy/i108ElectronRepresentationMatrixTest.py::test_matrix_row[3b/neutral M] PASSED
test/rmgpy/i108ElectronRepresentationMatrixTest.py::test_matrix_row[CT/ion-atom] PASSED
test/rmgpy/i108ElectronRepresentationMatrixTest.py::test_matrix_row[CT/charge-balanced] PASSED
test/rmgpy/i108ElectronRepresentationMatrixTest.py::test_matrix_row[EI/half-explicit] PASSED
test/rmgpy/i108ElectronRepresentationMatrixTest.py::test_matrix_row[3b/e-e-ion+meta] PASSED
test/rmgpy/i108ElectronRepresentationMatrixTest.py::test_library_metadata_escape_is_rate_law_borne PASSED
test/rmgpy/i108ElectronRepresentationMatrixTest.py::test_explicit_electron_is_judged_by_charge_not_by_element_count PASSED
test/rmgpy/i108ElectronRepresentationMatrixTest.py::test_the_scalar_cannot_rescue_an_explicit_electron_shape PASSED
test/rmgpy/i108ElectronRepresentationMatrixTest.py::test_matrix_charge_transfer_row_fails_on_charge_not_on_electrons PASSED
test/rmgpy/i108ElectronRepresentationMatrixTest.py::test_reactor_gate_is_orthogonal_to_the_balance_gate PASSED
test/rmgpy/i108ElectronRepresentationMatrixTest.py::test_the_two_E_rules_disagree_on_explicit_ionisation PASSED
test/rmgpy/i108ElectronRepresentationMatrixTest.py::test_extra_refusal_fires[half-explicit double representation] PASSED
test/rmgpy/i108ElectronRepresentationMatrixTest.py::test_family_electron_placement_is_still_the_exact_declared_table PASSED
test/rmgpy/i108ElectronRepresentationMatrixTest.py::test_reactor_refusal_still_fires[undeclared family] PASSED
test/rmgpy/i108ElectronRepresentationMatrixTest.py::test_reactor_refusal_still_fires[ionisation vs consuming family] PASSED
test/rmgpy/i108ElectronRepresentationMatrixTest.py::test_reactor_refusal_still_fires[reactor metadata-only count] PASSED
test/rmgpy/i113IonisationPlacementTest.py::TestIonisationPlacementView::test_real_voronov_ionisation_resolves PASSED
test/rmgpy/i113IonisationPlacementTest.py::TestIonisationPlacementView::test_incident_order_is_the_declared_reactant_count PASSED
test/rmgpy/i113IonisationPlacementTest.py::TestIonisationPlacementView::test_same_net_count_two_declarations_two_views PASSED
test/rmgpy/i113IonisationPlacementTest.py::TestIonisationPlacementView::test_scalar_that_contradicts_the_declaration_is_refused_by_name PASSED
test/rmgpy/i113IonisationPlacementTest.py::TestIonisationPlacementView::test_second_charge_state_is_blocked_upstream_of_placement PASSED
test/rmgpy/i113IonisationPlacementTest.py::TestStructuralVerificationStillHolds::test_ionisation_view_balances_in_the_e_pseudo_element PASSED
test/rmgpy/i113IonisationPlacementTest.py::TestStructuralVerificationStillHolds::test_attachment_view_balances_in_the_e_pseudo_element PASSED
test/rmgpy/i113IonisationPlacementTest.py::TestStructuralVerificationStillHolds::test_wrong_sided_two_sided_declaration_is_caught_by_step_ten PASSED
test/rmgpy/i113IonisationPlacementTest.py::TestRateOrderCrossCheck::test_agreement_is_recorded_on_the_view PASSED
test/rmgpy/i113IonisationPlacementTest.py::TestRateOrderCrossCheck::test_first_order_declaration_with_bimolecular_kinetics_is_refused PASSED
test/rmgpy/i113IonisationPlacementTest.py::TestRateOrderCrossCheck::test_unresolvable_order_is_its_own_named_outcome PASSED
test/rmgpy/i113IonisationPlacementTest.py::TestRateOrderCrossCheck::test_the_two_outcomes_are_distinguishable PASSED
test/rmgpy/i113IonisationPlacementTest.py::TestRateOrderCrossCheck::test_cross_check_is_not_an_order_source PASSED
test/rmgpy/i113IonisationPlacementTest.py::TestPlacementPrimitive::test_matches_expand_electrons_on_consumption[1] PASSED
test/rmgpy/i113IonisationPlacementTest.py::TestPlacementPrimitive::test_matches_expand_electrons_on_consumption[2] PASSED
test/rmgpy/i113IonisationPlacementTest.py::TestPlacementPrimitive::test_matches_expand_electrons_on_consumption[3] PASSED
test/rmgpy/i113IonisationPlacementTest.py::TestPlacementPrimitive::test_matches_expand_electrons_on_production[1] PASSED
test/rmgpy/i113IonisationPlacementTest.py::TestPlacementPrimitive::test_matches_expand_electrons_on_production[2] PASSED
test/rmgpy/i113IonisationPlacementTest.py::TestPlacementPrimitive::test_matches_expand_electrons_on_production[3] PASSED
test/rmgpy/i113IonisationPlacementTest.py::TestPlacementPrimitive::test_does_not_mutate_the_reaction PASSED
test/rmgpy/i113IonisationPlacementTest.py::TestPlacementPrimitive::test_places_on_both_sides PASSED
test/rmgpy/i113IonisationPlacementTest.py::TestDeclarationSchema::test_shipped_registry_is_still_closed_and_two_sided PASSED
test/rmgpy/i113IonisationPlacementTest.py::TestDeclarationSchema::test_electron_impact_ionisation_family_is_now_shipped PASSED
test/rmgpy/i113IonisationPlacementTest.py::TestDeclarationSchema::test_malformed_declaration_is_refused_by_name[bad0] PASSED
test/rmgpy/i113IonisationPlacementTest.py::TestDeclarationSchema::test_malformed_declaration_is_refused_by_name[bad1] PASSED
test/rmgpy/i113IonisationPlacementTest.py::TestDeclarationSchema::test_malformed_declaration_is_refused_by_name[bad2] PASSED
test/rmgpy/i113IonisationPlacementTest.py::TestDeclarationSchema::test_malformed_declaration_is_refused_by_name[bad3] PASSED
test/rmgpy/i113IonisationPlacementTest.py::TestDeclarationSchema::test_malformed_declaration_is_refused_by_name[bad4] PASSED
test/rmgpy/i113IonisationPlacementTest.py::TestDeclarationSchema::test_malformed_declaration_is_refused_by_name[bad5] PASSED
test/rmgpy/i113IonisationPlacementTest.py::TestDeclarationSchema::test_malformed_declaration_is_refused_by_name[None] PASSED
test/rmgpy/i113IonisationPlacementTest.py::TestKineticsLevelElectronCount::test_plasma_rate_law_net_count_is_validated_against_the_declaration PASSED
test/rmgpy/i113IonisationPlacementTest.py::TestKineticsLevelElectronCount::test_plasma_rate_law_net_count_that_disagrees_is_refused PASSED
test/rmgpy/i113IonisationPlacementTest.py::TestKineticsLevelElectronCount::test_badnell_recombination_net_count_is_validated PASSED
test/rmgpy/i113IonisationPlacementTest.py::TestKineticsLevelElectronCount::test_other_kinetics_electron_field_is_still_refused PASSED
test/rmgpy/i113IonisationPlacementTest.py::TestDeclaredFamiliesNumericallyUnchanged::test_attachment_view_is_unchanged PASSED
test/rmgpy/i113IonisationPlacementTest.py::TestDeclaredFamiliesNumericallyUnchanged::test_recombination_view_is_unchanged PASSED
test/rmgpy/i116IonisationRegistryTest.py::TestLibraryLabelIsAPlacementKey::test_library_reaction_reports_its_library_as_its_family PASSED
test/rmgpy/i116IonisationRegistryTest.py::TestLibraryLabelIsAPlacementKey::test_the_shipped_declaration_is_keyed_by_that_label PASSED
test/rmgpy/i116IonisationRegistryTest.py::TestStage1LibraryLoads::test_library_carries_exactly_the_one_covered_reaction PASSED
test/rmgpy/i116IonisationRegistryTest.py::TestStage1LibraryLoads::test_entry_carries_the_real_voronov_fit PASSED
test/rmgpy/i116IonisationRegistryTest.py::TestStage1LibraryLoads::test_the_loader_propagates_the_rate_law_electron_count PASSED
test/rmgpy/i116IonisationRegistryTest.py::TestStage1LibraryLoads::test_canonical_form_carries_no_explicit_electron PASSED
test/rmgpy/i116IonisationRegistryTest.py::TestStage1LibraryLoads::test_the_reaction_is_attributed_to_the_library PASSED
test/rmgpy/i116IonisationRegistryTest.py::TestStage2ReactionBalances::test_canonical_reaction_balances PASSED
test/rmgpy/i116IonisationRegistryTest.py::TestStage3ResolvesThroughPlacement::test_view_has_one_reactant_and_two_product_electrons PASSED
test/rmgpy/i116IonisationRegistryTest.py::TestStage3ResolvesThroughPlacement::test_view_is_the_reactor_facing_form PASSED
test/rmgpy/i116IonisationRegistryTest.py::TestStage3ResolvesThroughPlacement::test_resolution_leaves_the_canonical_reaction_untouched PASSED
test/rmgpy/i116IonisationRegistryTest.py::TestStage3ResolvesThroughPlacement::test_view_balances_in_the_electron_pseudo_element PASSED
test/rmgpy/i116IonisationRegistryTest.py::TestStage4ScalarValidatesAgainstDeclaration::test_scalar_equals_the_declared_net_change PASSED
test/rmgpy/i116IonisationRegistryTest.py::TestStage4ScalarValidatesAgainstDeclaration::test_a_perturbed_scalar_is_refused_by_name[-1-attachment-shaped] PASSED
test/rmgpy/i116IonisationRegistryTest.py::TestStage4ScalarValidatesAgainstDeclaration::test_a_perturbed_scalar_is_refused_by_name[0-excitation-shaped] PASSED
test/rmgpy/i116IonisationRegistryTest.py::TestStage4ScalarValidatesAgainstDeclaration::test_a_perturbed_scalar_is_refused_by_name[2-ionization-shaped] PASSED
test/rmgpy/i116IonisationRegistryTest.py::TestStage4ScalarValidatesAgainstDeclaration::test_a_disagreeing_rate_law_electron_count_is_refused PASSED
test/rmgpy/i116IonisationRegistryTest.py::TestRateOrderCrossCheckResolved::test_order_resolves_to_a_real_integer_for_this_kinetics_class PASSED
test/rmgpy/i116IonisationRegistryTest.py::TestRateOrderCrossCheckResolved::test_the_check_compared_two_numbers PASSED
test/rmgpy/i116IonisationRegistryTest.py::TestRateOrderCrossCheckResolved::test_the_view_records_agreement_and_not_abstention PASSED
test/rmgpy/i116IonisationRegistryTest.py::TestRateOrderCrossCheckResolved::test_an_unresolvable_order_is_reported_as_its_own_outcome PASSED
test/rmgpy/i116IonisationRegistryTest.py::TestOrderComesFromDeclarationNotScalar::test_the_placement_primitive_never_reads_the_scalar PASSED
test/rmgpy/i116IonisationRegistryTest.py::TestOrderComesFromDeclarationNotScalar::test_the_reactant_count_tracks_the_declaration_with_the_scalar_fixed[declaration0-1] PASSED
test/rmgpy/i116IonisationRegistryTest.py::TestOrderComesFromDeclarationNotScalar::test_the_reactant_count_tracks_the_declaration_with_the_scalar_fixed[declaration1-3] PASSED
test/rmgpy/i116IonisationRegistryTest.py::TestStage6ReactorAccepts::test_reactor_accepts_the_canonical_reaction PASSED
test/rmgpy/i116IonisationRegistryTest.py::TestStage6ReactorAccepts::test_the_accepted_rate_is_the_voronov_coefficient_at_te PASSED
test/rmgpy/i116IonisationRegistryTest.py::TestStage6ReactorAccepts::test_no_reverse_rate_is_manufactured PASSED
test/rmgpy/i116IonisationRegistryTest.py::TestStage6ReactorAccepts::test_the_reactor_leaves_the_canonical_reaction_untouched PASSED
test/rmgpy/i116IonisationRegistryTest.py::TestStage6ReactorAccepts::test_the_reactors_own_validation_is_live_on_this_reaction PASSED
test/rmgpy/i116IonisationRegistryTest.py::TestNeighbouringDeclarationsUnperturbed::test_view_is_identical_with_and_without_the_new_entry[_attachment] PASSED
test/rmgpy/i116IonisationRegistryTest.py::TestNeighbouringDeclarationsUnperturbed::test_view_is_identical_with_and_without_the_new_entry[_recombination] PASSED
test/rmgpy/i116IonisationRegistryTest.py::TestNeighbouringDeclarationsUnperturbed::test_attachment_still_places_one_reactant_electron_and_none_produced PASSED
test/rmgpy/i116IonisationRegistryTest.py::TestNeighbouringDeclarationsUnperturbed::test_recombination_still_places_one_reactant_electron_and_none_produced PASSED
test/rmgpy/i116IonisationRegistryTest.py::TestUncoveredSpeciesGetsNothing::test_the_library_exposes_no_group_or_template_matcher PASSED
test/rmgpy/i116IonisationRegistryTest.py::TestUncoveredSpeciesGetsNothing::test_an_uncovered_species_gets_no_reaction[Ar-[Ar]] PASSED
test/rmgpy/i116IonisationRegistryTest.py::TestUncoveredSpeciesGetsNothing::test_an_uncovered_species_gets_no_reaction[He-[He]] PASSED
test/rmgpy/i116IonisationRegistryTest.py::TestUncoveredSpeciesGetsNothing::test_the_covered_species_does_get_one_through_the_same_call PASSED
test/rmgpy/i116IonisationRegistryTest.py::TestUncoveredSpeciesGetsNothing::test_the_lookup_route_does_not_resolve_but_fails_loudly PASSED
test/rmgpy/i116IonisationRegistryTest.py::TestWrongDeclarationIsRefused::test_a_wrong_declaration_is_refused_against_the_actual_count[wrong0] PASSED
test/rmgpy/i116IonisationRegistryTest.py::TestWrongDeclarationIsRefused::test_a_wrong_declaration_is_refused_against_the_actual_count[wrong1] PASSED
test/rmgpy/i116IonisationRegistryTest.py::TestWrongDeclarationIsRefused::test_the_shipped_declaration_is_back_and_still_resolves PASSED
test/rmgpy/i126ChemkinElectronOrderTest.py::TestExportConsultsTheDeclaration::test_ionisation_expands_to_the_two_sided_placement PASSED
test/rmgpy/i126ChemkinElectronOrderTest.py::TestExportConsultsTheDeclaration::test_export_view_is_the_reactor_view PASSED
test/rmgpy/i126ChemkinElectronOrderTest.py::TestExportConsultsTheDeclaration::test_chemkin_writes_the_ionisation PASSED
test/rmgpy/i126ChemkinElectronOrderTest.py::TestExportConsultsTheDeclaration::test_cantera_writes_the_ionisation PASSED
test/rmgpy/i126ChemkinElectronOrderTest.py::TestExportConsultsTheDeclaration::test_written_equation_passes_both_export_guards PASSED
test/rmgpy/i126ChemkinElectronOrderTest.py::TestExportConsultsTheDeclaration::test_a_factor_dimensionality_matches_the_exported_reactant_count PASSED
test/rmgpy/i126ChemkinElectronOrderTest.py::TestOneSidedOwnersDoNotMove::test_every_one_sided_declaration_agrees_with_the_net_rule[Cation_R_Recombination] PASSED
test/rmgpy/i126ChemkinElectronOrderTest.py::TestOneSidedOwnersDoNotMove::test_every_one_sided_declaration_agrees_with_the_net_rule[PlasmaRadiativeRecombination] PASSED
test/rmgpy/i126ChemkinElectronOrderTest.py::TestOneSidedOwnersDoNotMove::test_every_one_sided_declaration_agrees_with_the_net_rule[Plasma_Associative_Ionization_Alkali_Alkali] PASSED
test/rmgpy/i126ChemkinElectronOrderTest.py::TestOneSidedOwnersDoNotMove::test_every_one_sided_declaration_agrees_with_the_net_rule[Plasma_Associative_Ionization_Alkali_Alkaline] PASSED
test/rmgpy/i126ChemkinElectronOrderTest.py::TestOneSidedOwnersDoNotMove::test_every_one_sided_declaration_agrees_with_the_net_rule[Plasma_Associative_Ionization_Alkaline_Alkaline] PASSED
test/rmgpy/i126ChemkinElectronOrderTest.py::TestOneSidedOwnersDoNotMove::test_every_one_sided_declaration_agrees_with_the_net_rule[Plasma_Electron_Attachment] PASSED
test/rmgpy/i126ChemkinElectronOrderTest.py::TestOneSidedOwnersDoNotMove::test_every_one_sided_declaration_agrees_with_the_net_rule[Plasma_Radiative_Recombination] PASSED
test/rmgpy/i126ChemkinElectronOrderTest.py::TestOneSidedOwnersDoNotMove::test_radiative_recombination_equation_is_unchanged PASSED
test/rmgpy/i126ChemkinElectronOrderTest.py::TestUndeclaredReactionsKeepTheNetRule::test_no_family_attribution PASSED
test/rmgpy/i126ChemkinElectronOrderTest.py::TestUndeclaredReactionsKeepTheNetRule::test_undeclared_family PASSED
test/rmgpy/i126ChemkinElectronOrderTest.py::TestUndeclaredReactionsKeepTheNetRule::test_a_neutral_reaction_is_untouched PASSED
test/rmgpy/i126ChemkinElectronOrderTest.py::TestContradictionIsNamed::test_net_count_contradicting_the_declaration_raises PASSED
test/rmgpy/i126ChemkinElectronOrderTest.py::TestContradictionIsNamed::test_the_message_names_both_numbers PASSED
test/rmgpy/i126ChemkinElectronOrderTest.py::TestChemkinRoundTrip::test_round_trip PASSED
test/rmgpy/i126ChemkinElectronOrderTest.py::TestChemkinRoundTrip::test_the_tdep_line_no_longer_blocks_the_full_trip PASSED
test/rmgpy/i134DuplicateElectronsTest.py::TestTheUndeclaredOwnerContract::test_counts_are_the_net_rule[-3] PASSED
test/rmgpy/i134DuplicateElectronsTest.py::TestTheUndeclaredOwnerContract::test_counts_are_the_net_rule[-2] PASSED
test/rmgpy/i134DuplicateElectronsTest.py::TestTheUndeclaredOwnerContract::test_counts_are_the_net_rule[-1] PASSED
test/rmgpy/i134DuplicateElectronsTest.py::TestTheUndeclaredOwnerContract::test_counts_are_the_net_rule[0] PASSED
test/rmgpy/i134DuplicateElectronsTest.py::TestTheUndeclaredOwnerContract::test_counts_are_the_net_rule[1] PASSED
test/rmgpy/i134DuplicateElectronsTest.py::TestTheUndeclaredOwnerContract::test_counts_are_the_net_rule[2] PASSED
test/rmgpy/i134DuplicateElectronsTest.py::TestTheUndeclaredOwnerContract::test_counts_are_the_net_rule[3] PASSED
test/rmgpy/i134DuplicateElectronsTest.py::TestTheUndeclaredOwnerContract::test_a_reaction_with_no_family_attribute_at_all PASSED
test/rmgpy/i134DuplicateElectronsTest.py::TestTheUndeclaredOwnerContract::test_an_unrecognised_owner_is_undeclared PASSED
test/rmgpy/i134DuplicateElectronsTest.py::TestTheUndeclaredOwnerContract::test_is_isomorphic_forward_verdict_is_exactly_its_old_net_comparison[-3--3] PASSED
test/rmgpy/i134DuplicateElectronsTest.py::TestTheUndeclaredOwnerContract::test_is_isomorphic_forward_verdict_is_exactly_its_old_net_comparison[-3--2] PASSED
test/rmgpy/i134DuplicateElectronsTest.py::TestTheUndeclaredOwnerContract::test_is_isomorphic_forward_verdict_is_exactly_its_old_net_comparison[-3--1] PASSED
test/rmgpy/i134DuplicateElectronsTest.py::TestTheUndeclaredOwnerContract::test_is_isomorphic_forward_verdict_is_exactly_its_old_net_comparison[-3-0] PASSED
test/rmgpy/i134DuplicateElectronsTest.py::TestTheUndeclaredOwnerContract::test_is_isomorphic_forward_verdict_is_exactly_its_old_net_comparison[-3-1] PASSED
test/rmgpy/i134DuplicateElectronsTest.py::TestTheUndeclaredOwnerContract::test_is_isomorphic_forward_verdict_is_exactly_its_old_net_comparison[-3-2] PASSED
test/rmgpy/i134DuplicateElectronsTest.py::TestTheUndeclaredOwnerContract::test_is_isomorphic_forward_verdict_is_exactly_its_old_net_comparison[-3-3] PASSED
test/rmgpy/i134DuplicateElectronsTest.py::TestTheUndeclaredOwnerContract::test_is_isomorphic_forward_verdict_is_exactly_its_old_net_comparison[-2--3] PASSED
test/rmgpy/i134DuplicateElectronsTest.py::TestTheUndeclaredOwnerContract::test_is_isomorphic_forward_verdict_is_exactly_its_old_net_comparison[-2--2] PASSED
test/rmgpy/i134DuplicateElectronsTest.py::TestTheUndeclaredOwnerContract::test_is_isomorphic_forward_verdict_is_exactly_its_old_net_comparison[-2--1] PASSED
test/rmgpy/i134DuplicateElectronsTest.py::TestTheUndeclaredOwnerContract::test_is_isomorphic_forward_verdict_is_exactly_its_old_net_comparison[-2-0] PASSED
test/rmgpy/i134DuplicateElectronsTest.py::TestTheUndeclaredOwnerContract::test_is_isomorphic_forward_verdict_is_exactly_its_old_net_comparison[-2-1] PASSED
test/rmgpy/i134DuplicateElectronsTest.py::TestTheUndeclaredOwnerContract::test_is_isomorphic_forward_verdict_is_exactly_its_old_net_comparison[-2-2] PASSED
test/rmgpy/i134DuplicateElectronsTest.py::TestTheUndeclaredOwnerContract::test_is_isomorphic_forward_verdict_is_exactly_its_old_net_comparison[-2-3] PASSED
test/rmgpy/i134DuplicateElectronsTest.py::TestTheUndeclaredOwnerContract::test_is_isomorphic_forward_verdict_is_exactly_its_old_net_comparison[-1--3] PASSED
test/rmgpy/i134DuplicateElectronsTest.py::TestTheUndeclaredOwnerContract::test_is_isomorphic_forward_verdict_is_exactly_its_old_net_comparison[-1--2] PASSED
test/rmgpy/i134DuplicateElectronsTest.py::TestTheUndeclaredOwnerContract::test_is_isomorphic_forward_verdict_is_exactly_its_old_net_comparison[-1--1] PASSED
test/rmgpy/i134DuplicateElectronsTest.py::TestTheUndeclaredOwnerContract::test_is_isomorphic_forward_verdict_is_exactly_its_old_net_comparison[-1-0] PASSED
test/rmgpy/i134DuplicateElectronsTest.py::TestTheUndeclaredOwnerContract::test_is_isomorphic_forward_verdict_is_exactly_its_old_net_comparison[-1-1] PASSED
test/rmgpy/i134DuplicateElectronsTest.py::TestTheUndeclaredOwnerContract::test_is_isomorphic_forward_verdict_is_exactly_its_old_net_comparison[-1-2] PASSED
test/rmgpy/i134DuplicateElectronsTest.py::TestTheUndeclaredOwnerContract::test_is_isomorphic_forward_verdict_is_exactly_its_old_net_comparison[-1-3] PASSED
test/rmgpy/i134DuplicateElectronsTest.py::TestTheUndeclaredOwnerContract::test_is_isomorphic_forward_verdict_is_exactly_its_old_net_comparison[0--3] PASSED
test/rmgpy/i134DuplicateElectronsTest.py::TestTheUndeclaredOwnerContract::test_is_isomorphic_forward_verdict_is_exactly_its_old_net_comparison[0--2] PASSED
test/rmgpy/i134DuplicateElectronsTest.py::TestTheUndeclaredOwnerContract::test_is_isomorphic_forward_verdict_is_exactly_its_old_net_comparison[0--1] PASSED
test/rmgpy/i134DuplicateElectronsTest.py::TestTheUndeclaredOwnerContract::test_is_isomorphic_forward_verdict_is_exactly_its_old_net_comparison[0-0] PASSED
test/rmgpy/i134DuplicateElectronsTest.py::TestTheUndeclaredOwnerContract::test_is_isomorphic_forward_verdict_is_exactly_its_old_net_comparison[0-1] PASSED
test/rmgpy/i134DuplicateElectronsTest.py::TestTheUndeclaredOwnerContract::test_is_isomorphic_forward_verdict_is_exactly_its_old_net_comparison[0-2] PASSED
test/rmgpy/i134DuplicateElectronsTest.py::TestTheUndeclaredOwnerContract::test_is_isomorphic_forward_verdict_is_exactly_its_old_net_comparison[0-3] PASSED
test/rmgpy/i134DuplicateElectronsTest.py::TestTheUndeclaredOwnerContract::test_is_isomorphic_forward_verdict_is_exactly_its_old_net_comparison[1--3] PASSED
test/rmgpy/i134DuplicateElectronsTest.py::TestTheUndeclaredOwnerContract::test_is_isomorphic_forward_verdict_is_exactly_its_old_net_comparison[1--2] PASSED
test/rmgpy/i134DuplicateElectronsTest.py::TestTheUndeclaredOwnerContract::test_is_isomorphic_forward_verdict_is_exactly_its_old_net_comparison[1--1] PASSED
test/rmgpy/i134DuplicateElectronsTest.py::TestTheUndeclaredOwnerContract::test_is_isomorphic_forward_verdict_is_exactly_its_old_net_comparison[1-0] PASSED
test/rmgpy/i134DuplicateElectronsTest.py::TestTheUndeclaredOwnerContract::test_is_isomorphic_forward_verdict_is_exactly_its_old_net_comparison[1-1] PASSED
test/rmgpy/i134DuplicateElectronsTest.py::TestTheUndeclaredOwnerContract::test_is_isomorphic_forward_verdict_is_exactly_its_old_net_comparison[1-2] PASSED
test/rmgpy/i134DuplicateElectronsTest.py::TestTheUndeclaredOwnerContract::test_is_isomorphic_forward_verdict_is_exactly_its_old_net_comparison[1-3] PASSED
test/rmgpy/i134DuplicateElectronsTest.py::TestTheUndeclaredOwnerContract::test_is_isomorphic_forward_verdict_is_exactly_its_old_net_comparison[2--3] PASSED
test/rmgpy/i134DuplicateElectronsTest.py::TestTheUndeclaredOwnerContract::test_is_isomorphic_forward_verdict_is_exactly_its_old_net_comparison[2--2] PASSED
test/rmgpy/i134DuplicateElectronsTest.py::TestTheUndeclaredOwnerContract::test_is_isomorphic_forward_verdict_is_exactly_its_old_net_comparison[2--1] PASSED
test/rmgpy/i134DuplicateElectronsTest.py::TestTheUndeclaredOwnerContract::test_is_isomorphic_forward_verdict_is_exactly_its_old_net_comparison[2-0] PASSED
test/rmgpy/i134DuplicateElectronsTest.py::TestTheUndeclaredOwnerContract::test_is_isomorphic_forward_verdict_is_exactly_its_old_net_comparison[2-1] PASSED
test/rmgpy/i134DuplicateElectronsTest.py::TestTheUndeclaredOwnerContract::test_is_isomorphic_forward_verdict_is_exactly_its_old_net_comparison[2-2] PASSED
test/rmgpy/i134DuplicateElectronsTest.py::TestTheUndeclaredOwnerContract::test_is_isomorphic_forward_verdict_is_exactly_its_old_net_comparison[2-3] PASSED
test/rmgpy/i134DuplicateElectronsTest.py::TestTheUndeclaredOwnerContract::test_is_isomorphic_forward_verdict_is_exactly_its_old_net_comparison[3--3] PASSED
test/rmgpy/i134DuplicateElectronsTest.py::TestTheUndeclaredOwnerContract::test_is_isomorphic_forward_verdict_is_exactly_its_old_net_comparison[3--2] PASSED
test/rmgpy/i134DuplicateElectronsTest.py::TestTheUndeclaredOwnerContract::test_is_isomorphic_forward_verdict_is_exactly_its_old_net_comparison[3--1] PASSED
test/rmgpy/i134DuplicateElectronsTest.py::TestTheUndeclaredOwnerContract::test_is_isomorphic_forward_verdict_is_exactly_its_old_net_comparison[3-0] PASSED
test/rmgpy/i134DuplicateElectronsTest.py::TestTheUndeclaredOwnerContract::test_is_isomorphic_forward_verdict_is_exactly_its_old_net_comparison[3-1] PASSED
test/rmgpy/i134DuplicateElectronsTest.py::TestTheUndeclaredOwnerContract::test_is_isomorphic_forward_verdict_is_exactly_its_old_net_comparison[3-2] PASSED
test/rmgpy/i134DuplicateElectronsTest.py::TestTheUndeclaredOwnerContract::test_is_isomorphic_forward_verdict_is_exactly_its_old_net_comparison[3-3] PASSED
test/rmgpy/i134DuplicateElectronsTest.py::TestTheUndeclaredOwnerContract::test_is_isomorphic_reverse_verdict_is_exactly_its_old_net_comparison[-3--3] PASSED
test/rmgpy/i134DuplicateElectronsTest.py::TestTheUndeclaredOwnerContract::test_is_isomorphic_reverse_verdict_is_exactly_its_old_net_comparison[-3--2] PASSED
test/rmgpy/i134DuplicateElectronsTest.py::TestTheUndeclaredOwnerContract::test_is_isomorphic_reverse_verdict_is_exactly_its_old_net_comparison[-3--1] PASSED
test/rmgpy/i134DuplicateElectronsTest.py::TestTheUndeclaredOwnerContract::test_is_isomorphic_reverse_verdict_is_exactly_its_old_net_comparison[-3-0] PASSED
test/rmgpy/i134DuplicateElectronsTest.py::TestTheUndeclaredOwnerContract::test_is_isomorphic_reverse_verdict_is_exactly_its_old_net_comparison[-3-1] PASSED
test/rmgpy/i134DuplicateElectronsTest.py::TestTheUndeclaredOwnerContract::test_is_isomorphic_reverse_verdict_is_exactly_its_old_net_comparison[-3-2] PASSED
test/rmgpy/i134DuplicateElectronsTest.py::TestTheUndeclaredOwnerContract::test_is_isomorphic_reverse_verdict_is_exactly_its_old_net_comparison[-3-3] PASSED
test/rmgpy/i134DuplicateElectronsTest.py::TestTheUndeclaredOwnerContract::test_is_isomorphic_reverse_verdict_is_exactly_its_old_net_comparison[-2--3] PASSED
test/rmgpy/i134DuplicateElectronsTest.py::TestTheUndeclaredOwnerContract::test_is_isomorphic_reverse_verdict_is_exactly_its_old_net_comparison[-2--2] PASSED
test/rmgpy/i134DuplicateElectronsTest.py::TestTheUndeclaredOwnerContract::test_is_isomorphic_reverse_verdict_is_exactly_its_old_net_comparison[-2--1] PASSED
test/rmgpy/i134DuplicateElectronsTest.py::TestTheUndeclaredOwnerContract::test_is_isomorphic_reverse_verdict_is_exactly_its_old_net_comparison[-2-0] PASSED
test/rmgpy/i134DuplicateElectronsTest.py::TestTheUndeclaredOwnerContract::test_is_isomorphic_reverse_verdict_is_exactly_its_old_net_comparison[-2-1] PASSED
test/rmgpy/i134DuplicateElectronsTest.py::TestTheUndeclaredOwnerContract::test_is_isomorphic_reverse_verdict_is_exactly_its_old_net_comparison[-2-2] PASSED
test/rmgpy/i134DuplicateElectronsTest.py::TestTheUndeclaredOwnerContract::test_is_isomorphic_reverse_verdict_is_exactly_its_old_net_comparison[-2-3] PASSED
test/rmgpy/i134DuplicateElectronsTest.py::TestTheUndeclaredOwnerContract::test_is_isomorphic_reverse_verdict_is_exactly_its_old_net_comparison[-1--3] PASSED
test/rmgpy/i134DuplicateElectronsTest.py::TestTheUndeclaredOwnerContract::test_is_isomorphic_reverse_verdict_is_exactly_its_old_net_comparison[-1--2] PASSED
test/rmgpy/i134DuplicateElectronsTest.py::TestTheUndeclaredOwnerContract::test_is_isomorphic_reverse_verdict_is_exactly_its_old_net_comparison[-1--1] PASSED
test/rmgpy/i134DuplicateElectronsTest.py::TestTheUndeclaredOwnerContract::test_is_isomorphic_reverse_verdict_is_exactly_its_old_net_comparison[-1-0] PASSED
test/rmgpy/i134DuplicateElectronsTest.py::TestTheUndeclaredOwnerContract::test_is_isomorphic_reverse_verdict_is_exactly_its_old_net_comparison[-1-1] PASSED
test/rmgpy/i134DuplicateElectronsTest.py::TestTheUndeclaredOwnerContract::test_is_isomorphic_reverse_verdict_is_exactly_its_old_net_comparison[-1-2] PASSED
test/rmgpy/i134DuplicateElectronsTest.py::TestTheUndeclaredOwnerContract::test_is_isomorphic_reverse_verdict_is_exactly_its_old_net_comparison[-1-3] PASSED
test/rmgpy/i134DuplicateElectronsTest.py::TestTheUndeclaredOwnerContract::test_is_isomorphic_reverse_verdict_is_exactly_its_old_net_comparison[0--3] PASSED
test/rmgpy/i134DuplicateElectronsTest.py::TestTheUndeclaredOwnerContract::test_is_isomorphic_reverse_verdict_is_exactly_its_old_net_comparison[0--2] PASSED
test/rmgpy/i134DuplicateElectronsTest.py::TestTheUndeclaredOwnerContract::test_is_isomorphic_reverse_verdict_is_exactly_its_old_net_comparison[0--1] PASSED
test/rmgpy/i134DuplicateElectronsTest.py::TestTheUndeclaredOwnerContract::test_is_isomorphic_reverse_verdict_is_exactly_its_old_net_comparison[0-0] PASSED
test/rmgpy/i134DuplicateElectronsTest.py::TestTheUndeclaredOwnerContract::test_is_isomorphic_reverse_verdict_is_exactly_its_old_net_comparison[0-1] PASSED
test/rmgpy/i134DuplicateElectronsTest.py::TestTheUndeclaredOwnerContract::test_is_isomorphic_reverse_verdict_is_exactly_its_old_net_comparison[0-2] PASSED
test/rmgpy/i134DuplicateElectronsTest.py::TestTheUndeclaredOwnerContract::test_is_isomorphic_reverse_verdict_is_exactly_its_old_net_comparison[0-3] PASSED
test/rmgpy/i134DuplicateElectronsTest.py::TestTheUndeclaredOwnerContract::test_is_isomorphic_reverse_verdict_is_exactly_its_old_net_comparison[1--3] PASSED
test/rmgpy/i134DuplicateElectronsTest.py::TestTheUndeclaredOwnerContract::test_is_isomorphic_reverse_verdict_is_exactly_its_old_net_comparison[1--2] PASSED
test/rmgpy/i134DuplicateElectronsTest.py::TestTheUndeclaredOwnerContract::test_is_isomorphic_reverse_verdict_is_exactly_its_old_net_comparison[1--1] PASSED
test/rmgpy/i134DuplicateElectronsTest.py::TestTheUndeclaredOwnerContract::test_is_isomorphic_reverse_verdict_is_exactly_its_old_net_comparison[1-0] PASSED
test/rmgpy/i134DuplicateElectronsTest.py::TestTheUndeclaredOwnerContract::test_is_isomorphic_reverse_verdict_is_exactly_its_old_net_comparison[1-1] PASSED
test/rmgpy/i134DuplicateElectronsTest.py::TestTheUndeclaredOwnerContract::test_is_isomorphic_reverse_verdict_is_exactly_its_old_net_comparison[1-2] PASSED
test/rmgpy/i134DuplicateElectronsTest.py::TestTheUndeclaredOwnerContract::test_is_isomorphic_reverse_verdict_is_exactly_its_old_net_comparison[1-3] PASSED
test/rmgpy/i134DuplicateElectronsTest.py::TestTheUndeclaredOwnerContract::test_is_isomorphic_reverse_verdict_is_exactly_its_old_net_comparison[2--3] PASSED
test/rmgpy/i134DuplicateElectronsTest.py::TestTheUndeclaredOwnerContract::test_is_isomorphic_reverse_verdict_is_exactly_its_old_net_comparison[2--2] PASSED
test/rmgpy/i134DuplicateElectronsTest.py::TestTheUndeclaredOwnerContract::test_is_isomorphic_reverse_verdict_is_exactly_its_old_net_comparison[2--1] PASSED
test/rmgpy/i134DuplicateElectronsTest.py::TestTheUndeclaredOwnerContract::test_is_isomorphic_reverse_verdict_is_exactly_its_old_net_comparison[2-0] PASSED
test/rmgpy/i134DuplicateElectronsTest.py::TestTheUndeclaredOwnerContract::test_is_isomorphic_reverse_verdict_is_exactly_its_old_net_comparison[2-1] PASSED
test/rmgpy/i134DuplicateElectronsTest.py::TestTheUndeclaredOwnerContract::test_is_isomorphic_reverse_verdict_is_exactly_its_old_net_comparison[2-2] PASSED
test/rmgpy/i134DuplicateElectronsTest.py::TestTheUndeclaredOwnerContract::test_is_isomorphic_reverse_verdict_is_exactly_its_old_net_comparison[2-3] PASSED
test/rmgpy/i134DuplicateElectronsTest.py::TestTheUndeclaredOwnerContract::test_is_isomorphic_reverse_verdict_is_exactly_its_old_net_comparison[3--3] PASSED
test/rmgpy/i134DuplicateElectronsTest.py::TestTheUndeclaredOwnerContract::test_is_isomorphic_reverse_verdict_is_exactly_its_old_net_comparison[3--2] PASSED
test/rmgpy/i134DuplicateElectronsTest.py::TestTheUndeclaredOwnerContract::test_is_isomorphic_reverse_verdict_is_exactly_its_old_net_comparison[3--1] PASSED
test/rmgpy/i134DuplicateElectronsTest.py::TestTheUndeclaredOwnerContract::test_is_isomorphic_reverse_verdict_is_exactly_its_old_net_comparison[3-0] PASSED
test/rmgpy/i134DuplicateElectronsTest.py::TestTheUndeclaredOwnerContract::test_is_isomorphic_reverse_verdict_is_exactly_its_old_net_comparison[3-1] PASSED
test/rmgpy/i134DuplicateElectronsTest.py::TestTheUndeclaredOwnerContract::test_is_isomorphic_reverse_verdict_is_exactly_its_old_net_comparison[3-2] PASSED
test/rmgpy/i134DuplicateElectronsTest.py::TestTheUndeclaredOwnerContract::test_is_isomorphic_reverse_verdict_is_exactly_its_old_net_comparison[3-3] PASSED
test/rmgpy/i134DuplicateElectronsTest.py::TestTheUndeclaredOwnerContract::test_the_model_predicate_is_tightened_but_only_for_charged_reactions[-3--3] PASSED
test/rmgpy/i134DuplicateElectronsTest.py::TestTheUndeclaredOwnerContract::test_the_model_predicate_is_tightened_but_only_for_charged_reactions[-3--2] PASSED
test/rmgpy/i134DuplicateElectronsTest.py::TestTheUndeclaredOwnerContract::test_the_model_predicate_is_tightened_but_only_for_charged_reactions[-3--1] PASSED
test/rmgpy/i134DuplicateElectronsTest.py::TestTheUndeclaredOwnerContract::test_the_model_predicate_is_tightened_but_only_for_charged_reactions[-3-0] PASSED
test/rmgpy/i134DuplicateElectronsTest.py::TestTheUndeclaredOwnerContract::test_the_model_predicate_is_tightened_but_only_for_charged_reactions[-3-1] PASSED
test/rmgpy/i134DuplicateElectronsTest.py::TestTheUndeclaredOwnerContract::test_the_model_predicate_is_tightened_but_only_for_charged_reactions[-3-2] PASSED
test/rmgpy/i134DuplicateElectronsTest.py::TestTheUndeclaredOwnerContract::test_the_model_predicate_is_tightened_but_only_for_charged_reactions[-3-3] PASSED
test/rmgpy/i134DuplicateElectronsTest.py::TestTheUndeclaredOwnerContract::test_the_model_predicate_is_tightened_but_only_for_charged_reactions[-2--3] PASSED
test/rmgpy/i134DuplicateElectronsTest.py::TestTheUndeclaredOwnerContract::test_the_model_predicate_is_tightened_but_only_for_charged_reactions[-2--2] PASSED
test/rmgpy/i134DuplicateElectronsTest.py::TestTheUndeclaredOwnerContract::test_the_model_predicate_is_tightened_but_only_for_charged_reactions[-2--1] PASSED
test/rmgpy/i134DuplicateElectronsTest.py::TestTheUndeclaredOwnerContract::test_the_model_predicate_is_tightened_but_only_for_charged_reactions[-2-0] PASSED
test/rmgpy/i134DuplicateElectronsTest.py::TestTheUndeclaredOwnerContract::test_the_model_predicate_is_tightened_but_only_for_charged_reactions[-2-1] PASSED
test/rmgpy/i134DuplicateElectronsTest.py::TestTheUndeclaredOwnerContract::test_the_model_predicate_is_tightened_but_only_for_charged_reactions[-2-2] PASSED
test/rmgpy/i134DuplicateElectronsTest.py::TestTheUndeclaredOwnerContract::test_the_model_predicate_is_tightened_but_only_for_charged_reactions[-2-3] PASSED
test/rmgpy/i134DuplicateElectronsTest.py::TestTheUndeclaredOwnerContract::test_the_model_predicate_is_tightened_but_only_for_charged_reactions[-1--3] PASSED
test/rmgpy/i134DuplicateElectronsTest.py::TestTheUndeclaredOwnerContract::test_the_model_predicate_is_tightened_but_only_for_charged_reactions[-1--2] PASSED
test/rmgpy/i134DuplicateElectronsTest.py::TestTheUndeclaredOwnerContract::test_the_model_predicate_is_tightened_but_only_for_charged_reactions[-1--1] PASSED
test/rmgpy/i134DuplicateElectronsTest.py::TestTheUndeclaredOwnerContract::test_the_model_predicate_is_tightened_but_only_for_charged_reactions[-1-0] PASSED
test/rmgpy/i134DuplicateElectronsTest.py::TestTheUndeclaredOwnerContract::test_the_model_predicate_is_tightened_but_only_for_charged_reactions[-1-1] PASSED
test/rmgpy/i134DuplicateElectronsTest.py::TestTheUndeclaredOwnerContract::test_the_model_predicate_is_tightened_but_only_for_charged_reactions[-1-2] PASSED
test/rmgpy/i134DuplicateElectronsTest.py::TestTheUndeclaredOwnerContract::test_the_model_predicate_is_tightened_but_only_for_charged_reactions[-1-3] PASSED
test/rmgpy/i134DuplicateElectronsTest.py::TestTheUndeclaredOwnerContract::test_the_model_predicate_is_tightened_but_only_for_charged_reactions[0--3] PASSED
test/rmgpy/i134DuplicateElectronsTest.py::TestTheUndeclaredOwnerContract::test_the_model_predicate_is_tightened_but_only_for_charged_reactions[0--2] PASSED
test/rmgpy/i134DuplicateElectronsTest.py::TestTheUndeclaredOwnerContract::test_the_model_predicate_is_tightened_but_only_for_charged_reactions[0--1] PASSED
test/rmgpy/i134DuplicateElectronsTest.py::TestTheUndeclaredOwnerContract::test_the_model_predicate_is_tightened_but_only_for_charged_reactions[0-0] PASSED
test/rmgpy/i134DuplicateElectronsTest.py::TestTheUndeclaredOwnerContract::test_the_model_predicate_is_tightened_but_only_for_charged_reactions[0-1] PASSED
test/rmgpy/i134DuplicateElectronsTest.py::TestTheUndeclaredOwnerContract::test_the_model_predicate_is_tightened_but_only_for_charged_reactions[0-2] PASSED
test/rmgpy/i134DuplicateElectronsTest.py::TestTheUndeclaredOwnerContract::test_the_model_predicate_is_tightened_but_only_for_charged_reactions[0-3] PASSED
test/rmgpy/i134DuplicateElectronsTest.py::TestTheUndeclaredOwnerContract::test_the_model_predicate_is_tightened_but_only_for_charged_reactions[1--3] PASSED
test/rmgpy/i134DuplicateElectronsTest.py::TestTheUndeclaredOwnerContract::test_the_model_predicate_is_tightened_but_only_for_charged_reactions[1--2] PASSED
test/rmgpy/i134DuplicateElectronsTest.py::TestTheUndeclaredOwnerContract::test_the_model_predicate_is_tightened_but_only_for_charged_reactions[1--1] PASSED
test/rmgpy/i134DuplicateElectronsTest.py::TestTheUndeclaredOwnerContract::test_the_model_predicate_is_tightened_but_only_for_charged_reactions[1-0] PASSED
test/rmgpy/i134DuplicateElectronsTest.py::TestTheUndeclaredOwnerContract::test_the_model_predicate_is_tightened_but_only_for_charged_reactions[1-1] PASSED
test/rmgpy/i134DuplicateElectronsTest.py::TestTheUndeclaredOwnerContract::test_the_model_predicate_is_tightened_but_only_for_charged_reactions[1-2] PASSED
test/rmgpy/i134DuplicateElectronsTest.py::TestTheUndeclaredOwnerContract::test_the_model_predicate_is_tightened_but_only_for_charged_reactions[1-3] PASSED
test/rmgpy/i134DuplicateElectronsTest.py::TestTheUndeclaredOwnerContract::test_the_model_predicate_is_tightened_but_only_for_charged_reactions[2--3] PASSED
test/rmgpy/i134DuplicateElectronsTest.py::TestTheUndeclaredOwnerContract::test_the_model_predicate_is_tightened_but_only_for_charged_reactions[2--2] PASSED
test/rmgpy/i134DuplicateElectronsTest.py::TestTheUndeclaredOwnerContract::test_the_model_predicate_is_tightened_but_only_for_charged_reactions[2--1] PASSED
test/rmgpy/i134DuplicateElectronsTest.py::TestTheUndeclaredOwnerContract::test_the_model_predicate_is_tightened_but_only_for_charged_reactions[2-0] PASSED
test/rmgpy/i134DuplicateElectronsTest.py::TestTheUndeclaredOwnerContract::test_the_model_predicate_is_tightened_but_only_for_charged_reactions[2-1] PASSED
test/rmgpy/i134DuplicateElectronsTest.py::TestTheUndeclaredOwnerContract::test_the_model_predicate_is_tightened_but_only_for_charged_reactions[2-2] PASSED
test/rmgpy/i134DuplicateElectronsTest.py::TestTheUndeclaredOwnerContract::test_the_model_predicate_is_tightened_but_only_for_charged_reactions[2-3] PASSED
test/rmgpy/i134DuplicateElectronsTest.py::TestTheUndeclaredOwnerContract::test_the_model_predicate_is_tightened_but_only_for_charged_reactions[3--3] PASSED
test/rmgpy/i134DuplicateElectronsTest.py::TestTheUndeclaredOwnerContract::test_the_model_predicate_is_tightened_but_only_for_charged_reactions[3--2] PASSED
test/rmgpy/i134DuplicateElectronsTest.py::TestTheUndeclaredOwnerContract::test_the_model_predicate_is_tightened_but_only_for_charged_reactions[3--1] PASSED
test/rmgpy/i134DuplicateElectronsTest.py::TestTheUndeclaredOwnerContract::test_the_model_predicate_is_tightened_but_only_for_charged_reactions[3-0] PASSED
test/rmgpy/i134DuplicateElectronsTest.py::TestTheUndeclaredOwnerContract::test_the_model_predicate_is_tightened_but_only_for_charged_reactions[3-1] PASSED
test/rmgpy/i134DuplicateElectronsTest.py::TestTheUndeclaredOwnerContract::test_the_model_predicate_is_tightened_but_only_for_charged_reactions[3-2] PASSED
test/rmgpy/i134DuplicateElectronsTest.py::TestTheUndeclaredOwnerContract::test_the_model_predicate_is_tightened_but_only_for_charged_reactions[3-3] PASSED
test/rmgpy/i134DuplicateElectronsTest.py::TestTheUndeclaredOwnerContract::test_one_sided_declared_owners_also_sit_on_the_net_rule[Cation_R_Recombination] PASSED
test/rmgpy/i134DuplicateElectronsTest.py::TestTheUndeclaredOwnerContract::test_one_sided_declared_owners_also_sit_on_the_net_rule[PlasmaRadiativeRecombination] PASSED
test/rmgpy/i134DuplicateElectronsTest.py::TestTheUndeclaredOwnerContract::test_one_sided_declared_owners_also_sit_on_the_net_rule[Plasma_Associative_Ionization_Alkali_Alkali] PASSED
test/rmgpy/i134DuplicateElectronsTest.py::TestTheUndeclaredOwnerContract::test_one_sided_declared_owners_also_sit_on_the_net_rule[Plasma_Associative_Ionization_Alkali_Alkaline] PASSED
test/rmgpy/i134DuplicateElectronsTest.py::TestTheUndeclaredOwnerContract::test_one_sided_declared_owners_also_sit_on_the_net_rule[Plasma_Associative_Ionization_Alkaline_Alkaline] PASSED
test/rmgpy/i134DuplicateElectronsTest.py::TestTheUndeclaredOwnerContract::test_one_sided_declared_owners_also_sit_on_the_net_rule[Plasma_Electron_Attachment] PASSED
test/rmgpy/i134DuplicateElectronsTest.py::TestTheUndeclaredOwnerContract::test_one_sided_declared_owners_also_sit_on_the_net_rule[Plasma_Radiative_Recombination] PASSED
test/rmgpy/i134DuplicateElectronsTest.py::TestTheUndeclaredOwnerContract::test_the_two_sided_owner_is_the_only_one_that_moves PASSED
test/rmgpy/i134DuplicateElectronsTest.py::TestTheUndeclaredOwnerContract::test_a_reversed_declared_reaction_reports_swapped_counts PASSED
test/rmgpy/i134DuplicateElectronsTest.py::TestTheUndeclaredOwnerContract::test_a_reaction_contradicting_its_owner_falls_back_rather_than_raising PASSED
test/rmgpy/i134DuplicateElectronsTest.py::TestGenuineDuplicatesStillCollapse::test_identical_neutral_reactions_collapse PASSED
test/rmgpy/i134DuplicateElectronsTest.py::TestGenuineDuplicatesStillCollapse::test_a_neutral_reaction_and_its_reverse_collapse PASSED
test/rmgpy/i134DuplicateElectronsTest.py::TestGenuineDuplicatesStillCollapse::test_identical_charged_reactions_collapse PASSED
test/rmgpy/i134DuplicateElectronsTest.py::TestGenuineDuplicatesStillCollapse::test_a_charged_reaction_and_its_true_reverse_collapse PASSED
test/rmgpy/i134DuplicateElectronsTest.py::TestGenuineDuplicatesStillCollapse::test_a_different_collider_still_separates_otherwise_identical_reactions PASSED
test/rmgpy/i134DuplicateElectronsTest.py::TestGenuineDuplicatesStillCollapse::test_a_repeated_reaction_from_a_declared_owner_still_collapses PASSED
test/rmgpy/i134DuplicateElectronsTest.py::TestChargedFamilyReactionsAreNotConfused::test_the_family_is_charged_and_its_reactions_carry_the_declaration PASSED
test/rmgpy/i134DuplicateElectronsTest.py::TestChargedFamilyReactionsAreNotConfused::test_its_true_reverse_still_collapses PASSED
test/rmgpy/i134DuplicateElectronsTest.py::TestChargedFamilyReactionsAreNotConfused::test_the_same_direction_charge_reversal_survives PASSED
test/rmgpy/i134DuplicateElectronsTest.py::TestChargedFamilyReactionsAreNotConfused::test_the_neutral_transformation_over_the_same_heavy_species_survives PASSED
test/rmgpy/i134DuplicateElectronsTest.py::TestChargedFamilyReactionsAreNotConfused::test_the_model_keeps_both_through_the_real_path PASSED
test/rmgpy/i134DuplicateElectronsTest.py::TestLithiumChargeNetworkReachesTheModel::test_the_two_channels_are_not_a_reverse_pair FAILED
test/rmgpy/i134DuplicateElectronsTest.py::TestLithiumChargeNetworkReachesTheModel::test_both_channels_enter_the_model[True] FAILED
test/rmgpy/i134DuplicateElectronsTest.py::TestLithiumChargeNetworkReachesTheModel::test_both_channels_enter_the_model[False] FAILED
test/rmgpy/i134DuplicateElectronsTest.py::TestLithiumChargeNetworkReachesTheModel::test_the_cation_has_a_loss_channel_in_the_model FAILED
test/rmgpy/i134DuplicateElectronsTest.py::TestTheLibraryLoadLandmineIsNotReachedFromHere::test_a_loaded_entry_carries_no_owner PASSED
test/rmgpy/i134DuplicateElectronsTest.py::TestTheLibraryLoadLandmineIsNotReachedFromHere::test_the_owner_appears_when_the_entry_becomes_a_library_reaction FAILED
test/rmgpy/i134DuplicateElectronsTest.py::TestTheLibraryLoadLandmineIsNotReachedFromHere::test_one_library_carrying_both_channels_can_be_loaded XFAIL
test/rmgpy/i135ExportExitStatusTest.py::TestAFailedExportIsNotSilent::test_a_clean_run_records_no_failure_and_does_not_raise PASSED
test/rmgpy/i135ExportExitStatusTest.py::TestAFailedExportIsNotSilent::test_a_recorded_failure_fails_the_run PASSED
test/rmgpy/i135ExportExitStatusTest.py::TestAFailedExportIsNotSilent::test_execute_consults_the_record PASSED
test/rmgpy/i135ExportExitStatusTest.py::TestAFailedExportIsNotSilent::test_execute_still_runs_the_export_step PASSED
test/rmgpy/i135ExportExitStatusTest.py::TestAFailedExportIsNotSilent::test_the_export_steps_record_rather_than_swallow PASSED
test/rmgpy/i135ExportExitStatusTest.py::TestCompletionBannerFollowsTheExportCheck::test_report_precedes_the_banner_in_execute PASSED
test/rmgpy/i135ExportExitStatusTest.py::TestCompletionBannerFollowsTheExportCheck::test_a_recorded_failure_raises_before_any_completion_banner PASSED
test/rmgpy/i135TdepRoundTripTest.py::TestTheFileReadsBack::test_the_written_file_loads PASSED
test/rmgpy/i135TdepRoundTripTest.py::TestTheFileReadsBack::test_the_rate_comes_back_on_the_electron_temperature PASSED
test/rmgpy/i135TdepRoundTripTest.py::TestTheFileReadsBack::test_a_gas_temperature_reading_would_be_a_different_reaction PASSED
test/rmgpy/i135TdepRoundTripTest.py::TestTheFileReadsBack::test_every_plasma_rate_law_survives[voronov] PASSED
test/rmgpy/i135TdepRoundTripTest.py::TestTheFileReadsBack::test_every_plasma_rate_law_survives[badnell] PASSED
test/rmgpy/i135TdepRoundTripTest.py::TestTheFileReadsBack::test_every_plasma_rate_law_survives[electron-collision] PASSED
test/rmgpy/i135TdepRoundTripTest.py::TestTheFileReadsBack::test_every_plasma_rate_law_survives[two-temperature] PASSED
test/rmgpy/i135TdepRoundTripTest.py::TestWhatTheRoundTripStillLoses::test_the_electron_count_does_not_come_back PASSED
test/rmgpy/i135TdepRoundTripTest.py::TestWhatTheRoundTripStillLoses::test_the_original_functional_form_does_not_come_back PASSED
test/rmgpy/i135TdepRoundTripTest.py::TestRefusalsRatherThanGuesses::test_another_auxiliary_keyword_on_the_line_is_refused PASSED
test/rmgpy/i135TdepRoundTripTest.py::TestRefusalsRatherThanGuesses::test_tdep_on_a_species_that_is_not_the_electron_is_refused PASSED
test/rmgpy/i135TdepRoundTripTest.py::TestRefusalsRatherThanGuesses::test_tdep_on_an_unknown_species_is_refused PASSED
test/rmgpy/i135TdepRoundTripTest.py::TestRefusalsRatherThanGuesses::test_a_malformed_tdep_line_is_refused PASSED
test/rmgpy/i135TdepRoundTripTest.py::TestRefusalsRatherThanGuesses::test_tdep_combined_with_falloff_is_refused PASSED
test/rmgpy/i148SeedPlacementTest.py::OwnerRecoveryTest::test_seed_shaped_ionisation_recovers_its_declaration PASSED
test/rmgpy/i148SeedPlacementTest.py::OwnerRecoveryTest::test_restart_shaped_ionisation_recovers_its_declaration PASSED
test/rmgpy/i148SeedPlacementTest.py::OwnerRecoveryTest::test_seed_shaped_recombination_recovers_its_declaration PASSED
test/rmgpy/i148SeedPlacementTest.py::OwnerRecoveryTest::test_family_wins_over_library_provenance PASSED
test/rmgpy/i148SeedPlacementTest.py::OwnerRecoveryTest::test_undeclared_owner_still_uses_the_net_rule PASSED
test/rmgpy/i148SeedPlacementTest.py::OwnerRecoveryTest::test_no_owner_at_all_is_unchanged PASSED
test/rmgpy/i148SeedPlacementTest.py::SeedIdentityTest::test_seed_copy_of_ionisation_is_the_canonical_reaction PASSED
test/rmgpy/i148SeedPlacementTest.py::SeedIdentityTest::test_seed_copy_of_recombination_is_the_canonical_reaction PASSED
test/rmgpy/i148SeedPlacementTest.py::SeedIdentityTest::test_the_two_channels_do_not_collapse_into_one_reaction PASSED
test/rmgpy/i148SeedPlacementTest.py::SeedExportTest::test_expand_electrons_places_both_sides_for_seed_shaped_ionisation PASSED
test/rmgpy/i148SeedPlacementTest.py::SeedExportTest::test_expand_electrons_net_rule_untouched_for_undeclared_owner PASSED
test/rmgpy/i148SeedPlacementTest.py::SeedWriteWarningTest::test_survives_when_the_library_provenance_line_is_present PASSED
test/rmgpy/i148SeedPlacementTest.py::SeedWriteWarningTest::test_survives_when_the_rate_rule_family_lines_are_present PASSED
test/rmgpy/i148SeedPlacementTest.py::SeedWriteWarningTest::test_does_not_survive_without_parsed_provenance PASSED
test/rmgpy/i148SeedPlacementTest.py::SeedWriteWarningTest::test_warning_fires_for_an_unpreservable_declared_reaction PASSED
test/rmgpy/i148SeedPlacementTest.py::SeedWriteWarningTest::test_warning_silent_when_provenance_survives PASSED
test/rmgpy/i148SeedPlacementTest.py::SeedWriteWarningTest::test_warning_silent_for_an_undeclared_neutral_reaction PASSED
test/rmgpy/i167CanteraExportPathTest.py::TestPlasmaExportPath::test_the_mechanism_really_carries_tdep PASSED
test/rmgpy/i167CanteraExportPathTest.py::TestPlasmaExportPath::test_export_records_no_failure PASSED
test/rmgpy/i167CanteraExportPathTest.py::TestPlasmaExportPath::test_native_cantera_file_is_produced PASSED
test/rmgpy/i167CanteraExportPathTest.py::TestPlasmaExportPath::test_native_cantera_file_is_a_plasma PASSED
test/rmgpy/i167CanteraExportPathTest.py::TestPlasmaExportPath::test_translation_is_not_attempted PASSED
test/rmgpy/i167CanteraExportPathTest.py::TestPlasmaExportPath::test_the_skip_is_logged_and_explained PASSED
test/rmgpy/i167CanteraExportPathTest.py::TestNonPlasmaExportPathIsUntouched::test_translation_still_runs PASSED
test/rmgpy/i167CanteraExportPathTest.py::TestNonPlasmaExportPathIsUntouched::test_native_writer_still_runs_alongside_it PASSED
test/rmgpy/i167CanteraExportPathTest.py::TestNonPlasmaExportPathIsUntouched::test_nothing_is_logged_about_skipping PASSED
test/rmgpy/i167CanteraExportPathTest.py::TestDefaultConfigProducesNoArtifactAndSaysSo::test_records_an_export_failure PASSED
test/rmgpy/i167CanteraExportPathTest.py::TestDefaultConfigProducesNoArtifactAndSaysSo::test_the_recorded_failure_fails_the_run PASSED
test/rmgpy/i167CanteraExportPathTest.py::TestDefaultConfigProducesNoArtifactAndSaysSo::test_the_message_names_the_missing_artifact_and_the_fix PASSED
test/rmgpy/i167CanteraExportPathTest.py::TestDefaultConfigProducesNoArtifactAndSaysSo::test_no_cantera_file_exists_on_disk PASSED
test/rmgpy/i167CanteraExportPathTest.py::TestCantera2EnabledStillReportsSuccess::test_no_failure_and_message_kept PASSED
test/rmgpy/i167CanteraExportPathTest.py::TestStaleTranslationArtifactIsRemoved::test_planted_stale_chem_yaml_is_gone PASSED
test/rmgpy/i167CanteraExportPathTest.py::TestStaleTranslationArtifactIsRemoved::test_planted_stale_chem_edge_yaml_is_gone PASSED
test/rmgpy/i167CanteraExportPathTest.py::TestStaleTranslationArtifactIsRemoved::test_stale_file_is_removed_not_stripped_in_place PASSED
test/rmgpy/i167CanteraExportPathTest.py::TestStaleTranslationArtifactIsRemoved::test_planted_stale_chem_annotated_yaml_is_gone PASSED
test/rmgpy/i167CanteraExportPathTest.py::TestStaleTranslationArtifactIsRemoved::test_every_genuinely_translated_file_is_gone_after_a_reused_dir PASSED
test/rmgpy/i167CanteraExportPathTest.py::TestStaleTranslationArtifactIsRemoved::test_stale_comparison_report_is_gone PASSED
test/rmgpy/i167CanteraExportPathTest.py::TestPredicateMatchesWriterUnderMultiWrappers::test_wrapped_plasma_subrate_predicate_and_writer_agree_true PASSED
test/rmgpy/i167CanteraExportPathTest.py::TestPredicateMatchesWriterUnderMultiWrappers::test_wrapped_plain_subrate_predicate_and_writer_agree_false PASSED
test/rmgpy/i167CanteraExportPathTest.py::TestPredicateMatchesWriterUnderMultiWrappers::test_mechanism_predicate_sees_a_wrapped_plasma_reaction PASSED
test/rmgpy/i168BathGasInjectionTest.py::ReactorTypeProbeTest::test_plasma_reaction_system_is_detected PASSED
test/rmgpy/i168BathGasInjectionTest.py::ReactorTypeProbeTest::test_non_plasma_reaction_system_is_not_detected PASSED
test/rmgpy/i168BathGasInjectionTest.py::ReactorTypeProbeTest::test_mixed_reaction_systems_are_detected_but_are_not_all_plasma PASSED
test/rmgpy/i168BathGasInjectionTest.py::ReactorTypeProbeTest::test_no_reaction_systems_is_not_plasma PASSED
test/rmgpy/i168BathGasInjectionTest.py::GatePredicateProbeTest::test_pure_plasma_job_is_all_plasma PASSED
test/rmgpy/i168BathGasInjectionTest.py::GatePredicateProbeTest::test_pure_ordinary_job_is_not_all_plasma PASSED
test/rmgpy/i168BathGasInjectionTest.py::GatePredicateProbeTest::test_mixed_job_is_not_all_plasma PASSED
test/rmgpy/i168BathGasInjectionTest.py::GatePredicateProbeTest::test_no_reaction_systems_is_not_all_plasma PASSED
test/rmgpy/i168BathGasInjectionTest.py::PlasmaDeckGetsNoBathGasTest::test_argon_only_plasma_deck_stays_argon_only PASSED
test/rmgpy/i168BathGasInjectionTest.py::PlasmaDeckGetsNoBathGasTest::test_the_species_dictionary_gains_nothing_either PASSED
test/rmgpy/i168BathGasInjectionTest.py::NonPlasmaDeckStillGetsBathGasTest::test_simple_reactor_still_gets_all_four PASSED
test/rmgpy/i168BathGasInjectionTest.py::NonPlasmaDeckStillGetsBathGasTest::test_bath_gases_are_nonreactive_and_reach_the_core_first PASSED
test/rmgpy/i168BathGasInjectionTest.py::NonPlasmaDeckStillGetsBathGasTest::test_a_declared_bath_gas_is_not_duplicated PASSED
test/rmgpy/i168BathGasInjectionTest.py::MixedJobKeepsBathGasesTest::test_mixed_job_gets_bath_gases_pure_plasma_does_not PASSED
test/rmgpy/i168BathGasInjectionTest.py::PDepInertCheckIsPerReactionSystemTest::test_early_system_without_inert_is_caught PASSED
test/rmgpy/i168BathGasInjectionTest.py::PDepInertCheckIsPerReactionSystemTest::test_all_systems_with_an_inert_pass PASSED
test/rmgpy/i168BathGasInjectionTest.py::CoreMembershipTest::test_plasma_core_holds_only_what_the_deck_declared PASSED
test/rmgpy/i168BathGasInjectionTest.py::CoreMembershipTest::test_non_plasma_core_still_leads_with_all_four PASSED
test/rmgpy/i172ElectronCensusTest.py::test_electron_impact_ionisation_balances_by_charge PASSED
test/rmgpy/i172ElectronCensusTest.py::test_half_written_ionisation_balances_by_charge PASSED
test/rmgpy/i172ElectronCensusTest.py::test_recombination_balances_by_charge PASSED
test/rmgpy/i172ElectronCensusTest.py::test_three_body_recombination_balances_by_charge PASSED
test/rmgpy/i172ElectronCensusTest.py::test_electron_gain_without_charge_change_is_still_refused PASSED
test/rmgpy/i172ElectronCensusTest.py::test_electron_loss_without_charge_change_is_still_refused PASSED
test/rmgpy/i172ElectronCensusTest.py::test_ionisation_with_the_wrong_number_of_electrons_is_still_refused PASSED
test/rmgpy/i172ElectronCensusTest.py::test_charge_non_conserving_reaction_without_electrons_is_still_refused PASSED
test/rmgpy/i172ElectronCensusTest.py::test_heavy_element_mismatch_is_still_refused PASSED
test/rmgpy/i172ElectronCensusTest.py::test_scalar_electrons_are_still_folded_into_the_charge_comparison PASSED
test/rmgpy/i172ElectronCensusTest.py::test_charge_conserving_electron_change_implies_matching_ionisation[reactants0-products0-1-1] PASSED
test/rmgpy/i172ElectronCensusTest.py::test_charge_conserving_electron_change_implies_matching_ionisation[reactants1-products1-1-1] PASSED
test/rmgpy/i172ElectronCensusTest.py::test_charge_conserving_electron_change_implies_matching_ionisation[reactants2-products2--1--1] PASSED
test/rmgpy/i172ElectronCensusTest.py::test_charge_conserving_electron_change_implies_matching_ionisation[reactants3-products3--1--1] PASSED
test/rmgpy/i178TwoTempElectronsTest.py::TestTwoTemperaturePlasmaElectronField::test_default_is_zero_generic_form_asserts_no_electron_change PASSED
test/rmgpy/i178TwoTempElectronsTest.py::TestTwoTemperaturePlasmaElectronField::test_declared_net_is_signed_and_stored PASSED
test/rmgpy/i178TwoTempElectronsTest.py::TestTwoTemperaturePlasmaElectronField::test_field_survives_pickle_roundtrip PASSED
test/rmgpy/i178TwoTempElectronsTest.py::TestTwoTemperaturePlasmaElectronField::test_repr_emits_nonzero_electrons_only PASSED
test/rmgpy/i178TwoTempElectronsTest.py::TestTwoTemperaturePlasmaElectronField::test_electrons_distinguishes_identity PASSED
test/rmgpy/i178TwoTempElectronsTest.py::TestTwoTemperaturePlasmaElectronField::test_registered_as_a_net_electron_kinetics_class PASSED
test/rmgpy/i178TwoTempElectronsTest.py::TestLoaderGate::test_undeclared_electron_change_is_refused_as_unbalanced PASSED
test/rmgpy/i178TwoTempElectronsTest.py::TestLoaderGate::test_declared_electron_change_loads_with_correct_stoichiometry PASSED
test/rmgpy/i178TwoTempElectronsTest.py::TestResolverGate::test_matching_two_temp_net_is_accepted_as_a_third_source PASSED
test/rmgpy/i178TwoTempElectronsTest.py::TestResolverGate::test_disagreeing_two_temp_net_is_refused PASSED
test/rmgpy/i178TwoTempElectronsTest.py::TestResolverGate::test_charge_transfer_electron_field_stays_fatal PASSED
test/rmgpy/i190ChargeAwareResolutionTest.py::TestIsIsomorphicSameCharge::test_opposite_charges_do_not_match PASSED
test/rmgpy/i190ChargeAwareResolutionTest.py::TestIsIsomorphicSameCharge::test_cation_and_neutral_do_not_match PASSED
test/rmgpy/i190ChargeAwareResolutionTest.py::TestIsIsomorphicSameCharge::test_same_charge_isomorph_matches PASSED
test/rmgpy/i190ChargeAwareResolutionTest.py::TestIsIsomorphicSameCharge::test_accepts_molecule_on_right PASSED
test/rmgpy/i190ChargeAwareResolutionTest.py::TestIsIsomorphicSameCharge::test_different_skeleton_does_not_match_even_at_equal_charge PASSED
test/rmgpy/i190ChargeAwareResolutionTest.py::TestSameSpeciesListsChargeAware::test_charge_swapped_lists_are_not_the_same PASSED
test/rmgpy/i190ChargeAwareResolutionTest.py::TestSameSpeciesListsChargeAware::test_reordered_same_charge_lists_still_match PASSED
test/rmgpy/i190ChargeAwareResolutionTest.py::TestSameSpeciesListsChargeAware::test_neutral_lists_are_unaffected PASSED
test/rmgpy/i190ChargeAwareResolutionTest.py::TestSameSpeciesListsChargeAware::test_reaction_isomorphic_distinguishes_charge_swapped_channels PASSED
test/rmgpy/i198RmgrcGuardTest.py::I198RmgrcGuardTest::test_ini_section_spelling_refused PASSED
test/rmgpy/i198RmgrcGuardTest.py::I198RmgrcGuardTest::test_typoed_key_refused PASSED
test/rmgpy/i198RmgrcGuardTest.py::I198RmgrcGuardTest::test_unrelated_key_refused PASSED
test/rmgpy/i198RmgrcGuardTest.py::I198RmgrcGuardTest::test_missing_file_still_refused PASSED
test/rmgpy/i198RmgrcGuardTest.py::I198RmgrcGuardTest::test_nonexistent_directory_still_refused PASSED
test/rmgpy/i198RmgrcGuardTest.py::I198RmgrcGuardTest::test_correctly_spelled_resolves PASSED
test/rmgpy/i198RmgrcGuardTest.py::I198RmgrcGuardTest::test_programmatic_set_not_refused PASSED
test/rmgpy/i209SourcePriorityTest.py::TestSourcePriorityIsOrdering::test_identity_ignores_kinetics_and_provenance PASSED
test/rmgpy/i209SourcePriorityTest.py::TestSourcePriorityIsOrdering::test_sourced_value_wins_when_registered_first PASSED
test/rmgpy/i209SourcePriorityTest.py::TestSourcePriorityIsOrdering::test_later_registrant_discarded_regardless_of_kinetics PASSED
test/rmgpy/i209SourcePriorityTest.py::TestSourcePriorityIsOrdering::test_make_new_reaction_returns_the_incumbent_estimate PASSED
test/rmgpy/i209SourcePriorityTest.py::TestSourcePriorityIsOrdering::test_edge_pruning_erases_a_library_incumbent PASSED
test/rmgpy/i209SourcePriorityTest.py::TestSourcePriorityIsOrdering::test_library_vs_library_collision_is_identity_confirmed PASSED
test/rmgpy/i244ChemkinDuplicateElectronTest.py::TestElectronPlacementSeparatesDuplicates::test_two_owners_of_one_ionisation_channel_are_not_duplicates PASSED
test/rmgpy/i244ChemkinDuplicateElectronTest.py::TestElectronPlacementSeparatesDuplicates::test_matching_placement_is_still_a_duplicate PASSED
test/rmgpy/i244ChemkinDuplicateElectronTest.py::TestThreeBodyRecombinationShape::test_the_duplicate_check_separates_the_pair PASSED
test/rmgpy/i244ChemkinDuplicateElectronTest.py::TestThreeBodyRecombinationShape::test_the_export_boundary_refuses_a_reversed_declared_reaction PASSED
test/rmgpy/i244ChemkinDuplicateElectronTest.py::TestThreeBodyRecombinationShape::test_an_undeclared_three_body_owner_is_still_folded_onto_the_radiative_channel PASSED
test/rmgpy/i244ChemkinDuplicateElectronTest.py::TestOrdinaryDuplicateHandlingIsUntouched::test_neutral_duplicate_pair_is_still_marked PASSED
test/rmgpy/i244ChemkinDuplicateElectronTest.py::TestOrdinaryDuplicateHandlingIsUntouched::test_opposite_direction_irreversible_branch_still_unmarks PASSED
test/rmgpy/i244ChemkinDuplicateElectronTest.py::TestOrdinaryDuplicateHandlingIsUntouched::test_mixed_pressure_dependence_branch_still_unmarks PASSED
test/rmgpy/i244ChemkinDuplicateElectronTest.py::TestDuplicateIsAGroupPredicate::test_a_pre_marked_placement_mismatched_pair_is_cleared PASSED
test/rmgpy/i244ChemkinDuplicateElectronTest.py::TestDuplicateIsAGroupPredicate::test_a_cross_group_comparison_does_not_clear_another_groups_flags PASSED
test/rmgpy/i244ChemkinDuplicateElectronTest.py::TestDuplicateIsAGroupPredicate::test_a_lone_flag_that_names_no_mate_is_cleared PASSED
test/rmgpy/i244ChemkinDuplicateElectronTest.py::TestDuplicateIsAGroupPredicate::test_a_pre_marked_mixed_reversibility_pair_is_cleared PASSED
test/rmgpy/i244ChemkinDuplicateElectronTest.py::TestDuplicateIsAGroupPredicate::test_the_verdict_does_not_depend_on_the_flags_it_arrives_with PASSED
test/rmgpy/i244ChemkinDuplicateElectronTest.py::TestDuplicateIsAGroupPredicate::test_the_production_save_path_recomputes_the_flags PASSED
test/rmgpy/i244ChemkinDuplicateElectronTest.py::TestPlacementTruthTable::test_same_direction_rows[0-0-NeutralLibA-NeutralLibB-True-(0, 0) vs (0, 0) -- all neutral chemistry, unchanged] PASSED
test/rmgpy/i244ChemkinDuplicateElectronTest.py::TestPlacementTruthTable::test_same_direction_rows[1-1-PlasmaElectronImpactIonization-PlasmaElectronImpactIonization-True-(1, 2) vs (1, 2) -- a genuine duplicate of a declared channel] PASSED
test/rmgpy/i244ChemkinDuplicateElectronTest.py::TestPlacementTruthTable::test_same_direction_rows[1-1-AnUndeclaredKineticsLibrary-AnotherUndeclaredLibrary-True-(0, 1) vs (0, 1) -- a genuine duplicate under the net-derived rule] PASSED
test/rmgpy/i244ChemkinDuplicateElectronTest.py::TestPlacementTruthTable::test_same_direction_rows[1-1-PlasmaElectronImpactIonization-AnUndeclaredKineticsLibrary-False-(1, 2) vs (0, 1) -- equal net count, different incident order] PASSED
test/rmgpy/i244ChemkinDuplicateElectronTest.py::TestPlacementTruthTable::test_same_direction_rows[1-1-AnUndeclaredKineticsLibrary-PlasmaElectronImpactIonization-False-(0, 1) vs (1, 2) -- the same row with the arguments swapped] PASSED
test/rmgpy/i244ChemkinDuplicateElectronTest.py::TestTheAnswerBelongsToTheDeck::test_a_permuted_pair_is_not_cleared_into_a_deck_cantera_rejects PASSED
test/rmgpy/i244ChemkinDuplicateElectronTest.py::TestTheAnswerBelongsToTheDeck::test_the_lone_flag_case_still_clears PASSED
test/rmgpy/i244ChemkinDuplicateElectronTest.py::TestTheAnswerBelongsToTheDeck::test_a_render_leaves_every_reactions_flag_exactly_as_it_found_it PASSED
test/rmgpy/i244ChemkinDuplicateElectronTest.py::TestTheAnswerBelongsToTheDeck::test_a_core_plus_edge_save_does_not_store_its_answer_on_the_reactions PASSED
test/rmgpy/i244ChemkinDuplicateElectronTest.py::TestTheAnswerBelongsToTheDeck::test_a_generator_of_reactions_is_written_not_consumed PASSED
test/rmgpy/i244ChemkinDuplicateElectronTest.py::TestTheAnswerBelongsToTheDeck::test_a_cross_class_pair_is_not_cleared_into_a_deck_cantera_rejects PASSED
test/rmgpy/i244ChemkinDuplicateElectronTest.py::TestTheAnswerBelongsToTheDeck::test_a_three_body_is_not_grouped_with_a_falloff_that_writes_another_equation PASSED
test/rmgpy/i244ChemkinDuplicateElectronTest.py::TestProductionMarkingDoesNotReachTheCanteraWriter::test_the_production_marking_this_rests_on_really_marks PASSED
test/rmgpy/i244ChemkinDuplicateElectronTest.py::TestProductionMarkingDoesNotReachTheCanteraWriter::test_the_pairwise_marking_production_uses_agrees_with_the_group_key PASSED
test/rmgpy/i244ChemkinDuplicateElectronTest.py::TestProductionMarkingDoesNotReachTheCanteraWriter::test_a_core_only_cantera_export_is_loadable_after_production_marking PASSED
test/rmgpy/i244ChemkinDuplicateElectronTest.py::TestProductionMarkingDoesNotReachTheCanteraWriter::test_a_chemkin_render_does_not_launder_the_production_marks PASSED
test/rmgpy/i244ChemkinDuplicateElectronTest.py::TestEveryRegisteredCanteraWriterKeysItsOwnList::test_writer1_core_only_export_is_loadable_after_production_marking PASSED
test/rmgpy/i244ChemkinDuplicateElectronTest.py::TestEveryRegisteredCanteraWriterKeysItsOwnList::test_writer1_does_not_split_a_cross_class_pair_it_renders_alike PASSED
test/rmgpy/i244ChemkinDuplicateElectronTest.py::TestEveryRegisteredCanteraWriterKeysItsOwnList::test_writer1_refuses_a_collider_it_cannot_put_in_the_equation PASSED
test/rmgpy/i244ChemkinDuplicateElectronTest.py::TestAMultiWrapperHoldingOneEntryIsNotADuplicate::test_the_chemkin_deck_cantera_converts_also_loads[MultiArrhenius] PASSED
test/rmgpy/i244ChemkinDuplicateElectronTest.py::TestAMultiWrapperHoldingOneEntryIsNotADuplicate::test_the_chemkin_deck_cantera_converts_also_loads[MultiPDepArrhenius] PASSED
test/rmgpy/i244ChemkinDuplicateElectronTest.py::TestAMultiWrapperHoldingOneEntryIsNotADuplicate::test_both_cantera_writers_load[MultiArrhenius] PASSED
test/rmgpy/i244ChemkinDuplicateElectronTest.py::TestAMultiWrapperHoldingOneEntryIsNotADuplicate::test_both_cantera_writers_load[MultiPDepArrhenius] PASSED
test/rmgpy/i244ChemkinDuplicateElectronTest.py::TestAMultiWrapperHoldingOneEntryIsNotADuplicate::test_a_two_leaf_wrapper_is_still_marked PASSED
test/rmgpy/i244ChemkinDuplicateElectronTest.py::TestAMultiWrapperHoldingOneEntryIsNotADuplicate::test_a_one_leaf_wrapper_that_IS_a_group_duplicate_is_still_marked PASSED
test/rmgpy/i244ChemkinDuplicateElectronTest.py::TestAMultiWrapperHoldingOneEntryIsNotADuplicate::test_to_cantera_alone_does_not_mark_a_one_leaf_wrapper PASSED
test/rmgpy/plasmaExportTest.py::TestCanteraRoundTrip::test_reaction_count_survives PASSED
test/rmgpy/plasmaExportTest.py::TestCanteraRoundTrip::test_two_temperature_plasma_parameters PASSED
test/rmgpy/plasmaExportTest.py::TestCanteraRoundTrip::test_electron_collision_plasma_parameters PASSED
test/rmgpy/plasmaExportTest.py::TestCanteraRoundTrip::test_badnell_and_voronov_parameters[2] PASSED
test/rmgpy/plasmaExportTest.py::TestCanteraRoundTrip::test_badnell_and_voronov_parameters[3] PASSED
test/rmgpy/plasmaExportTest.py::TestCanteraRoundTrip::test_badnell_and_voronov_rate_is_electron_temperature_only PASSED
test/rmgpy/plasmaExportTest.py::TestCanteraRoundTrip::test_ionization_is_first_order_in_the_electron PASSED
test/rmgpy/plasmaExportTest.py::TestCanteraRoundTrip::test_plain_arrhenius_still_correct PASSED
test/rmgpy/plasmaExportTest.py::TestUnhandledKineticsFailsLoudly::test_cantera_writer_raises_and_writes_no_file_with_the_reaction PASSED
test/rmgpy/plasmaExportTest.py::TestUnhandledKineticsFailsLoudly::test_chemkin_writer_raises_and_writes_no_file_with_the_reaction PASSED
test/rmgpy/plasmaExportTest.py::TestUnhandledKineticsFailsLoudly::test_no_opt_out_downgrades_it_to_a_warning PASSED
test/rmgpy/plasmaExportTest.py::TestElectronBalance::test_cantera_equations_carry_the_electron PASSED
test/rmgpy/plasmaExportTest.py::TestElectronBalance::test_cantera_reactions_balance_in_E PASSED
test/rmgpy/plasmaExportTest.py::TestElectronBalance::test_chemkin_equations_carry_the_electron PASSED
test/rmgpy/plasmaExportTest.py::TestElectronBalance::test_unbalanced_E_is_caught_by_the_same_loud_path PASSED
test/rmgpy/plasmaExportTest.py::TestElectronBalance::test_missing_electron_species_is_caught PASSED
test/rmgpy/plasmaExportTest.py::TestElectronBalance::test_electron_density_dependence_without_a_reactant_electron_is_caught PASSED
test/rmgpy/plasmaExportTest.py::TestBothWriters::test_chemkin_writes_every_plasma_reaction_with_real_parameters PASSED
test/rmgpy/plasmaExportTest.py::TestBothWriters::test_chemkin_plasma_rate_matches_the_rmg_object PASSED
test/rmgpy/plasmaExportTest.py::TestBothWriters::test_both_writers_agree_on_which_reactions_exist PASSED
test/rmgpy/plasmaExportTest.py::TestBothWriters::test_write_kinetics_entry_raises_for_unhandled_type PASSED
test/rmgpy/plasmaExportTest.py::TestChargeTransferKinetics::test_inert_surface_charge_transfer_round_trips_in_cantera PASSED
test/rmgpy/plasmaExportTest.py::TestChargeTransferKinetics::test_live_surface_charge_transfer_is_refused_in_cantera PASSED
test/rmgpy/plasmaExportTest.py::TestChargeTransferKinetics::test_cantera_never_writes_a_beta_that_cantera_would_discard PASSED
test/rmgpy/plasmaExportTest.py::TestChargeTransferKinetics::test_inertness_rule_in_both_writers[0.0--1-72.0-True] PASSED
test/rmgpy/plasmaExportTest.py::TestChargeTransferKinetics::test_inertness_rule_in_both_writers[0.62-0-72.0-True] PASSED
test/rmgpy/plasmaExportTest.py::TestChargeTransferKinetics::test_inertness_rule_in_both_writers[0.62--1-72.0-False] PASSED
test/rmgpy/plasmaExportTest.py::TestChargeTransferKinetics::test_inertness_rule_in_both_writers[0.0--1--5.0-False] PASSED
test/rmgpy/plasmaExportTest.py::TestChargeTransferKinetics::test_marcus_is_refused_by_both_writers PASSED
test/rmgpy/plasmaExportTest.py::TestMultiKineticsCarryElectrons::test_multi_arrhenius[-1-cm^3/(mol*s)-O(4) + e(1) => O-(5)] PASSED
test/rmgpy/plasmaExportTest.py::TestMultiKineticsCarryElectrons::test_multi_arrhenius[1-s^-1-O-(5) => O(4) + e(1)] PASSED
test/rmgpy/plasmaExportTest.py::TestMultiKineticsCarryElectrons::test_multi_pdep_arrhenius[-1-O(4) + e(1) => O-(5)] PASSED
test/rmgpy/plasmaExportTest.py::TestMultiKineticsCarryElectrons::test_multi_pdep_arrhenius[1-O-(5) => O(4) + e(1)] PASSED
test/rmgpy/plasmaExportTest.py::TestWritersAgreeOnMissingElectronSpecies::test_both_refuse_plasma_kinetics_with_no_electron_species PASSED
test/rmgpy/plasmaExportTest.py::TestWrongReactionOrderGuard::test_electron_impact_without_an_electron_reactant_is_caught[1-ElectronCollisionPlasma] PASSED
test/rmgpy/plasmaExportTest.py::TestWrongReactionOrderGuard::test_electron_impact_without_an_electron_reactant_is_caught[0-TwoTemperaturePlasma] PASSED
test/rmgpy/plasmaExportTest.py::TestWrongReactionOrderGuard::test_the_five_reaction_plasma_fixture_still_exports PASSED
test/rmgpy/plasmaExportTest.py::TestFailedExportLeavesNothing::test_chemkin_leaves_no_partial_file_and_no_dirty_counter PASSED
test/rmgpy/plasmaExportTest.py::TestFailedExportLeavesNothing::test_chemkin_does_not_clobber_an_existing_good_file PASSED
test/rmgpy/plasmaExportTest.py::TestFailedExportLeavesNothing::test_counter_is_cleared_after_a_successful_export_too PASSED
test/rmgpy/plasmaExportTest.py::TestFailedExportLeavesNothing::test_cantera_leaves_no_partial_file PASSED
test/rmgpy/plasmaExportTest.py::TestWritersAgreeOnTheRate::test_both_writers_evaluate_to_the_same_rate[Arrhenius] PASSED
test/rmgpy/plasmaExportTest.py::TestWritersAgreeOnTheRate::test_both_writers_evaluate_to_the_same_rate[ThirdBody] PASSED
test/rmgpy/plasmaExportTest.py::TestWritersAgreeOnTheRate::test_both_writers_evaluate_to_the_same_rate[Troe] PASSED
test/rmgpy/plasmaExportTest.py::TestWritersAgreeOnTheRate::test_both_writers_evaluate_to_the_same_rate[Lindemann] PASSED
test/rmgpy/plasmaExportTest.py::TestWritersAgreeOnTheRate::test_both_writers_evaluate_to_the_same_rate[PDepArrhenius] PASSED
test/rmgpy/plasmaExportTest.py::TestWritersAgreeOnTheRate::test_both_writers_evaluate_to_the_same_rate[MultiArrhenius] PASSED
test/rmgpy/plasmaExportTest.py::TestWritersAgreeOnTheRate::test_both_writers_evaluate_to_the_same_rate[ArrheniusChargeTransfer] PASSED
test/rmgpy/plasmaExportTest.py::TestWritersAgreeOnTheRate::test_exported_rate_does_not_depend_on_the_reference_temperature[Arrhenius] PASSED
test/rmgpy/plasmaExportTest.py::TestWritersAgreeOnTheRate::test_exported_rate_does_not_depend_on_the_reference_temperature[ThirdBody] PASSED
test/rmgpy/plasmaExportTest.py::TestWritersAgreeOnTheRate::test_exported_rate_does_not_depend_on_the_reference_temperature[Troe] PASSED
test/rmgpy/plasmaExportTest.py::TestWritersAgreeOnTheRate::test_exported_rate_does_not_depend_on_the_reference_temperature[Lindemann] PASSED
test/rmgpy/plasmaExportTest.py::TestWritersAgreeOnTheRate::test_exported_rate_does_not_depend_on_the_reference_temperature[PDepArrhenius] PASSED
test/rmgpy/plasmaExportTest.py::TestWritersAgreeOnTheRate::test_exported_rate_does_not_depend_on_the_reference_temperature[MultiArrhenius] PASSED
test/rmgpy/plasmaExportTest.py::TestWritersAgreeOnTheRate::test_exported_rate_does_not_depend_on_the_reference_temperature[ArrheniusChargeTransfer] PASSED
test/rmgpy/plasmaExportTest.py::TestWritersAgreeOnTheRate::test_exported_rate_does_not_depend_on_the_reference_temperature[StickingCoefficient] PASSED
test/rmgpy/plasmaExportTest.py::TestWritersAgreeOnTheRate::test_exported_rate_does_not_depend_on_the_reference_temperature[SurfaceArrhenius] PASSED
test/rmgpy/plasmaExportTest.py::TestWritersAgreeOnTheRate::test_exported_rate_does_not_depend_on_the_reference_temperature[SurfaceChargeTransfer] PASSED
test/rmgpy/plasmaExportTest.py::TestConventionalReferenceTemperatureIsUnchanged::test_the_goldens_are_mechanisms_cantera_can_load PASSED
test/rmgpy/plasmaExportTest.py::TestConventionalReferenceTemperatureIsUnchanged::test_gas_export_is_byte_identical_to_the_base_commit PASSED
test/rmgpy/plasmaExportTest.py::TestConventionalReferenceTemperatureIsUnchanged::test_surface_export_is_byte_identical_to_the_base_commit PASSED
test/rmgpy/plasmaExportTest.py::TestConventionalReferenceTemperatureIsUnchanged::test_the_goldens_really_do_use_the_conventional_reference_temperature PASSED
test/rmgpy/plasmaExportTest.py::TestCanteraWriteIsAtomic::test_a_failure_inside_the_dump_leaves_the_previous_file_intact PASSED
test/rmgpy/plasmaExportTest.py::TestCanteraWriteIsAtomic::test_a_failure_inside_the_dump_creates_no_file_where_there_was_none PASSED
test/rmgpy/plasmaExportTest.py::TestChemkinOutputSetIsCoherent::test_a_full_export_writes_the_whole_set PASSED
test/rmgpy/plasmaExportTest.py::TestChemkinOutputSetIsCoherent::test_a_failure_on_a_later_file_leaves_the_earlier_ones_untouched PASSED
test/rmgpy/plasmaExportTest.py::TestChemkinOutputSetIsCoherent::test_a_failure_on_a_later_file_writes_nothing_at_all_the_first_time PASSED
test/rmgpy/plasmaExportTest.py::TestMultiKineticsReconstructionKeepsTheReaction::test_every_component_keeps_index_collider_pairs_and_electrons PASSED
test/rmgpy/plasmaExportTest.py::TestMultiKineticsReconstructionKeepsTheReaction::test_a_grouped_reaction_with_an_unrenderable_collider_is_refused PASSED
test/rmgpy/plasmaExportTest.py::TestMultiKineticsReconstructionKeepsTheReaction::test_a_grouped_third_body_reaction_keeps_its_collider_in_the_equation PASSED
test/rmgpy/preflightDeckFamilyExclusionTest.py::PlasmaDeckDiscoveryTest::test_plasma_decks_are_found PASSED
test/rmgpy/preflightDeckFamilyExclusionTest.py::PlasmaDeckDiscoveryTest::test_known_plasma_decks_still_discovered PASSED
test/rmgpy/preflightDeckFamilyExclusionTest.py::PlasmaDeckDiscoveryTest::test_sei_deck_is_not_classified_as_plasma PASSED
test/rmgpy/preflightDeckFamilyExclusionTest.py::QuarantineDemonstrationDeckExemptionTest::test_exemption_set_is_not_empty PASSED
test/rmgpy/preflightDeckFamilyExclusionTest.py::QuarantineDemonstrationDeckExemptionTest::test_exempted_deck_is_a_discovered_plasma_deck[docs/i102-quarantine/input.py] PASSED
test/rmgpy/preflightDeckFamilyExclusionTest.py::QuarantineDemonstrationDeckExemptionTest::test_exempted_deck_still_declares_the_family[docs/i102-quarantine/input.py] PASSED
test/rmgpy/preflightDeckFamilyExclusionTest.py::PlasmaDeckFamilyExclusionTest::test_plasma_deck_does_not_declare_family[docs/i123-integration/input.py] PASSED
test/rmgpy/preflightDeckFamilyExclusionTest.py::PlasmaDeckFamilyExclusionTest::test_plasma_deck_does_not_declare_family[docs/i123e-audit/evidence/input_rmsyaml_true.py] PASSED
test/rmgpy/preflightDeckFamilyExclusionTest.py::PlasmaDeckFamilyExclusionTest::test_plasma_deck_does_not_declare_family[docs/i169-charge-neutral/after-neutral/input.py] PASSED
test/rmgpy/preflightDeckFamilyExclusionTest.py::PlasmaDeckFamilyExclusionTest::test_plasma_deck_does_not_declare_family[docs/i169-charge-neutral/after-nonneutral/input.py] PASSED
test/rmgpy/preflightDeckFamilyExclusionTest.py::PlasmaDeckFamilyExclusionTest::test_plasma_deck_does_not_declare_family[docs/i169-charge-neutral/before-nonneutral/input.py] PASSED
test/rmgpy/preflightDeckFamilyExclusionTest.py::PlasmaDeckFamilyExclusionTest::test_plasma_deck_does_not_declare_family[docs/i170-steady-state/design-case-lithium.py] PASSED
test/rmgpy/preflightDeckFamilyExclusionTest.py::PlasmaDeckFamilyExclusionTest::test_plasma_deck_does_not_declare_family[docs/i194-ar5torr-plasma-lineage/input.py] PASSED
test/rmgpy/preflightDeckFamilyExclusionTest.py::PlasmaDeckFamilyExclusionTest::test_plasma_deck_does_not_declare_family[docs/m7-preflight/input.py] PASSED
test/rmgpy/preflightDeckFamilyExclusionTest.py::PlasmaDeckFamilyExclusionTest::test_plasma_deck_does_not_declare_family[docs/m7-preflight/input_placement.py] PASSED
test/rmgpy/preflightDeckFamilyExclusionTest.py::PlasmaDeckFamilyExclusionTest::test_plasma_deck_does_not_declare_family[docs/m7-preflight/input_secondary.py] PASSED
test/rmgpy/preflightDeckFamilyExclusionTest.py::PlasmaDeckFamilyExclusionTest::test_plasma_deck_generates_no_reaction_from_family[docs/i123-integration/input.py] PASSED
test/rmgpy/preflightDeckFamilyExclusionTest.py::PlasmaDeckFamilyExclusionTest::test_plasma_deck_generates_no_reaction_from_family[docs/i123e-audit/evidence/input_rmsyaml_true.py] PASSED
test/rmgpy/preflightDeckFamilyExclusionTest.py::PlasmaDeckFamilyExclusionTest::test_plasma_deck_generates_no_reaction_from_family[docs/i169-charge-neutral/after-neutral/input.py] PASSED
test/rmgpy/preflightDeckFamilyExclusionTest.py::PlasmaDeckFamilyExclusionTest::test_plasma_deck_generates_no_reaction_from_family[docs/i169-charge-neutral/after-nonneutral/input.py] PASSED
test/rmgpy/preflightDeckFamilyExclusionTest.py::PlasmaDeckFamilyExclusionTest::test_plasma_deck_generates_no_reaction_from_family[docs/i169-charge-neutral/before-nonneutral/input.py] PASSED
test/rmgpy/preflightDeckFamilyExclusionTest.py::PlasmaDeckFamilyExclusionTest::test_plasma_deck_generates_no_reaction_from_family[docs/i170-steady-state/design-case-lithium.py] PASSED
test/rmgpy/preflightDeckFamilyExclusionTest.py::PlasmaDeckFamilyExclusionTest::test_plasma_deck_generates_no_reaction_from_family[docs/i194-ar5torr-plasma-lineage/input.py] PASSED
test/rmgpy/preflightDeckFamilyExclusionTest.py::PlasmaDeckFamilyExclusionTest::test_plasma_deck_generates_no_reaction_from_family[docs/m7-preflight/input.py] PASSED
test/rmgpy/preflightDeckFamilyExclusionTest.py::PlasmaDeckFamilyExclusionTest::test_plasma_deck_generates_no_reaction_from_family[docs/m7-preflight/input_placement.py] PASSED
test/rmgpy/preflightDeckFamilyExclusionTest.py::PlasmaDeckFamilyExclusionTest::test_plasma_deck_generates_no_reaction_from_family[docs/m7-preflight/input_secondary.py] PASSED
test/rmgpy/preflightDeckFamilyExclusionTest.py::ElectrochemicalFamilyPreservedTest::test_sei_deck_still_declares_family PASSED
test/rmgpy/preflightDeckFamilyExclusionTest.py::ElectrochemicalFamilyPreservedTest::test_family_still_generates_the_sei_reaction PASSED
test/rmgpy/quantityTest.py::TestAcceleration::test_mpers2 PASSED
test/rmgpy/quantityTest.py::TestAcceleration::test_cmpers2 PASSED
test/rmgpy/quantityTest.py::TestArea::test_m2 PASSED
test/rmgpy/quantityTest.py::TestArea::test_cm2 PASSED
test/rmgpy/quantityTest.py::TestConcentration::test_perm3 PASSED
test/rmgpy/quantityTest.py::TestConcentration::test_molperm3 PASSED
test/rmgpy/quantityTest.py::TestConcentration::test_moleculesperm3 PASSED
test/rmgpy/quantityTest.py::TestEnergy::test_joule PASSED
test/rmgpy/quantityTest.py::TestEnergy::test_joule_per_mol PASSED
test/rmgpy/quantityTest.py::TestEnergy::test_cal PASSED
test/rmgpy/quantityTest.py::TestEnergy::test_calpermol PASSED
test/rmgpy/quantityTest.py::TestEnergy::test_kj PASSED
test/rmgpy/quantityTest.py::TestEnergy::test_kj_per_mol PASSED
test/rmgpy/quantityTest.py::TestEnergy::test_kcal PASSED
test/rmgpy/quantityTest.py::TestEnergy::test_kcal_per_mol PASSED
test/rmgpy/quantityTest.py::TestEnergy::test_kelvin PASSED
test/rmgpy/quantityTest.py::TestDipoleMoment::test_coulomb_meter PASSED
test/rmgpy/quantityTest.py::TestDipoleMoment::test_debye PASSED
test/rmgpy/quantityTest.py::TestFlux::test_perm2pers PASSED
test/rmgpy/quantityTest.py::TestFlux::test_molperm3 PASSED
test/rmgpy/quantityTest.py::TestFlux::test_moleculesperm3 PASSED
test/rmgpy/quantityTest.py::TestForce::test_newton PASSED
test/rmgpy/quantityTest.py::TestFrequency::test_cm_1 PASSED
test/rmgpy/quantityTest.py::TestFrequency::test_s_1 PASSED
test/rmgpy/quantityTest.py::TestFrequency::test_k PASSED
test/rmgpy/quantityTest.py::TestFrequency::test_ev PASSED
test/rmgpy/quantityTest.py::TestFrequency::test_hz PASSED
test/rmgpy/quantityTest.py::TestFrequency::test_khz PASSED
test/rmgpy/quantityTest.py::TestFrequency::test_mhz PASSED
test/rmgpy/quantityTest.py::TestFrequency::test_ghz PASSED
test/rmgpy/quantityTest.py::TestHeatCapacity::test_joule_per_kelvin PASSED
test/rmgpy/quantityTest.py::TestHeatCapacity::test_joule_per_mol_kelvin PASSED
test/rmgpy/quantityTest.py::TestHeatCapacity::test_cal_per_kelvin PASSED
test/rmgpy/quantityTest.py::TestHeatCapacity::test_cal_per_mol_kelvin PASSED
test/rmgpy/quantityTest.py::TestHeatCapacity::test_kj_per_kelvin PASSED
test/rmgpy/quantityTest.py::TestHeatCapacity::test_kj_per_mol_kelvin PASSED
test/rmgpy/quantityTest.py::TestHeatCapacity::test_kcal_per_kelvin PASSED
test/rmgpy/quantityTest.py::TestHeatCapacity::test_kcal_per_mol_kelvin PASSED
test/rmgpy/quantityTest.py::TestInertia::test_kg_m2 PASSED
test/rmgpy/quantityTest.py::TestInertia::test_amu_angstrom2 PASSED
test/rmgpy/quantityTest.py::TestLength::test_m PASSED
test/rmgpy/quantityTest.py::TestLength::test_km PASSED
test/rmgpy/quantityTest.py::TestLength::test_cm PASSED
test/rmgpy/quantityTest.py::TestLength::test_mm PASSED
test/rmgpy/quantityTest.py::TestLength::test_um PASSED
test/rmgpy/quantityTest.py::TestLength::test_nm PASSED
test/rmgpy/quantityTest.py::TestLength::test_pm PASSED
test/rmgpy/quantityTest.py::TestMass::test_kg PASSED
test/rmgpy/quantityTest.py::TestMass::test_gpermol PASSED
test/rmgpy/quantityTest.py::TestMass::test_kgpermol PASSED
test/rmgpy/quantityTest.py::TestMass::test_amu PASSED
test/rmgpy/quantityTest.py::TestMomentum::test_kgmpers2 PASSED
test/rmgpy/quantityTest.py::TestPower::test_w PASSED
test/rmgpy/quantityTest.py::TestPressure::test_pa PASSED
test/rmgpy/quantityTest.py::TestPressure::test_bar PASSED
test/rmgpy/quantityTest.py::TestPressure::test_atm PASSED
test/rmgpy/quantityTest.py::TestPressure::test_torr PASSED
test/rmgpy/quantityTest.py::TestPressure::test_psi PASSED
test/rmgpy/quantityTest.py::TestRateCoefficient::test_s PASSED
test/rmgpy/quantityTest.py::TestRateCoefficient::test_m3permols PASSED
test/rmgpy/quantityTest.py::TestRateCoefficient::test_m6permol2s PASSED
test/rmgpy/quantityTest.py::TestRateCoefficient::test_m9permol3s PASSED
test/rmgpy/quantityTest.py::TestRateCoefficient::test_cm3permols PASSED
test/rmgpy/quantityTest.py::TestRateCoefficient::test_cm6permol2s PASSED
test/rmgpy/quantityTest.py::TestRateCoefficient::test_cm9permol3s PASSED
test/rmgpy/quantityTest.py::TestRateCoefficient::test_cm3permolecules PASSED
test/rmgpy/quantityTest.py::TestRateCoefficient::test_cm6permolecule2s PASSED
test/rmgpy/quantityTest.py::TestRateCoefficient::test_cm9permolecule3s PASSED
test/rmgpy/quantityTest.py::TestTemperature::test_k PASSED
test/rmgpy/quantityTest.py::TestTemperature::test_deg_c PASSED
test/rmgpy/quantityTest.py::TestTemperature::test_deg_f PASSED
test/rmgpy/quantityTest.py::TestTemperature::test_deg_r PASSED
test/rmgpy/quantityTest.py::TestTime::test_s PASSED
test/rmgpy/quantityTest.py::TestTime::test_ms PASSED
test/rmgpy/quantityTest.py::TestTime::test_us PASSED
test/rmgpy/quantityTest.py::TestTime::test_ns PASSED
test/rmgpy/quantityTest.py::TestTime::test_ps PASSED
test/rmgpy/quantityTest.py::TestTime::test_fs PASSED
test/rmgpy/quantityTest.py::TestTime::test_min PASSED
test/rmgpy/quantityTest.py::TestTime::test_hr PASSED
test/rmgpy/quantityTest.py::TestVelocity::test_mpers PASSED
test/rmgpy/quantityTest.py::TestVelocity::test_cmpers PASSED
test/rmgpy/quantityTest.py::TestVolume::test_m3 PASSED
test/rmgpy/quantityTest.py::TestVolume::test_liters PASSED
test/rmgpy/quantityTest.py::TestQuantity::test_scalar_conversion PASSED
test/rmgpy/quantityTest.py::TestQuantity::test_array_conversion PASSED
test/rmgpy/quantityTest.py::TestQuantity::test_scalar_repr PASSED
test/rmgpy/quantityTest.py::TestQuantity::test_array_repr PASSED
test/rmgpy/quantityTest.py::TestQuantityDictionaryConversion::test_scalar_as_dict PASSED
test/rmgpy/quantityTest.py::TestQuantityDictionaryConversion::test_scalar_make_object PASSED
test/rmgpy/quantityTest.py::TestQuantityDictionaryConversion::test_array_as_dict PASSED
test/rmgpy/quantityTest.py::TestQuantityDictionaryConversion::test_array_make_object PASSED
test/rmgpy/reactionChargeTransferTest.py::TestArrheniusChargeTransferRouting::test_pressure_does_not_reach_the_rate_law PASSED
test/rmgpy/reactionChargeTransferTest.py::TestArrheniusChargeTransferRouting::test_evaluated_at_v0_not_at_zero_volts PASSED
test/rmgpy/reactionChargeTransferTest.py::TestArrheniusChargeTransferRouting::test_rate_is_invariant_to_pressure PASSED
test/rmgpy/reactionChargeTransferTest.py::TestArrheniusChargeTransferRouting::test_explicit_potential_is_honoured PASSED
test/rmgpy/reactionChargeTransferTest.py::TestArrheniusChargeTransferRouting::test_explicit_potential_moves_the_rate_the_right_way PASSED
test/rmgpy/reactionChargeTransferTest.py::TestArrheniusChargeTransferRouting::test_explicit_zero_volts_is_distinguishable_from_no_potential PASSED
test/rmgpy/reactionChargeTransferTest.py::TestArrheniusChargeTransferBMRouting::test_pressure_does_not_reach_the_rate_law PASSED
test/rmgpy/reactionChargeTransferTest.py::TestArrheniusChargeTransferBMRouting::test_barrier_is_resolved_against_the_reactions_own_enthalpy PASSED
test/rmgpy/reactionChargeTransferTest.py::TestArrheniusChargeTransferBMRouting::test_agrees_with_the_conversion_fix_barrier_height_would_have_done PASSED
test/rmgpy/reactionChargeTransferTest.py::TestArrheniusChargeTransferBMRouting::test_rate_is_invariant_to_pressure PASSED
test/rmgpy/reactionChargeTransferTest.py::TestArrheniusChargeTransferBMRouting::test_explicit_potential_is_honoured PASSED
test/rmgpy/reactionChargeTransferTest.py::TestArrheniusChargeTransferBMRouting::test_applied_potential_uses_the_records_own_alpha PASSED
test/rmgpy/reactionChargeTransferTest.py::TestArrheniusChargeTransferBMRouting::test_missing_thermo_raises_instead_of_inventing_an_enthalpy PASSED
test/rmgpy/reactionChargeTransferTest.py::TestArrheniusChargeTransferBMRouting::test_potential_equal_to_v0_matches_the_default PASSED
test/rmgpy/reactionChargeTransferTest.py::TestSurfacePathIsUnchanged::test_surface_charge_transfer_still_routes_to_the_surface_method PASSED
test/rmgpy/reactionChargeTransferTest.py::TestSurfacePathIsUnchanged::test_surface_charge_transfer_default_potential_is_still_zero_volts PASSED
test/rmgpy/reactionChargeTransferTest.py::TestSurfacePathIsUnchanged::test_surface_charge_transfer_still_carries_its_potential PASSED
test/rmgpy/reactionChargeTransferTest.py::TestSurfacePathIsUnchanged::test_sticking_coefficient_still_demands_a_site_density PASSED
test/rmgpy/reactionChargeTransferTest.py::TestSurfacePathIsUnchanged::test_sticking_coefficient_still_routes_to_the_surface_method PASSED
test/rmgpy/reactionChargeTransferTest.py::TestSurfacePathIsUnchanged::test_diffusion_limiter_still_outranks_charge_transfer PASSED
test/rmgpy/reactionChargeTransferTest.py::TestRealDatabaseChargeTransferReaction::test_the_families_really_supply_charge_transfer_kinetics PASSED
test/rmgpy/reactionChargeTransferTest.py::TestRealDatabaseChargeTransferReaction::test_real_rate_rules_evaluate_and_ignore_pressure PASSED
test/rmgpy/reactionChargeTransferTest.py::TestRealDatabaseChargeTransferReaction::test_evaluation_does_not_mutate_the_stored_records PASSED
test/rmgpy/reactionChargeTransferTest.py::TestRealDatabaseChargeTransferReaction::test_stored_electron_sign_and_alpha_are_what_the_records_say PASSED
test/rmgpy/reactionChargeTransferTest.py::TestRealDatabaseChargeTransferReaction::test_real_reactions_evaluate_at_v0_and_ignore_pressure PASSED
test/rmgpy/reactionChargeTransferTest.py::TestRealDatabaseChargeTransferReaction::test_real_reactions_were_broken_before_the_fix PASSED
test/rmgpy/reactionMarcusTest.py::test_fixture_free_energy_is_the_number_it_claims_to_be PASSED
test/rmgpy/reactionMarcusTest.py::TestPressureDoesNotReachTheRateLaw::test_pressure_does_not_reach_the_rate_law PASSED
test/rmgpy/reactionMarcusTest.py::TestPressureDoesNotReachTheRateLaw::test_rate_is_invariant_to_pressure PASSED
test/rmgpy/reactionMarcusTest.py::TestPressureDoesNotReachTheRateLaw::test_omitted_pressure_and_supplied_pressure_agree PASSED
test/rmgpy/reactionMarcusTest.py::TestRateRespondsToTheReactionsOwnThermo::test_free_energy_of_reaction_reaches_the_rate_law PASSED
test/rmgpy/reactionMarcusTest.py::TestRateRespondsToTheReactionsOwnThermo::test_endothermic_is_slower_and_exothermic_is_faster PASSED
test/rmgpy/reactionMarcusTest.py::TestRateRespondsToTheReactionsOwnThermo::test_barriers_match_the_marcus_parabola_by_hand PASSED
test/rmgpy/reactionMarcusTest.py::TestRateRespondsToTheReactionsOwnThermo::test_inverted_region_is_reproduced PASSED
test/rmgpy/reactionMarcusTest.py::TestPotentialHandling::test_no_electrode_means_no_field PASSED
test/rmgpy/reactionMarcusTest.py::TestPotentialHandling::test_applied_potential_shifts_the_driving_force PASSED
test/rmgpy/reactionMarcusTest.py::TestPotentialHandling::test_potential_is_ignored_when_no_electrons_are_transferred PASSED
test/rmgpy/reactionMarcusTest.py::TestMissingThermoRaises::test_missing_thermo_raises_instead_of_inventing_a_free_energy PASSED
test/rmgpy/reactionMarcusTest.py::TestMarcusCarriesNoReferencePotential::test_marcus_has_no_v0 PASSED
test/rmgpy/reactionMarcusTest.py::TestRealDatabaseMarcusFamily::test_the_family_really_is_all_marcus PASSED
test/rmgpy/reactionMarcusTest.py::TestRealDatabaseMarcusFamily::test_real_reorganization_energies_are_small PASSED
test/rmgpy/reactionMarcusTest.py::TestRealDatabaseMarcusFamily::test_real_rate_rules_ignore_pressure_and_answer_to_thermo PASSED
test/rmgpy/reactionTest.py::TestReactionIsomorphism::test1to1 PASSED
test/rmgpy/reactionTest.py::TestReactionIsomorphism::test1to2 PASSED
test/rmgpy/reactionTest.py::TestReactionIsomorphism::test2to2 PASSED
test/rmgpy/reactionTest.py::TestReactionIsomorphism::test2to3 PASSED
test/rmgpy/reactionTest.py::TestReactionIsomorphism::test2to3_using_check_only_label PASSED
test/rmgpy/reactionTest.py::TestSurfaceReaction::test_electrons PASSED
test/rmgpy/reactionTest.py::TestSurfaceReaction::test_protons PASSED
test/rmgpy/reactionTest.py::TestSurfaceReaction::test_is_surface_reaction_species PASSED
test/rmgpy/reactionTest.py::TestSurfaceReaction::test_is_surface_reaction_molecules PASSED
test/rmgpy/reactionTest.py::TestSurfaceReaction::test_methyl_adsorption_surface_arrhenius PASSED
test/rmgpy/reactionTest.py::TestSurfaceReaction::test_methyl_adsorption_sticking_coefficient PASSED
test/rmgpy/reactionTest.py::TestSurfaceReaction::test_get_rate_coefficient_units_from_reaction_order PASSED
test/rmgpy/reactionTest.py::TestSurfaceReaction::test_equilibrium_constant_surface_kc PASSED
test/rmgpy/reactionTest.py::TestSurfaceReaction::test_reverse_sticking_coeff_rate PASSED
test/rmgpy/reactionTest.py::TestReaction::test_is_isomerization PASSED
test/rmgpy/reactionTest.py::TestReaction::test_is_association PASSED
test/rmgpy/reactionTest.py::TestReaction::test_is_dissociation PASSED
test/rmgpy/reactionTest.py::TestReaction::test_has_template PASSED
test/rmgpy/reactionTest.py::TestReaction::test_enthalpy_of_reaction PASSED
test/rmgpy/reactionTest.py::TestReaction::test_entropy_of_reaction PASSED
test/rmgpy/reactionTest.py::TestReaction::test_free_energy_of_reaction PASSED
test/rmgpy/reactionTest.py::TestReaction::test_equilibrium_constant_ka PASSED
test/rmgpy/reactionTest.py::TestReaction::test_equilibrium_constant_kc PASSED
test/rmgpy/reactionTest.py::TestReaction::test_equilibrium_constant_kp PASSED
test/rmgpy/reactionTest.py::TestReaction::test_stoichiometric_coefficient PASSED
test/rmgpy/reactionTest.py::TestReaction::test_rate_coefficient PASSED
test/rmgpy/reactionTest.py::TestReaction::test_generate_reverse_rate_coefficient PASSED
test/rmgpy/reactionTest.py::TestReaction::test_fix_barrier_height PASSED
test/rmgpy/reactionTest.py::TestReaction::test_generate_reverse_rate_coefficient_arrhenius PASSED
test/rmgpy/reactionTest.py::TestReaction::test_reverse_surface_arrhenius_rate PASSED
test/rmgpy/reactionTest.py::TestReaction::test_generate_reverse_rate_coefficient_arrhenius_ep SKIPPED
test/rmgpy/reactionTest.py::TestReaction::test_generate_reverse_rate_coefficient_pdep_arrhenius PASSED
test/rmgpy/reactionTest.py::TestReaction::test_generate_reverse_rate_coefficient_pdep_multi_arrhenius PASSED
test/rmgpy/reactionTest.py::TestReaction::test_generate_reverse_rate_coefficient_multi_arrhenius PASSED
test/rmgpy/reactionTest.py::TestReaction::test_generate_reverse_rate_coefficient_multi_pdep_arrhenius PASSED
test/rmgpy/reactionTest.py::TestReaction::test_generate_reverse_rate_coefficient_third_body PASSED
test/rmgpy/reactionTest.py::TestReaction::test_generate_reverse_rate_coefficient_lindemann PASSED
test/rmgpy/reactionTest.py::TestReaction::test_generate_reverse_rate_coefficient_troe PASSED
test/rmgpy/reactionTest.py::TestReaction::test_tst_calculation PASSED
test/rmgpy/reactionTest.py::TestReaction::test_pickle PASSED
test/rmgpy/reactionTest.py::TestReaction::test_output PASSED
test/rmgpy/reactionTest.py::TestReaction::test_degeneracy_updates_rate PASSED
test/rmgpy/reactionTest.py::TestReaction::test_degeneracy_updates_kinetics_comment PASSED
test/rmgpy/reactionTest.py::TestReaction::test_sulfur_reaction_pairs PASSED
test/rmgpy/reactionTest.py::TestReaction::test_phosphorus_reaction_pairs PASSED
test/rmgpy/reactionTest.py::TestReactionToCantera::test_arrhenius PASSED
test/rmgpy/reactionTest.py::TestReactionToCantera::test_to_cantera_with_spectator_species PASSED
test/rmgpy/reactionTest.py::TestReactionToCantera::test_multi_arrhenius PASSED
test/rmgpy/reactionTest.py::TestReactionToCantera::test_pdep_arrhenius PASSED
test/rmgpy/reactionTest.py::TestReactionToCantera::test_multi_pdep_arrhenius PASSED
test/rmgpy/reactionTest.py::TestReactionToCantera::test_chebyshev PASSED
test/rmgpy/reactionTest.py::TestReactionToCantera::test_falloff PASSED
test/rmgpy/reactionTest.py::TestChargeTransferReaction::test_electrons PASSED
test/rmgpy/reactionTest.py::TestChargeTransferReaction::test_protons PASSED
test/rmgpy/reactionTest.py::TestChargeTransferReaction::test_apply_che_model_reports_true_proton_count PASSED
test/rmgpy/reactionTest.py::TestChargeTransferReaction::test_is_surface_reaction PASSED
test/rmgpy/reactionTest.py::TestChargeTransferReaction::test_is_charge_transfer_reaction PASSED
test/rmgpy/reactionTest.py::TestChargeTransferReaction::test_is_surface_charge_transfer PASSED
test/rmgpy/reactionTest.py::TestChargeTransferReaction::test_get_reversible_potential PASSED
test/rmgpy/reactionTest.py::TestChargeTransferReaction::test_get_rate_coeff PASSED
test/rmgpy/reactionTest.py::TestChargeTransferReaction::test_equilibrium_constant_surface_charge_transfer_kc PASSED
test/rmgpy/reactionTest.py::TestChargeTransferReaction::test_reverse_surface_charge_transfer_rate SKIPPED
test/rmgpy/reactionTest.py::TestElectronDirection::test_reduction_and_its_negated_reverse_are_isomorphic_either_direction PASSED
test/rmgpy/reactionTest.py::TestElectronDirection::test_reduction_and_its_reverse_are_not_isomorphic_same_direction PASSED
test/rmgpy/reactionTest.py::TestElectronDirection::test_reverse_with_wrong_electron_sign_is_not_isomorphic PASSED
test/rmgpy/reactionTest.py::TestElectronDirection::test_forward_match_requires_equal_electrons PASSED
test/rmgpy/reactionTest.py::TestElectronDirection::test_check_template_rxn_products_is_electron_aware PASSED
test/rmgpy/reactionTest.py::TestElectronDirection::test_check_template_rxn_products_treats_unset_orientation_as_reverse PASSED
test/rmgpy/reactionTest.py::TestElectronDirection::test_to_cantera_places_electron_on_reactant_side PASSED
test/rmgpy/reactionTest.py::TestElectronDirection::test_to_cantera_places_electron_on_product_side PASSED
test/rmgpy/reactionTest.py::TestElectronDirection::test_to_cantera_fails_when_electron_needed_but_absent PASSED
test/rmgpy/reactionTest.py::TestElectronDirection::test_to_chemkin_reaction_string_places_electron PASSED
test/rmgpy/reactionTest.py::TestElectronDirection::test_write_reaction_string_refuses_charged_reaction_without_species_list PASSED
test/rmgpy/reactionTest.py::TestElectronDirection::test_cantera_writer1_refuses_metadata_electron_mechanism PASSED
test/rmgpy/reactionTest.py::TestElectronsSurviveCopyAndPickle::test_copy_preserves_electrons PASSED
test/rmgpy/reactionTest.py::TestElectronsSurviveCopyAndPickle::test_pickle_preserves_electrons_for_every_subclass PASSED
test/rmgpy/reactionTest.py::TestElectronsSurviveCopyAndPickle::test_library_and_pdep_reactions_accept_electrons PASSED
test/rmgpy/reactionTest.py::TestElectronsSurviveCopyAndPickle::test_library_reaction_repr_round_trips_electrons PASSED
test/rmgpy/reactionTest.py::TestIsBalancedChargeConservation::test_charge_unbalanced_but_element_balanced_is_rejected PASSED
test/rmgpy/reactionTest.py::TestIsBalancedChargeConservation::test_neutral_element_balanced_reaction_is_accepted PASSED
test/rmgpy/reactionTest.py::TestIsBalancedChargeConservation::test_reduction_with_consumed_electron_is_accepted PASSED
test/rmgpy/reactionTest.py::TestIsBalancedChargeConservation::test_oxidation_with_produced_electron_is_accepted PASSED
test/rmgpy/reactionTest.py::TestIsBalancedChargeConservation::test_sign_inverted_electron_reaction_is_rejected PASSED
test/rmgpy/reactionTest.py::TestReverseCollisionLimitDegradation::test_direct_unsupported_reverse_check_skipped_loudly_not_raised PASSED
test/rmgpy/reactionTest.py::TestReverseCollisionLimitDegradation::test_wrapped_unsupported_child_skipped_loudly_not_raised PASSED
test/rmgpy/reactionTest.py::TestReverseCollisionLimitDegradation::test_supported_reverse_check_still_runs PASSED
test/rmgpy/reactionTest.py::TestCollisionLimitAttribution::test_forward_violation_names_the_condition_its_ratio_came_from PASSED
test/rmgpy/reactionTest.py::TestCollisionLimitAttribution::test_reverse_still_checked_when_forward_uncomputable PASSED
test/rmgpy/reactionTest.py::TestCollisionLimitAttribution::test_no_skip_ratios_and_conditions_unchanged PASSED
test/rmgpy/reactionTest.py::TestReverseCollisionLimitPotential::test_arrhenius_charge_transfer_reverse_evaluated_at_reference_potential PASSED
test/rmgpy/reactionTest.py::TestReverseCollisionLimitPotential::test_surface_charge_transfer_reverse_evaluated_at_reference_potential PASSED
test/rmgpy/reactionTest.py::TestReverseCollisionLimitPotential::test_non_charge_transfer_reverse_still_receives_pressure PASSED
test/rmgpy/reactionTest.py::TestReverseCollisionLimitPotentialWrappers::test_multi_arrhenius_of_charge_transfer_evaluated_at_v0 PASSED
test/rmgpy/reactionTest.py::TestReverseCollisionLimitPotentialWrappers::test_pdep_arrhenius_of_charge_transfer_evaluated_at_v0 PASSED
test/rmgpy/reactionTest.py::TestReverseCollisionLimitPotentialWrappers::test_multi_pdep_arrhenius_of_pdep_of_charge_transfer_evaluated_at_v0 PASSED
test/rmgpy/reactionTest.py::TestReverseCollisionLimitPotentialWrappers::test_helper_matches_native_for_non_charge_transfer_wrappers PASSED
test/rmgpy/reactionTest.py::TestReverseCollisionLimitPotentialWrappers::test_top_level_potential_tests_still_pass PASSED
test/rmgpy/reactionTest.py::TestReverseRateAtReferencePotentialRound13::test_pdep_arrhenius_p_zero_raises_matching_native PASSED
test/rmgpy/reactionTest.py::TestReverseRateAtReferencePotentialRound13::test_pdep_arrhenius_interpolation_matches_native_oracle PASSED
test/rmgpy/reactionTest.py::TestReverseRateAtReferencePotentialRound13::test_pdep_arrhenius_below_grid_clamps_low_matching_native PASSED
test/rmgpy/reactionTest.py::TestReverseRateAtReferencePotentialRound13::test_pdep_arrhenius_above_grid_clamps_high_matching_native PASSED
test/rmgpy/reactionTest.py::TestReverseRateAtReferencePotentialRound13::test_pdep_arrhenius_single_entry_matches_native PASSED
test/rmgpy/reactionTest.py::TestReverseRateAtReferencePotentialRound13::test_pdep_arrhenius_duplicate_pressures_matches_native PASSED
test/rmgpy/reactionTest.py::TestReverseRateAtReferencePotentialRound13::test_pdep_arrhenius_with_none_pressures_not_summed PASSED
test/rmgpy/reactionTest.py::TestReverseRateAtReferencePotentialRound13::test_multi_arrhenius_without_pressures_still_summed PASSED
test/rmgpy/reactionTest.py::TestReverseRateAtReferencePotentialRound13::test_multi_pdep_arrhenius_without_pressures_still_summed PASSED
test/rmgpy/reactionTest.py::TestReverseRateAtReferencePotentialRound13::test_arrhenius_charge_transfer_bm_leaf_refused PASSED
test/rmgpy/reactionTest.py::TestReverseRateAtReferencePotentialRound13::test_surface_charge_transfer_bep_leaf_refused PASSED
test/rmgpy/reactionTest.py::TestReverseRateAtReferencePotentialRound13::test_concrete_charge_transfer_leaves_not_refused PASSED
test/rmgpy/reactionTest.py::TestReverseRateAtReferencePotentialRound13::test_multi_arrhenius_wrapping_bm_child_refused PASSED
test/rmgpy/reactionTest.py::TestReverseRateAtReferencePotentialRound13::test_check_collision_limit_violation_skips_reverse_for_wrapped_bm PASSED
test/rmgpy/reactionTest.py::TestReverseRateAtReferencePotentialRound15::test_multi_pdep_arrhenius_empty_children_p_zero_raises_matching_native PASSED
test/rmgpy/reactionTest.py::TestReverseRateAtReferencePotentialRound15::test_multi_pdep_arrhenius_p_zero_raises_matching_native PASSED
test/rmgpy/reactionTest.py::TestReverseRateAtReferencePotentialRound15::test_multi_arrhenius_p_zero_does_not_raise_over_broadening_guard PASSED
test/rmgpy/reactionTest.py::TestReverseRateAtReferencePotentialRound15::test_pdep_arrhenius_charge_transfer_children_evaluated_at_own_v0_through_interpolation PASSED
test/rmgpy/reactionTest.py::TestReverseRateAtReferencePotentialRound15::test_pdep_arrhenius_mixed_charge_transfer_and_ordinary_children_through_interpolation PASSED
test/rmgpy/rmgobjectTest.py::TestRMGObject::test_save_int PASSED
test/rmgpy/rmgobjectTest.py::TestRMGObject::test_read_int PASSED
test/rmgpy/rmgobjectTest.py::TestRMGObject::test_save_float PASSED
test/rmgpy/rmgobjectTest.py::TestRMGObject::test_read_float PASSED
test/rmgpy/rmgobjectTest.py::TestRMGObject::test_save_str PASSED
test/rmgpy/rmgobjectTest.py::TestRMGObject::test_read_str PASSED
test/rmgpy/rmgobjectTest.py::TestRMGObject::test_save_empty_str PASSED
test/rmgpy/rmgobjectTest.py::TestRMGObject::test_read_empty_str PASSED
test/rmgpy/rmgobjectTest.py::TestRMGObject::test_save_dict PASSED
test/rmgpy/rmgobjectTest.py::TestRMGObject::test_read_dict PASSED
test/rmgpy/rmgobjectTest.py::TestRMGObject::test_save_mix PASSED
test/rmgpy/rmgobjectTest.py::TestRMGObject::test_read_mix PASSED
test/rmgpy/rmgobjectTest.py::TestRMGObject::test_save_numpy PASSED
test/rmgpy/rmgobjectTest.py::TestRMGObject::test_save_object PASSED
test/rmgpy/rmgobjectTest.py::TestRMGObject::test_read_object PASSED
test/rmgpy/rmgobjectTest.py::TestRMGObject::test_save_object_list PASSED
test/rmgpy/rmgobjectTest.py::TestRMGObject::test_read_object_list PASSED
test/rmgpy/rmgobjectTest.py::TestRMGObject::test_save_empty_list PASSED
test/rmgpy/rmgobjectTest.py::TestRMGObject::test_read_empty_list PASSED
test/rmgpy/rmgobjectTest.py::TestRMGObject::test_ignore_aux_and_mol PASSED
test/rmgpy/rmgobjectTest.py::TestExpandAndMakeFromDictionaries::test_expanding_list_to_dict PASSED
test/rmgpy/rmgobjectTest.py::TestExpandAndMakeFromDictionaries::test_expanding_objects_in_dictionary PASSED
test/rmgpy/rmgobjectTest.py::TestExpandAndMakeFromDictionaries::test_expanding_np_arrays PASSED
test/rmgpy/rmgobjectTest.py::TestExpandAndMakeFromDictionaries::test_expanding_rmg_objects PASSED
test/rmgpy/rmgobjectTest.py::TestExpandAndMakeFromDictionaries::test_make_object_from_dict PASSED
test/rmgpy/rmgobjectTest.py::TestExpandAndMakeFromDictionaries::test_make_all_but_final_object_from_dict PASSED
test/rmgpy/rmgobjectTest.py::TestExpandAndMakeFromDictionaries::test_float_creation PASSED
test/rmgpy/rmgobjectTest.py::TestExpandAndMakeFromDictionaries::test_int_creation PASSED
test/rmgpy/rmgobjectTest.py::TestExpandAndMakeFromDictionaries::test_np_array_creation PASSED
test/rmgpy/rmgobjectTest.py::TestExpandAndMakeFromDictionaries::test_hashable_class_key_creation PASSED
test/rmgpy/rmgUtilTest.py::UtilTest::test_strip_yaml_notes_removes_block_style_note PASSED
test/rmgpy/rmgUtilTest.py::UtilTest::test_strip_yaml_notes_removes_block_style_multiline_note PASSED
test/rmgpy/rmgUtilTest.py::UtilTest::test_strip_yaml_notes_removes_single_line_flow_note PASSED
test/rmgpy/rmgUtilTest.py::UtilTest::test_strip_yaml_notes_removes_single_line_flow_note_with_quoted_comma PASSED
test/rmgpy/rmgUtilTest.py::UtilTest::test_strip_yaml_notes_removes_wrapped_flow_note PASSED
test/rmgpy/rmgUtilTest.py::UtilTest::test_strip_yaml_notes_removes_wrapped_flow_multiline_note PASSED
test/rmgpy/speciesTest.py::TestSpecies::test_pickle PASSED
test/rmgpy/speciesTest.py::TestSpecies::test_output PASSED
test/rmgpy/speciesTest.py::TestSpecies::test_equality PASSED
test/rmgpy/speciesTest.py::TestSpecies::test_less_than PASSED
test/rmgpy/speciesTest.py::TestSpecies::test_greater_than PASSED
test/rmgpy/speciesTest.py::TestSpecies::test_hash PASSED
test/rmgpy/speciesTest.py::TestSpecies::test_to_adjacency_list PASSED
test/rmgpy/speciesTest.py::TestSpecies::test_species_props PASSED
test/rmgpy/speciesTest.py::TestSpecies::test_species_props_object_attribute PASSED
test/rmgpy/speciesTest.py::TestSpecies::test_resonance_isomers_generated PASSED
test/rmgpy/speciesTest.py::TestSpecies::test_resonace_isomers_represented PASSED
test/rmgpy/speciesTest.py::TestSpecies::test_is_isomorphic_to_filtered_resonance_structure PASSED
test/rmgpy/speciesTest.py::TestSpecies::test_get_resonance_hybrid PASSED
test/rmgpy/speciesTest.py::TestSpecies::test_copy PASSED
test/rmgpy/speciesTest.py::TestSpecies::test_cantera PASSED
test/rmgpy/speciesTest.py::TestSpecies::test_to_cantera_warns_and_uses_charge_for_explicit_electron_mismatch PASSED
test/rmgpy/speciesTest.py::TestSpecies::test_to_cantera_uses_charge_when_electrons_unspecified PASSED
test/rmgpy/speciesTest.py::TestSpecies::test_get_transport_data PASSED
test/rmgpy/speciesTest.py::TestSpecies::test_fingerprint_property PASSED
test/rmgpy/speciesTest.py::TestSpecies::test_inchi_property PASSED
test/rmgpy/speciesTest.py::TestSpecies::test_multiplicity_property PASSED
test/rmgpy/speciesTest.py::TestSpecies::test_smiles_property PASSED
test/rmgpy/speciesTest.py::TestSpecies::test_inchi_instantiation PASSED
test/rmgpy/speciesTest.py::TestSpecies::test_smiles_instantiation PASSED
test/rmgpy/speciesTest.py::TestSpecies::test_is_isomorphic_strict PASSED
test/rmgpy/speciesTest.py::TestSpecies::test_species_label PASSED
test/rmgpy/statsTest.py::TestExecutionStatsWriter::test_save PASSED
test/rmgpy/transportDataTest.py::TestTransportData::test_shape_index PASSED
test/rmgpy/transportDataTest.py::TestTransportData::test_epsilon PASSED
test/rmgpy/transportDataTest.py::TestTransportData::test_sigma PASSED
test/rmgpy/transportDataTest.py::TestTransportData::test_dipole_moment PASSED
test/rmgpy/transportDataTest.py::TestTransportData::test_polarizability PASSED
test/rmgpy/transportDataTest.py::TestTransportData::test_rotrelaxcollnum PASSED
test/rmgpy/transportDataTest.py::TestTransportData::test_comment PASSED
test/rmgpy/transportDataTest.py::TestTransportData::test_get_collision_frequency PASSED
test/rmgpy/transportDataTest.py::TestTransportData::test_pickle PASSED
test/rmgpy/transportDataTest.py::TestTransportData::test_repr PASSED
test/rmgpy/transportDataTest.py::TestTransportData::test_to_cantera PASSED
test/rmgpy/yaml_cantera1Test.py::TestYamlCantera1Functions::test_species_to_dict_gas_name_and_thermo PASSED
test/rmgpy/yaml_cantera1Test.py::TestYamlCantera1Functions::test_species_to_dict_gas_transport PASSED
test/rmgpy/yaml_cantera1Test.py::TestYamlCantera1Functions::test_species_to_dict_charged_species_uses_electron_pseudo_element PASSED
test/rmgpy/yaml_cantera1Test.py::TestYamlCantera1Functions::test_species_to_dict_electron_uses_electron_pseudo_element PASSED
test/rmgpy/yaml_cantera1Test.py::TestYamlCantera1Functions::test_species_to_dict_surface_composition PASSED
test/rmgpy/yaml_cantera1Test.py::TestYamlCantera1Functions::test_species_to_dict_surface_thermo_model PASSED
test/rmgpy/yaml_cantera1Test.py::TestYamlCantera1Functions::test_reaction_to_dicts_arrhenius_equation_and_rate PASSED
test/rmgpy/yaml_cantera1Test.py::TestYamlCantera1Functions::test_reaction_to_dicts_negative_a_arrhenius PASSED
test/rmgpy/yaml_cantera1Test.py::TestYamlCantera1Functions::test_reaction_to_dicts_thirdbody PASSED
test/rmgpy/yaml_cantera1Test.py::TestYamlCantera1Functions::test_reaction_to_dicts_pdep_arrhenius PASSED
test/rmgpy/yaml_cantera1Test.py::TestYamlCantera1Functions::test_reaction_to_dicts_troe PASSED
test/rmgpy/yaml_cantera1Test.py::TestYamlCantera1Functions::test_reaction_to_dicts_negative_a_falloff PASSED
test/rmgpy/yaml_cantera1Test.py::TestYamlCantera1Functions::test_reaction_to_dicts_surface_arrhenius PASSED
test/rmgpy/yaml_cantera1Test.py::TestYamlCantera1Functions::test_reaction_to_dicts_sticking_coefficient PASSED
test/rmgpy/yaml_cantera1Test.py::TestYamlCantera1Functions::test_reaction_to_dicts_negative_a_sticking_coefficient PASSED
test/rmgpy/yaml_cantera1Test.py::TestYamlCantera1Functions::test_reaction_to_dicts_coverage_dependence PASSED
test/rmgpy/yaml_cantera1Test.py::TestYamlCantera1Functions::test_reaction_to_dicts_surface_spectator_species PASSED
test/rmgpy/yaml_cantera1Test.py::TestYamlCantera1Functions::test_reaction_to_dicts_three_species_one_side_spectator PASSED
test/rmgpy/yaml_cantera1Test.py::TestYamlCantera1Functions::test_get_elements_block_isotopes_and_surface_site PASSED
test/rmgpy/yaml_cantera1Test.py::TestYamlCantera1Functions::test_get_phases_gas_only_has_state PASSED
test/rmgpy/yaml_cantera1Test.py::TestYamlCantera1Functions::test_get_phases_gas_only_has_elements PASSED
test/rmgpy/yaml_cantera1Test.py::TestYamlCantera1Functions::test_get_mech_dict_nonsurface_reactions_key PASSED
test/rmgpy/yaml_cantera1Test.py::TestYamlCantera1Functions::test_get_mech_dict_surface_has_gas_and_surface_reactions PASSED
test/rmgpy/yaml_cantera1Test.py::TestYamlCantera1Functions::test_get_phases_with_surface_has_state PASSED
test/rmgpy/yaml_cantera1Test.py::TestYamlCantera1Functions::test_species_to_dict_surface_sites_count PASSED
test/rmgpy/yaml_cantera1Test.py::TestYamlCantera1Functions::test_species_to_dict_gas_no_sites_field PASSED
test/rmgpy/yaml_cantera1Test.py::TestYamlCantera1Functions::test_species_to_dict_transport_note_always_present PASSED
test/rmgpy/yaml_cantera1Test.py::TestCanteraWriter1::test_can_instantiate PASSED
test/rmgpy/yaml_cantera1Test.py::TestRecentlyGeneratedCanteraYaml1GasOnly::testGeneratorsAsExpected PASSED
test/rmgpy/yaml_cantera1Test.py::TestRecentlyGeneratedCanteraYaml1GasOnly::testKeysMatch PASSED
test/rmgpy/yaml_cantera1Test.py::TestRecentlyGeneratedCanteraYaml1GasOnly::testPhasesMatch PASSED
test/rmgpy/yaml_cantera1Test.py::TestRecentlyGeneratedCanteraYaml1GasOnly::testElementsMatch PASSED
test/rmgpy/yaml_cantera1Test.py::TestRecentlyGeneratedCanteraYaml1GasOnly::testSpeciesMatch PASSED
test/rmgpy/yaml_cantera2Test.py::TestCanteraWriter2::test_species_to_dict_standard PASSED
test/rmgpy/yaml_cantera2Test.py::TestCanteraWriter2::test_species_to_dict_warns_and_uses_charge_for_explicit_electron_mismatch PASSED
test/rmgpy/yaml_cantera2Test.py::TestCanteraWriter2::test_species_to_dict_uses_charge_when_electrons_unspecified PASSED
test/rmgpy/yaml_cantera2Test.py::TestCanteraWriter2::test_reaction_to_dict_arrhenius PASSED
test/rmgpy/yaml_cantera2Test.py::TestCanteraWriter2::test_reaction_to_dict_negative_a_arrhenius PASSED
test/rmgpy/yaml_cantera2Test.py::TestCanteraWriter2::test_reaction_to_dict_duplicates PASSED
test/rmgpy/yaml_cantera2Test.py::TestCanteraWriter2::test_reaction_to_dict_troe PASSED
test/rmgpy/yaml_cantera2Test.py::TestCanteraWriter2::test_generate_cantera_data_detects_plasma PASSED
test/rmgpy/yaml_cantera2Test.py::TestCanteraWriter2::test_full_integration_plasma_model PASSED
test/rmgpy/yaml_cantera2Test.py::TestCanteraWriter2::test_reaction_to_dict_pdep_arrhenius PASSED
test/rmgpy/yaml_cantera2Test.py::TestCanteraWriter2::test_reaction_to_dict_chebyshev PASSED
test/rmgpy/yaml_cantera2Test.py::TestCanteraWriter2::test_reaction_to_dict_lindemann PASSED
test/rmgpy/yaml_cantera2Test.py::TestCanteraWriter2::test_reaction_to_dict_negative_a_falloff PASSED
test/rmgpy/yaml_cantera2Test.py::TestCanteraWriter2::test_cantera_writer_class_listener PASSED
test/rmgpy/yaml_cantera2Test.py::TestCanteraWriter2::test_species_to_dict_surface_no_transport PASSED
test/rmgpy/yaml_cantera2Test.py::TestCanteraWriter2::test_species_to_dict_surface_thermo PASSED
test/rmgpy/yaml_cantera2Test.py::TestCanteraWriter2::test_reaction_to_dict_surface_arrhenius PASSED
test/rmgpy/yaml_cantera2Test.py::TestCanteraWriter2::test_reaction_to_dict_sticking_coefficient PASSED
test/rmgpy/yaml_cantera2Test.py::TestCanteraWriter2::test_reaction_to_dict_negative_a_sticking_coefficient PASSED
test/rmgpy/yaml_cantera2Test.py::TestCanteraWriter2::test_reaction_to_dict_coverage_dependence PASSED
test/rmgpy/yaml_cantera2Test.py::TestCanteraWriter2::test_reaction_to_dict_thirdbody_unit PASSED
test/rmgpy/yaml_cantera2Test.py::TestCanteraWriter2::test_get_elements_block_isotopes_and_surface_site PASSED
test/rmgpy/yaml_cantera2Test.py::TestCanteraWriter2::test_generate_cantera_data_elements_block PASSED
test/rmgpy/yaml_cantera2Test.py::TestCanteraWriter2::test_generate_cantera_data_gas_phase_state PASSED
test/rmgpy/yaml_cantera2Test.py::TestCanteraWriter2::test_generate_cantera_data_gas_reactions_key PASSED
test/rmgpy/yaml_cantera2Test.py::TestCanteraWriter2::test_generate_cantera_data_surface_phase_state_and_reactions_key PASSED
test/rmgpy/yaml_cantera2Test.py::TestCanteraWriter2::test_species_to_dict_surface_sites_count PASSED
test/rmgpy/yaml_cantera2Test.py::TestCanteraWriter2::test_species_to_dict_gas_no_sites_field PASSED
test/rmgpy/yaml_cantera2Test.py::TestCanteraWriter2::test_species_to_dict_transport_note_always_present PASSED
test/rmgpy/yaml_cantera2Test.py::TestRecentlyGeneratedCanteraYaml2GasOnly::testGeneratorsAsExpected PASSED
test/rmgpy/yaml_cantera2Test.py::TestRecentlyGeneratedCanteraYaml2GasOnly::testKeysMatch PASSED
test/rmgpy/yaml_cantera2Test.py::TestRecentlyGeneratedCanteraYaml2GasOnly::testPhasesMatch PASSED
test/rmgpy/yaml_cantera2Test.py::TestRecentlyGeneratedCanteraYaml2GasOnly::testElementsMatch PASSED
test/rmgpy/yaml_cantera2Test.py::TestRecentlyGeneratedCanteraYaml2GasOnly::testSpeciesMatch PASSED

=================================== FAILURES ===================================
_ TestLithiumChargeNetworkReachesTheModel.test_the_two_channels_are_not_a_reverse_pair _

self = <i134DuplicateElectronsTest.TestLithiumChargeNetworkReachesTheModel object at 0x798be29bcca0>

    def test_the_two_channels_are_not_a_reverse_pair(self):
        """The measurement the whole repair turns on. Their net counts are equal
        and opposite -- the relation a reverse pair has -- but their placements
        are not mirror images, because the reverse of the ionisation is the
        three-body channel and not the radiative one."""
        database = self._database()
        ionisation = self._sole_reaction(database, IONISATION)
>       recombination = self._sole_reaction(database, RECOMBINATION)

test/rmgpy/i134DuplicateElectronsTest.py:457: 
_ _ _ _ _ _ _ _ _ _ _ _ _ _ _ _ _ _ _ _ _ _ _ _ _ _ _ _ _ _ _ _ _ _ _ _ _ _ _ _ 

self = <i134DuplicateElectronsTest.TestLithiumChargeNetworkReachesTheModel object at 0x798be29bcca0>
database = <rmgpy.data.kinetics.database.KineticsDatabase object at 0x798bd8dd1970>
label = 'PlasmaRadiativeRecombination'

    def _sole_reaction(self, database, label):
        reactions = database.libraries[label].get_library_reactions()
>       assert len(reactions) == 1, '{0} has {1} entries, expected 1'.format(label,
                                                                            len(reactions))
E       AssertionError: PlasmaRadiativeRecombination has 2 entries, expected 1
E       assert 2 == 1
E        +  where 2 = len([LibraryReaction(reactants=[Species(label="[Lip]", molecule=[Molecule(smiles="[Li+]")], molecular_weight=(6.941,'amu'))], products=[Species(label="[Li]", molecule=[Molecule(smiles="[Li]")], molecular_weight=(6.941,'amu'))], kinetics=BadnellRRArrhenius(A=(8.7e-12,'cm^3/(molecule*s)'), B=0.364, T0=(147,'K'), T1=(7.153e+06,'K'), C=0.1508, T2=(715400,'K'), electrons=-1, Tmin=(10,'K'), Tmax=(1e+07,'K'), comment="""Badnell (2006) RR fit, Z=3, N=2"""), reversible=False, electrons=-1), LibraryReaction(reactants=[Species(label="[Arp]", molecule=[Molecule(smiles="[Ar+]")], molecular_weight=(39.8775,'amu'))], products=[Species(label="[Ar]", molecule=[Molecule(smiles="[Ar]")], molecular_weight=(39.8775,'amu'))], kinetics=TwoTemperaturePlasma(A=(3.77e-13,'cm^3/(molecule*s)'), n=-0.651, Ea_g=(0,'kJ/mol'), Ea_e=(0,'kJ/mol'), T0=(10000,'K'), electrons=-1, Tmin=(10000,'K'), Tmax=(1e+08,'K')), reversible=False, electrons=-1)])

test/rmgpy/i134DuplicateElectronsTest.py:446: AssertionError
_ TestLithiumChargeNetworkReachesTheModel.test_both_channels_enter_the_model[True] _

self = <i134DuplicateElectronsTest.TestLithiumChargeNetworkReachesTheModel object at 0x798be29bcee0>
source_first = True

    @pytest.mark.parametrize('source_first', [True, False])
    def test_both_channels_enter_the_model(self, source_first):
        """Both orders, because the drop was order-dependent: whichever was
        offered second was the one that disappeared."""
        database = self._database()
        order = [IONISATION, RECOMBINATION] if source_first else [RECOMBINATION, IONISATION]
        verdicts = {}
        with _GlobalKineticsDatabase(database):
            model = CoreEdgeReactionModel()
            model.kinetics_database = database
            for label in order:
>               _, is_new = model.make_new_reaction(self._sole_reaction(database, label),
                                                    generate_thermo=False,
                                                    generate_kinetics=False)

test/rmgpy/i134DuplicateElectronsTest.py:478: 
_ _ _ _ _ _ _ _ _ _ _ _ _ _ _ _ _ _ _ _ _ _ _ _ _ _ _ _ _ _ _ _ _ _ _ _ _ _ _ _ 

self = <i134DuplicateElectronsTest.TestLithiumChargeNetworkReachesTheModel object at 0x798be29bcee0>
database = <rmgpy.data.kinetics.database.KineticsDatabase object at 0x798bd8e277f0>
label = 'PlasmaRadiativeRecombination'

    def _sole_reaction(self, database, label):
        reactions = database.libraries[label].get_library_reactions()
>       assert len(reactions) == 1, '{0} has {1} entries, expected 1'.format(label,
                                                                            len(reactions))
E       AssertionError: PlasmaRadiativeRecombination has 2 entries, expected 1
E       assert 2 == 1
E        +  where 2 = len([LibraryReaction(reactants=[Species(label="[Lip]", molecule=[Molecule(smiles="[Li+]")], molecular_weight=(6.941,'amu'))], products=[Species(label="[Li]", molecule=[Molecule(smiles="[Li]")], molecular_weight=(6.941,'amu'))], kinetics=BadnellRRArrhenius(A=(8.7e-12,'cm^3/(molecule*s)'), B=0.364, T0=(147,'K'), T1=(7.153e+06,'K'), C=0.1508, T2=(715400,'K'), electrons=-1, Tmin=(10,'K'), Tmax=(1e+07,'K'), comment="""Badnell (2006) RR fit, Z=3, N=2"""), reversible=False, electrons=-1), LibraryReaction(reactants=[Species(label="[Arp]", molecule=[Molecule(smiles="[Ar+]")], molecular_weight=(39.8775,'amu'))], products=[Species(label="[Ar]", molecule=[Molecule(smiles="[Ar]")], molecular_weight=(39.8775,'amu'))], kinetics=TwoTemperaturePlasma(A=(3.77e-13,'cm^3/(molecule*s)'), n=-0.651, Ea_g=(0,'kJ/mol'), Ea_e=(0,'kJ/mol'), T0=(10000,'K'), electrons=-1, Tmin=(10000,'K'), Tmax=(1e+08,'K')), reversible=False, electrons=-1)])

test/rmgpy/i134DuplicateElectronsTest.py:446: AssertionError
_ TestLithiumChargeNetworkReachesTheModel.test_both_channels_enter_the_model[False] _

self = <i134DuplicateElectronsTest.TestLithiumChargeNetworkReachesTheModel object at 0x798be29bcfa0>
source_first = False

    @pytest.mark.parametrize('source_first', [True, False])
    def test_both_channels_enter_the_model(self, source_first):
        """Both orders, because the drop was order-dependent: whichever was
        offered second was the one that disappeared."""
        database = self._database()
        order = [IONISATION, RECOMBINATION] if source_first else [RECOMBINATION, IONISATION]
        verdicts = {}
        with _GlobalKineticsDatabase(database):
            model = CoreEdgeReactionModel()
            model.kinetics_database = database
            for label in order:
>               _, is_new = model.make_new_reaction(self._sole_reaction(database, label),
                                                    generate_thermo=False,
                                                    generate_kinetics=False)

test/rmgpy/i134DuplicateElectronsTest.py:478: 
_ _ _ _ _ _ _ _ _ _ _ _ _ _ _ _ _ _ _ _ _ _ _ _ _ _ _ _ _ _ _ _ _ _ _ _ _ _ _ _ 

self = <i134DuplicateElectronsTest.TestLithiumChargeNetworkReachesTheModel object at 0x798be29bcfa0>
database = <rmgpy.data.kinetics.database.KineticsDatabase object at 0x798be23a2dc0>
label = 'PlasmaRadiativeRecombination'

    def _sole_reaction(self, database, label):
        reactions = database.libraries[label].get_library_reactions()
>       assert len(reactions) == 1, '{0} has {1} entries, expected 1'.format(label,
                                                                            len(reactions))
E       AssertionError: PlasmaRadiativeRecombination has 2 entries, expected 1
E       assert 2 == 1
E        +  where 2 = len([LibraryReaction(reactants=[Species(label="[Lip]", molecule=[Molecule(smiles="[Li+]")], molecular_weight=(6.941,'amu'))], products=[Species(label="[Li]", molecule=[Molecule(smiles="[Li]")], molecular_weight=(6.941,'amu'))], kinetics=BadnellRRArrhenius(A=(8.7e-12,'cm^3/(molecule*s)'), B=0.364, T0=(147,'K'), T1=(7.153e+06,'K'), C=0.1508, T2=(715400,'K'), electrons=-1, Tmin=(10,'K'), Tmax=(1e+07,'K'), comment="""Badnell (2006) RR fit, Z=3, N=2"""), reversible=False, electrons=-1), LibraryReaction(reactants=[Species(label="[Arp]", molecule=[Molecule(smiles="[Ar+]")], molecular_weight=(39.8775,'amu'))], products=[Species(label="[Ar]", molecule=[Molecule(smiles="[Ar]")], molecular_weight=(39.8775,'amu'))], kinetics=TwoTemperaturePlasma(A=(3.77e-13,'cm^3/(molecule*s)'), n=-0.651, Ea_g=(0,'kJ/mol'), Ea_e=(0,'kJ/mol'), T0=(10000,'K'), electrons=-1, Tmin=(10000,'K'), Tmax=(1e+08,'K')), reversible=False, electrons=-1)])

test/rmgpy/i134DuplicateElectronsTest.py:446: AssertionError
_ TestLithiumChargeNetworkReachesTheModel.test_the_cation_has_a_loss_channel_in_the_model _

self = <i134DuplicateElectronsTest.TestLithiumChargeNetworkReachesTheModel object at 0x798be29c4250>

    def test_the_cation_has_a_loss_channel_in_the_model(self):
        """The deliverable, stated as chemistry rather than as a count: the cation
        appears on the reactant side of some reaction in the model."""
        database = self._database()
        with _GlobalKineticsDatabase(database):
            model = CoreEdgeReactionModel()
            model.kinetics_database = database
            for label in (IONISATION, RECOMBINATION):
>               model.make_new_reaction(self._sole_reaction(database, label),
                                        generate_thermo=False, generate_kinetics=False)

test/rmgpy/i134DuplicateElectronsTest.py:494: 
_ _ _ _ _ _ _ _ _ _ _ _ _ _ _ _ _ _ _ _ _ _ _ _ _ _ _ _ _ _ _ _ _ _ _ _ _ _ _ _ 

self = <i134DuplicateElectronsTest.TestLithiumChargeNetworkReachesTheModel object at 0x798be29c4250>
database = <rmgpy.data.kinetics.database.KineticsDatabase object at 0x798bd8e50e80>
label = 'PlasmaRadiativeRecombination'

    def _sole_reaction(self, database, label):
        reactions = database.libraries[label].get_library_reactions()
>       assert len(reactions) == 1, '{0} has {1} entries, expected 1'.format(label,
                                                                            len(reactions))
E       AssertionError: PlasmaRadiativeRecombination has 2 entries, expected 1
E       assert 2 == 1
E        +  where 2 = len([LibraryReaction(reactants=[Species(label="[Lip]", molecule=[Molecule(smiles="[Li+]")], molecular_weight=(6.941,'amu'))], products=[Species(label="[Li]", molecule=[Molecule(smiles="[Li]")], molecular_weight=(6.941,'amu'))], kinetics=BadnellRRArrhenius(A=(8.7e-12,'cm^3/(molecule*s)'), B=0.364, T0=(147,'K'), T1=(7.153e+06,'K'), C=0.1508, T2=(715400,'K'), electrons=-1, Tmin=(10,'K'), Tmax=(1e+07,'K'), comment="""Badnell (2006) RR fit, Z=3, N=2"""), reversible=False, electrons=-1), LibraryReaction(reactants=[Species(label="[Arp]", molecule=[Molecule(smiles="[Ar+]")], molecular_weight=(39.8775,'amu'))], products=[Species(label="[Ar]", molecule=[Molecule(smiles="[Ar]")], molecular_weight=(39.8775,'amu'))], kinetics=TwoTemperaturePlasma(A=(3.77e-13,'cm^3/(molecule*s)'), n=-0.651, Ea_g=(0,'kJ/mol'), Ea_e=(0,'kJ/mol'), T0=(10000,'K'), electrons=-1, Tmin=(10000,'K'), Tmax=(1e+08,'K')), reversible=False, electrons=-1)])

test/rmgpy/i134DuplicateElectronsTest.py:446: AssertionError
_ TestTheLibraryLoadLandmineIsNotReachedFromHere.test_the_owner_appears_when_the_entry_becomes_a_library_reaction _

self = <i134DuplicateElectronsTest.TestTheLibraryLoadLandmineIsNotReachedFromHere object at 0x798be29c4760>

    def test_the_owner_appears_when_the_entry_becomes_a_library_reaction(self):
        """And from there on, the placement is available and this repair applies."""
        database = self._database()
        placements = {}
        for label in (IONISATION, RECOMBINATION):
            reactions = database.libraries[label].get_library_reactions()
>           assert len(reactions) == 1
E           assert 2 == 1
E            +  where 2 = len([LibraryReaction(reactants=[Species(label="[Lip]", molecule=[Molecule(smiles="[Li+]")], molecular_weight=(6.941,'amu'))], products=[Species(label="[Li]", molecule=[Molecule(smiles="[Li]")], molecular_weight=(6.941,'amu'))], kinetics=BadnellRRArrhenius(A=(8.7e-12,'cm^3/(molecule*s)'), B=0.364, T0=(147,'K'), T1=(7.153e+06,'K'), C=0.1508, T2=(715400,'K'), electrons=-1, Tmin=(10,'K'), Tmax=(1e+07,'K'), comment="""Badnell (2006) RR fit, Z=3, N=2"""), reversible=False, electrons=-1), LibraryReaction(reactants=[Species(label="[Arp]", molecule=[Molecule(smiles="[Ar+]")], molecular_weight=(39.8775,'amu'))], products=[Species(label="[Ar]", molecule=[Molecule(smiles="[Ar]")], molecular_weight=(39.8775,'amu'))], kinetics=TwoTemperaturePlasma(A=(3.77e-13,'cm^3/(molecule*s)'), n=-0.651, Ea_g=(0,'kJ/mol'), Ea_e=(0,'kJ/mol'), T0=(10000,'K'), electrons=-1, Tmin=(10000,'K'), Tmax=(1e+08,'K')), reversible=False, electrons=-1)])

test/rmgpy/i134DuplicateElectronsTest.py:588: AssertionError
=============================== warnings summary ===============================
test/rmgpy/electronPlacementTest.py::TestCationRecombinationPlacement::test_00_reaction_is_reverse_generated_and_reversible
  /home/alon/Code/RMG-Py-i244-chemkin-duplicate-electron-aware/rmgpy/data/kinetics/family.py:1155: DeprecationWarning: add_rules_from_training should be only called for non-ATG families, but Cation_R_Recombination is an ATG family. Skip this function call. Calling add_rules_from_training on ATG families may be deprecated in RMG-Py 3.2
    warnings.warn(f'add_rules_from_training should be only called for non-ATG families, '

test/rmgpy/electronPlacementTest.py::TestCationRecombinationPlacement::test_00_reaction_is_reverse_generated_and_reversible
  /home/alon/Code/RMG-Py-i244-chemkin-duplicate-electron-aware/rmgpy/data/kinetics/family.py:1366: DeprecationWarning: fill_rules_by_averaging_up should be only called for non-ATG families, but Cation_R_Recombination is an ATG family. Skip this function call. Calling fill_rules_by_averaging_up on ATG families may be deprecated in RMG-Py 3.2
    warnings.warn(f'fill_rules_by_averaging_up should be only called for non-ATG families, '

test/rmgpy/i244ChemkinDuplicateElectronTest.py::TestTheAnswerBelongsToTheDeck::test_a_permuted_pair_is_not_cleared_into_a_deck_cantera_rejects
test/rmgpy/i244ChemkinDuplicateElectronTest.py::TestTheAnswerBelongsToTheDeck::test_the_lone_flag_case_still_clears
test/rmgpy/i244ChemkinDuplicateElectronTest.py::TestTheAnswerBelongsToTheDeck::test_a_cross_class_pair_is_not_cleared_into_a_deck_cantera_rejects
test/rmgpy/i244ChemkinDuplicateElectronTest.py::TestTheAnswerBelongsToTheDeck::test_a_three_body_is_not_grouped_with_a_falloff_that_writes_another_equation
test/rmgpy/i244ChemkinDuplicateElectronTest.py::TestAMultiWrapperHoldingOneEntryIsNotADuplicate::test_the_chemkin_deck_cantera_converts_also_loads[MultiArrhenius]
test/rmgpy/i244ChemkinDuplicateElectronTest.py::TestAMultiWrapperHoldingOneEntryIsNotADuplicate::test_the_chemkin_deck_cantera_converts_also_loads[MultiPDepArrhenius]
test/rmgpy/i244ChemkinDuplicateElectronTest.py::TestAMultiWrapperHoldingOneEntryIsNotADuplicate::test_a_two_leaf_wrapper_is_still_marked
test/rmgpy/i244ChemkinDuplicateElectronTest.py::TestAMultiWrapperHoldingOneEntryIsNotADuplicate::test_a_one_leaf_wrapper_that_IS_a_group_duplicate_is_still_marked
  /home/alon/Code/Cantera/build/python/cantera/ck2yaml.py:2288: UserWarning: To be removed after Cantera 3.1; renamed to 'convert'
    warnings.warn(

test/rmgpy/plasmaExportTest.py::TestWritersAgreeOnTheRate::test_exported_rate_does_not_depend_on_the_reference_temperature[StickingCoefficient]
test/rmgpy/plasmaExportTest.py::TestWritersAgreeOnTheRate::test_exported_rate_does_not_depend_on_the_reference_temperature[StickingCoefficient]
  /home/alon/Code/RMG-Py-i244-chemkin-duplicate-electron-aware/test/rmgpy/plasmaExportTest.py:1146: UserWarning: StickingRate::validate: 
  Sticking coefficient is greater than 1 for reaction 'H2(3) + X(4) => H2X(6)'
  at T = 2000.0
  at T = 5000.0
  at T = 10000.0
  
    return ct.Interface(path, phase_names[-1])

-- Docs: https://docs.pytest.org/en/stable/how-to/capture-warnings.html
=========================== short test summary info ============================
FAILED test/rmgpy/i134DuplicateElectronsTest.py::TestLithiumChargeNetworkReachesTheModel::test_the_two_channels_are_not_a_reverse_pair
FAILED test/rmgpy/i134DuplicateElectronsTest.py::TestLithiumChargeNetworkReachesTheModel::test_both_channels_enter_the_model[True]
FAILED test/rmgpy/i134DuplicateElectronsTest.py::TestLithiumChargeNetworkReachesTheModel::test_both_channels_enter_the_model[False]
FAILED test/rmgpy/i134DuplicateElectronsTest.py::TestLithiumChargeNetworkReachesTheModel::test_the_cation_has_a_loss_channel_in_the_model
FAILED test/rmgpy/i134DuplicateElectronsTest.py::TestTheLibraryLoadLandmineIsNotReachedFromHere::test_the_owner_appears_when_the_entry_becomes_a_library_reaction
= 5 failed, 1082 passed, 2 skipped, 1 xfailed, 12 warnings in 2097.66s (0:34:57) =
