te_ev,pressure_torr,radius_m,lambda_m,n_ar0,k_iz,nu_ion,nu_wall,dnu,rel_dnu,p_lambda_torr_cm,ne_sub_lo,ne_sub_hi,alpha_sub_hi,n_ar_star,f_star,ne_star,alpha_star,C_wall,C_Te,C_Ar,dlnk_dlnTe,ne_ref,nu_RR,nu_3b,class
0.5,0.5,0.005,0.002078509543367318,1.619401315476905e+22,5.794971682292229e-28,9.384384765455449e-06,29474.91556995649,-29474.915560572106,0.9999999996816146,0.10392547716836589,0.04089782660187884,0.2044891330093942,1.2627452568739778e-23,9.075652729408176e+26,-56042.25896657337,nan,nan,nan,nan,nan,nan,0.2044891330093942,9.285525660920739e-20,9.461836685829086e-39,extinction
0.5,0.5,0.01,0.004154068068337296,1.619401315476905e+22,5.794971682292229e-28,9.384384765455449e-06,7379.201989222589,-7379.201979838204,0.9999999987282656,0.2077034034168648,0.16335912595900096,0.8167956297950049,5.043812315012619e-23,4.541050002079759e+26,-28040.535835991614,nan,nan,nan,nan,nan,nan,0.8167956297950049,3.7089387922834067e-19,1.5095996669305563e-37,extinction
0.5,0.5,0.02,0.008284653061723664,1.619401315476905e+22,5.794971682292229e-28,9.384384765455449e-06,1855.2735940391133,-1855.2735846547284,0.9999999949417785,0.4142326530861832,0.6497478300083909,3.2487391500419545,2.006135921339065e-22,2.2769608660519846e+26,-14059.51016687875,nan,nan,nan,nan,nan,nan,3.2487391500419545,1.4752006768969267e-18,2.3881668445730053e-36,extinction
0.5,0.5,0.05,0.020314161161742474,1.619401315476905e+22,5.794971682292229e-28,9.384384765455449e-06,308.5736433877396,-308.5736340033548,0.9999999695878602,1.0157080580871236,3.9065553659331522,19.532776829665764,1.2061727159900117e-21,9.28604959868521e+25,-5733.248521312655,nan,nan,nan,nan,nan,nan,19.532776829665764,8.869522688649048e-18,8.633024167293305e-35,extinction
0.5,0.5,0.1,0.038122848105260086,1.619401315476905e+22,5.794971682292229e-28,9.384384765455449e-06,87.61650758040058,-87.61649819601581,0.9999998928925036,1.9061424052630043,13.758367550874274,68.79183775437139,4.2479796142509964e-21,4.9481693388379765e+25,-3054.5547235558265,nan,nan,nan,nan,nan,nan,68.79183775437139,3.1237277273837665e-17,1.0708010880467652e-33,extinction
0.5,0.5,0.2,0.06271313410453205,1.619401315476905e+22,5.794971682292229e-28,9.384384765455449e-06,32.37722362856581,-32.37721424418104,0.999999710154741,3.1356567052266024,37.23173885838398,186.1586942919199,1.1495525692906896e-20,3.0079553636914023e+25,-1856.4490059652542,nan,nan,nan,nan,nan,nan,186.1586942919199,8.453169649712928e-17,7.841544815015396e-33,extinction
0.5,1.0,0.005,0.002078509543367318,3.23880263095381e+22,5.794971682292229e-28,1.8768769530910898e-05,14737.457784978245,-14737.457766209476,0.9999999987264582,0.20785095433673179,0.16359130656377063,0.8179565328188533,2.5254905161601943e-23,9.075652729408176e+26,-28020.629483286684,nan,nan,nan,nan,nan,nan,0.8179565328188533,3.7142102679159476e-19,1.5138938726246647e-37,extinction
0.5,1.0,0.01,0.004154068068337296,3.23880263095381e+22,5.794971682292229e-28,1.8768769530910898e-05,3689.6009946112945,-3689.600975842525,0.9999999949130625,0.4154068068337296,0.6534365063289967,3.2671825316449845,1.0087624668511575e-22,4.541050002079759e+26,-14019.767917995807,nan,nan,nan,nan,nan,nan,3.2671825316449845,1.4835755225735046e-18,2.4153594855190647e-36,extinction
0.5,1.0,0.02,0.008284653061723664,3.23880263095381e+22,5.794971682292229e-28,1.8768769530910898e-05,927.6367970195566,-927.6367782507871,0.999999979767114,0.8284653061723664,2.5989913594723855,12.994956797361928,4.01227190356301e-22,2.2769608660519846e+26,-7029.255083439375,nan,nan,nan,nan,nan,nan,12.994956797361928,5.90080279713041e-18,3.8210670672836293e-35,extinction
0.5,1.0,0.05,0.020314161161742474,3.23880263095381e+22,5.794971682292229e-28,1.8768769530910898e-05,154.2868216938698,-154.28680292510026,0.999999878351441,2.031416116174247,15.626222889413276,78.13111444706638,2.4123456520738093e-21,9.28604959868521e+25,-2866.1242606563274,nan,nan,nan,nan,nan,nan,78.13111444706638,3.547809399149055e-17,1.3812841188137588e-33,extinction
0.5,1.0,0.1,0.038122848105260086,3.23880263095381e+22,5.794971682292229e-28,1.8768769530910898e-05,43.80825379020029,-43.80823502143076,0.9999995715700146,3.8122848105260085,55.0334878869963,275.16743943498153,8.495961958445927e-21,4.9481693388379765e+25,-1526.7773617779133,nan,nan,nan,nan,nan,nan,275.16743943498153,1.249491492443266e-16,1.7132828419073798e-32,extinction
0.5,1.0,0.2,0.06271313410453205,3.23880263095381e+22,5.794971682292229e-28,1.8768769530910898e-05,16.188611814282904,-16.18859304551337,0.9999988406189643,6.271313410453205,148.9270849310019,744.6354246550096,2.2991071377378698e-20,3.0079553636914023e+25,-927.7245029826271,nan,nan,nan,nan,nan,nan,744.6354246550096,3.381270800021955e-16,1.2546493523271457e-31,extinction
0.5,2.0,0.005,0.002078509543367318,6.47760526190762e+22,5.794971682292229e-28,3.7537539061821795e-05,7368.728892489123,-7368.728854951583,0.9999999949058325,0.41570190867346357,0.6543652287551671,3.271826143775836,5.0509810516182965e-23,9.075652729408176e+26,-14009.814741643342,nan,nan,nan,nan,nan,nan,3.271826143775836,1.4856841128426219e-18,2.422230214708333e-36,extinction
0.5,2.0,0.01,0.004154068068337296,6.47760526190762e+22,5.794971682292229e-28,3.7537539061821795e-05,1844.8004973056472,-1844.800459768108,0.9999999796522501,0.8308136136674592,2.6137460652038755,13.06873032601938,2.0175249644913852e-22,4.541050002079759e+26,-7009.383958997903,nan,nan,nan,nan,nan,nan,13.06873032601938,5.934302180856291e-18,3.86457529478362e-35,extinction
0.5,2.0,0.02,0.008284653061723664,6.47760526190762e+22,5.794971682292229e-28,3.7537539061821795e-05,463.8183985097783,-463.81836097223925,0.9999999190684561,1.6569306123447327,10.395966068910742,51.97983034455371,8.024544294205098e-22,2.2769608660519846e+26,-3514.1275417196875,nan,nan,nan,nan,nan,nan,51.97983034455371,2.3603212621204995e-17,6.1137080498415445e-34,extinction
0.5,2.0,0.05,0.020314161161742474,6.47760526190762e+22,5.794971682292229e-28,3.7537539061821795e-05,77.1434108469349,-77.14337330939584,0.9999995134057641,4.062832232348494,62.50491436855416,312.52457184277085,4.82469306489871e-21,9.28604959868521e+25,-1432.5621303281637,nan,nan,nan,nan,nan,nan,312.52457184277085,1.4191242775629551e-16,2.2100562032028306e-32,extinction
0.5,2.0,0.1,0.038122848105260086,6.47760526190762e+22,5.794971682292229e-28,3.7537539061821795e-05,21.904126895100145,-21.904089357561084,0.9999982862800585,7.624569621052017,220.134234484427,1100.671172422135,1.6991945756478426e-20,4.9481693388379765e+25,-762.8886808889566,nan,nan,nan,nan,nan,nan,1100.671172422135,4.997972393619533e-16,2.741259593677143e-31,extinction
0.5,2.0,0.2,0.06271313410453205,6.47760526190762e+22,5.794971682292229e-28,3.7537539061821795e-05,8.094305907141452,-8.094268369602391,0.9999953624758575,12.54262682090641,595.7104116924719,2978.5520584623596,4.5982302687971943e-20,3.0079553636914023e+25,-463.36225149131354,nan,nan,nan,nan,nan,nan,2978.5520584623596,1.3525130242480882e-15,2.007452928132466e-30,extinction
0.5,5.0,0.005,0.002078509543367318,1.6194013154769048e+23,5.794971682292229e-28,9.384384765455449e-05,2947.4915569956497,-2947.4914631518022,0.9999999681614533,1.0392547716836589,4.089782789098495,20.448913945492475,1.2627452966759128e-22,9.075652729408176e+26,-5603.325896657338,nan,nan,nan,nan,nan,nan,20.448913945492475,9.28552595360201e-18,9.46183728230634e-35,extinction
0.5,5.0,0.01,0.004154068068337296,1.6194013154769048e+23,5.794971682292229e-28,9.384384765455449e-05,737.920198922259,-737.9201050784113,0.9999998728265633,2.077034034168648,16.335914652619554,81.67957326309778,5.043812950037254e-22,4.541050002079759e+26,-2803.1535835991617,nan,nan,nan,nan,nan,nan,81.67957326309778,3.708939259245172e-17,1.509600047052963e-33,extinction
0.5,5.0,0.02,0.008284653061723664,1.6194013154769048e+23,5.794971682292229e-28,9.384384765455449e-05,185.52735940391133,-185.52726556006368,0.999999494177851,4.142326530861832,64.97481553788306,324.8740776894153,2.006136925940076e-21,2.2769608660519846e+26,-1405.0510166878753,nan,nan,nan,nan,nan,nan,324.8740776894153,1.475201415624585e-16,2.38816923639043e-32,extinction
0.5,5.0,0.05,0.020314161161742474,1.6194013154769048e+23,5.794971682292229e-28,9.384384765455449e-05,30.857364338773966,-30.85727049492631,0.9999969587860251,10.157080580871238,390.6567127832986,1953.2835639164928,1.2061763475480823e-20,9.28604959868521e+25,-572.4248521312655,nan,nan,nan,nan,nan,nan,1953.2835639164928,8.869549393105445e-16,8.633076152179661e-31,extinction
0.5,5.0,0.1,0.038122848105260086,1.6194013154769048e+23,5.794971682292229e-28,9.384384765455449e-05,8.761650758040059,-8.761556914192404,0.9999892892503655,19.061424052630045,1375.851344124278,6879.256720621391,4.2480246587890954e-20,4.9481693388379765e+25,-304.5554723555827,nan,nan,nan,nan,nan,nan,6879.256720621391,3.123760850629498e-15,1.0708237971934732e-29,extinction
0.5,5.0,0.2,0.06271313410453205,1.6194013154769048e+23,5.794971682292229e-28,9.384384765455449e-05,3.237722362856581,-3.2376285190089265,0.9999710154741088,31.356567052266026,3723.2807242206486,18616.403621103243,1.1495855562906477e-19,3.0079553636914023e+25,-184.74490059652544,nan,nan,nan,nan,nan,nan,18616.403621103243,8.453412217747074e-15,7.841994855764664e-29,extinction
0.5,10.0,0.005,0.002078509543367318,3.2388026309538096e+23,5.794971682292229e-28,0.00018768769530910898,1473.7457784978249,-1473.7455908101294,0.999999872645813,2.0785095433673177,16.359132718947066,81.79566359473533,2.5254908345757073e-22,9.075652729408176e+26,-2801.162948328669,nan,nan,nan,nan,nan,nan,81.79566359473533,3.714210736206032e-17,1.5138942543701679e-33,extinction
0.5,10.0,0.01,0.004154068068337296,3.2388026309538096e+23,5.794971682292229e-28,0.00018768769530910898,368.9600994611295,-368.9599117734342,0.9999994913062535,4.154068068337296,65.34368354042378,326.71841770211887,1.0087629748710624e-21,4.541050002079759e+26,-1401.0767917995809,nan,nan,nan,nan,nan,nan,326.71841770211887,1.4835762697126185e-16,2.4153619183038775e-32,extinction
0.5,10.0,0.02,0.008284653061723664,3.2388026309538096e+23,5.794971682292229e-28,0.00018768769530910898,92.76367970195567,-92.76349201426035,0.9999979767114034,8.284653061723663,259.89965654074024,1299.498282703701,4.0122799403834184e-21,2.2769608660519846e+26,-702.0255083439376,nan,nan,nan,nan,nan,nan,1299.498282703701,5.900814616791063e-16,3.8210823749503485e-31,extinction
0.5,10.0,0.05,0.020314161161742474,3.2388026309538096e+23,5.794971682292229e-28,0.00018768769530910898,15.428682169386983,-15.428494481691674,0.9999878351441005,20.314161161742476,1562.6411081544804,7813.205540772402,2.4123747048060955e-20,9.28604959868521e+25,-285.71242606563277,nan,nan,nan,nan,nan,nan,7813.205540772402,3.5478521266730255e-15,1.381317389600912e-29,extinction
0.5,10.0,0.1,0.038122848105260086,3.2388026309538096e+23,5.794971682292229e-28,0.00018768769530910898,4.380825379020029,-4.38063769132472,0.9999571570014619,38.12284810526009,5503.582220865031,27517.91110432515,8.496322326446078e-20,4.9481693388379765e+25,-151.77773617779135,nan,nan,nan,nan,nan,nan,27517.91110432515,1.2495444913564599e-14,1.713428187521837e-28,extinction
0.5,10.0,0.2,0.06271313410453205,3.2388026309538096e+23,5.794971682292229e-28,0.00018768769530910898,1.6188611814282905,-1.6186734937329814,0.9998840618964354,62.71313410453205,14894.418057359657,74472.09028679828,2.2993710569163846e-19,3.0079553636914023e+25,-91.87245029826272,nan,nan,nan,nan,nan,nan,74472.09028679828,3.381658942965461e-14,1.2549374163553668e-27,extinction
0.5,20.0,0.005,0.002078509543367318,6.477605261907619e+23,5.794971682292229e-28,0.00037537539061821795,736.8728892489124,-736.8725138735218,0.9999994905832524,4.1570190867346355,65.43655587664954,327.1827793832477,5.050983598943387e-22,9.075652729408176e+26,-1400.0814741643344,nan,nan,nan,nan,nan,nan,327.1827793832477,1.4856848621070476e-16,2.4222326578809738e-32,extinction
0.5,20.0,0.01,0.004154068068337296,6.477605261907619e+23,5.794971682292229e-28,0.00037537539061821795,184.48004973056476,-184.47967435517413,0.9999979652250138,8.308136136674593,261.37513304158506,1306.8756652079253,2.0175290286568923e-21,4.541050002079759e+26,-700.0383958997904,nan,nan,nan,nan,nan,nan,1306.8756652079253,5.934314135100553e-16,3.8645908646424396e-31,extinction
0.5,20.0,0.02,0.008284653061723664,6.477605261907619e+23,5.794971682292229e-28,0.00037537539061821795,46.38183985097783,-46.381464475587215,0.999991906845614,16.569306123447326,1039.6049364381665,5198.024682190832,8.024608589162537e-21,2.2769608660519846e+26,-350.5127541719688,nan,nan,nan,nan,nan,nan,5198.024682190832,2.360340173693484e-15,6.113806019809477e-30,extinction
0.5,20.0,0.05,0.020314161161742474,6.477605261907619e+23,5.794971682292229e-28,0.00037537539061821795,7.7143410846934914,-7.713965709302873,0.9999513405764022,40.62832232348495,6250.792555365082,31253.96277682541,4.824925495324377e-20,9.28604959868521e+25,-142.35621303281638,nan,nan,nan,nan,nan,nan,31253.96277682541,1.419192644121298e-14,2.2102691480142676e-28,extinction
0.5,20.0,0.1,0.038122848105260086,6.477605261907619e+23,5.794971682292229e-28,0.00037537539061821795,2.1904126895100147,-2.1900373141193965,0.9998286280058476,76.24569621052018,22017.158848017305,110085.79424008653,1.6994829074790962e-19,4.9481693388379765e+25,-75.38886808889568,nan,nan,nan,nan,nan,nan,110085.79424008653,4.9988204863297263e-14,2.742189986781867e-27,extinction
0.5,20.0,0.2,0.06271313410453205,6.477605261907619e+23,5.794971682292229e-28,0.00037537539061821795,0.8094305907141452,-0.809055215323527,0.9995362475857417,125.4262682090641,59598.40381075874,297992.0190537937,4.600342364271155e-19,3.0079553636914023e+25,-45.43622514913136,nan,nan,nan,nan,nan,nan,297992.0190537937,1.3531342712213793e-13,2.0092975099630326e-26,extinction
0.5,50.0,0.005,0.002078509543367318,1.619401315476905e+24,5.794971682292229e-28,0.000938438476545545,294.7491556995649,-294.7482172610883,0.9999968161453275,10.392547716836589,408.9795680200843,2044.8978401004215,1.2627492768821234e-21,9.075652729408176e+26,-559.4325896657336,nan,nan,nan,nan,nan,nan,2044.8978401004215,9.285555221822743e-16,9.461896930317655e-31,extinction
0.5,50.0,0.01,0.004154068068337296,1.619401315476905e+24,5.794971682292229e-28,0.000938438476545545,73.7920198922259,-73.79108145374934,0.9999872826563371,20.77034034168648,1633.6120327181472,8168.060163590738,5.0438764533084795e-21,4.541050002079759e+26,-279.4153583599161,nan,nan,nan,nan,nan,nan,8168.060163590738,3.708985956015665e-15,1.5096380600188137e-29,extinction
0.5,50.0,0.02,0.008284653061723664,1.619401315476905e+24,5.794971682292229e-28,0.000938438476545545,18.55273594039113,-18.551797501914585,0.9999494177850878,41.42326530861832,6497.8069406853565,32489.034703426783,2.0062373911224676e-20,2.2769608660519846e+26,-139.6051016687875,nan,nan,nan,nan,nan,nan,32489.034703426783,1.475275292126916e-14,2.3884084362800084e-28,extinction
0.5,50.0,0.05,0.020314161161742474,1.619401315476905e+24,5.794971682292229e-28,0.000938438476545545,3.085736433877396,-3.0847979954008506,0.9996958786025136,101.57080580871236,39077.43675594085,195387.18377970427,1.2065396138211965e-19,9.28604959868521e+25,-56.342485213126544,nan,nan,nan,nan,nan,nan,195387.18377970427,8.872220651051091e-14,8.63827701299725e-27,extinction
0.5,50.0,0.1,0.038122848105260086,1.619401315476905e+24,5.794971682292229e-28,0.000938438476545545,0.8761650758040057,-0.8752266373274602,0.9989289250365471,190.61424052630042,137731.1811923617,688655.9059618085,4.252533941896935e-19,4.9481693388379765e+25,-29.555547235558265,nan,nan,nan,nan,nan,nan,688655.9059618085,3.127076726399553e-13,1.073098365189547e-25,extinction
0.5,50.0,0.2,0.06271313410453205,1.619401315476905e+24,5.794971682292229e-28,0.000938438476545545,0.32377223628565804,-0.3228337978091125,0.9971015474108855,313.56567052266024,373399.56159549055,1866997.807977453,1.1528938442461572e-18,3.0079553636914023e+25,-17.57449005965254,nan,nan,nan,nan,nan,nan,1866997.807977453,8.47773952567983e-13,7.887195332266016e-25,extinction
0.7,0.5,0.005,0.002078509543367318,1.619401315476905e+22,5.373863966283572e-24,0.08702442376193556,41264.88179793909,-41264.79477351533,0.9999978910778374,0.10392547716836589,0.029212794885265965,0.14606397442632985,9.019627996492938e-24,1.115126694494013e+25,-687.604290879938,nan,nan,nan,nan,nan,nan,0.14606397442632985,5.1532753443457564e-20,1.0620502055470322e-39,extinction
0.7,0.5,0.01,0.004154068068337296,1.619401315476905e+22,5.373863966283572e-24,0.08702442376193556,10330.882784911624,-10330.795760487863,0.9999915762838885,0.2077034034168648,0.11668607275267356,0.5834303637633679,3.6027534261422456e-23,5.579594360130885e+24,-343.54673506843017,nan,nan,nan,nan,nan,nan,0.5834303637633679,2.058397575810772e-19,1.6944816694876016e-38,extinction
0.7,0.5,0.02,0.008284653061723664,1.619401315476905e+22,5.373863966283572e-24,0.08702442376193556,2597.3830316547583,-2597.296007230996,0.9999664953444672,0.4142326530861832,0.4641211407345332,2.3206057036726664,1.4330022345259492e-22,2.797704936224846e+24,-171.76168109082565,nan,nan,nan,nan,nan,nan,2.3206057036726664,8.187316690274025e-19,2.6807821964206575e-37,extinction
0.7,0.5,0.05,0.020314161161742474,1.619401315476905e+22,5.373863966283572e-24,0.08702442376193556,432.00310074283544,-431.9160763190735,0.9997985560205186,1.0157080580871236,2.7909588269429855,13.954794134714929,8.617255032058138e-22,1.140978186652648e+24,-69.45679015745618,nan,nan,nan,nan,nan,nan,13.954794134714929,4.92338352645045e-18,9.694059656194104e-36,extinction
0.7,0.5,0.1,0.038122848105260086,1.619401315476905e+22,5.373863966283572e-24,0.08702442376193556,122.6631106125608,-122.57608618879887,0.9992905411959035,1.9061424052630043,9.834381429380754,49.17190714690378,3.0364250465254757e-21,6.079822447079062e+23,-36.54364275842636,nan,nan,nan,nan,nan,nan,49.17190714690378,1.734831451285775e-17,1.2036297833488537e-34,extinction
0.7,0.5,0.2,0.06271313410453205,1.619401315476905e+22,5.373863966283572e-24,0.08702442376193556,45.32811307999213,-45.24108865623019,0.9980801225145118,3.1356567052266024,26.645247086362794,133.226235431814,8.226882006241892e-21,3.6958788771520804e+23,-21.822501388815187,nan,nan,nan,nan,nan,nan,133.226235431814,4.7003477549287514e-17,8.835646505362494e-34,extinction
0.7,1.0,0.005,0.002078509543367318,3.23880263095381e+22,5.373863966283572e-24,0.17404884752387112,20632.440898969544,-20632.26685012202,0.9999915643113495,0.20785095433673179,0.11685191883742713,0.5842595941871357,1.8039370124108933e-23,1.115126694494013e+25,-343.302145439969,nan,nan,nan,nan,nan,nan,0.5842595941871357,2.0613231792762175e-19,1.699301831024333e-38,extinction
0.7,1.0,0.01,0.004154068068337296,3.23880263095381e+22,5.373863966283572e-24,0.17404884752387112,5165.441392455812,-5165.267343608288,0.9999663051355536,0.4154068068337296,0.4667560865723567,2.3337804328617837,7.205688949852736e-23,5.579594360130885e+24,-171.27336753421508,nan,nan,nan,nan,nan,nan,2.3337804328617837,8.233798382536174e-19,2.7113077063214243e-37,extinction
0.7,1.0,0.02,0.008284653061723664,3.23880263095381e+22,5.373863966283572e-24,0.17404884752387112,1298.6915158273791,-1298.5174669798553,0.9998659813778694,0.8284653061723664,1.8566711905770605,9.283355952885303,2.866292581141755e-22,2.797704936224846e+24,-85.38084054541282,nan,nan,nan,nan,nan,nan,9.283355952885303,3.2752558961017523e-18,4.290113932560396e-36,extinction
0.7,1.0,0.05,0.020314161161742474,3.23880263095381e+22,5.373863966283572e-24,0.17404884752387112,216.00155037141772,-215.82750152389386,0.9991942240820745,2.031416116174247,11.170587410685881,55.852937053429415,1.7244933828209537e-21,1.140978186652648e+24,-34.22839507872809,nan,nan,nan,nan,nan,nan,55.852937053429415,1.970544513506331e-17,1.5529263217354751e-34,extinction
0.7,1.0,0.1,0.038122848105260086,3.23880263095381e+22,5.373863966283572e-24,0.17404884752387112,61.3315553062804,-61.15750645875653,0.9971621647836143,3.8122848105260085,39.42148905348971,197.10744526744858,6.0858121882345605e-21,6.079822447079062e+23,-17.77182137921318,nan,nan,nan,nan,nan,nan,197.10744526744858,6.95413733518552e-17,1.93403744402537e-33,extinction
0.7,1.0,0.2,0.06271313410453205,3.23880263095381e+22,5.373863966283572e-24,0.17404884752387112,22.664056539996064,-22.490007692472194,0.9923204900580476,6.271313410453205,107.19960634827059,535.9980317413531,1.654926504686408e-20,3.6958788771520804e+23,-10.411250694407594,nan,nan,nan,nan,nan,nan,535.9980317413531,1.8910518164653322e-16,1.43016191858204e-32,extinction
0.7,2.0,0.005,0.002078509543367318,6.47760526190762e+22,5.373863966283572e-24,0.34809769504774224,10316.220449484772,-10315.872351789723,0.9999662572453979,0.41570190867346357,0.4674195044657219,2.3370975223286097,3.6079653326086546e-23,1.115126694494013e+25,-171.1510727199845,nan,nan,nan,nan,nan,nan,2.3370975223286097,8.245501388312595e-19,2.7190205499232114e-37,extinction
0.7,2.0,0.01,0.004154068068337296,6.47760526190762e+22,5.373863966283572e-24,0.34809769504774224,2582.720696227906,-2582.3725985328583,0.9998652205422149,0.8308136136674592,1.8672130991262297,9.33606549563115,1.4412834864348817e-22,5.579594360130885e+24,-85.13668376710754,nan,nan,nan,nan,nan,nan,9.33606549563115,3.2938523219562954e-18,4.3389695212727525e-36,extinction
0.7,2.0,0.02,0.008284653061723664,6.47760526190762e+22,5.373863966283572e-24,0.34809769504774224,649.3457579136896,-648.9976602186418,0.9994639255114777,1.6569306123447327,7.429672306030743,37.14836153015372,5.734891217995233e-22,2.797704936224846e+24,-42.19042027270641,nan,nan,nan,nan,nan,nan,37.14836153015372,1.3106293752997789e-17,6.869705932879374e-35,extinction
0.7,2.0,0.05,0.020314161161742474,6.47760526190762e+22,5.373863966283572e-24,0.34809769504774224,108.00077518570886,-107.65267749066112,0.9967768963282978,4.062832232348494,44.79071078583706,223.95355392918532,3.4573510560480215e-21,1.140978186652648e+24,-16.614197539364046,nan,nan,nan,nan,nan,nan,223.95355392918532,7.901293472771877e-17,2.4967481530619235e-33,extinction
0.7,2.0,0.1,0.038122848105260086,6.47760526190762e+22,5.373863966283572e-24,0.34809769504774224,30.6657776531402,-30.31767995809246,0.9886486591344571,7.624569621052017,159.04383018325709,795.2191509162855,1.2276437336999719e-20,6.079822447079062e+23,-8.38591068960659,nan,nan,nan,nan,nan,nan,795.2191509162855,2.805608473864551e-16,3.147983742504639e-32,extinction
0.7,2.0,0.2,0.06271313410453205,6.47760526190762e+22,5.373863966283572e-24,0.34809769504774224,11.332028269998032,-10.98393057495029,0.9692819602321904,12.54262682090641,438.9903878126994,2194.9519390634973,3.388523768144982e-20,3.6958788771520804e+23,-4.705625347203797,nan,nan,nan,nan,nan,nan,2194.9519390634973,7.743998308977171e-16,2.3983295064304424e-31,extinction
0.7,5.0,0.005,0.002078509543367318,1.6194013154769048e+23,5.373863966283572e-24,0.8702442376193554,4126.488179793909,-4125.617935556289,0.999789107783737,1.0392547716836589,2.9218895315345206,14.609447657672604,9.021511541362557e-23,1.115126694494013e+25,-67.86042908799382,nan,nan,nan,nan,nan,nan,14.609447657672604,5.154351489098106e-18,1.062493822088162e-35,extinction
0.7,5.0,0.01,0.004154068068337296,1.6194013154769048e+23,5.373863966283572e-24,0.8702442376193554,1033.0882784911626,-1032.2180342535432,0.9991576283888437,2.077034034168648,11.678346489780488,58.39173244890244,3.6057604678248883e-22,5.579594360130885e+24,-33.45467350684302,nan,nan,nan,nan,nan,nan,58.39173244890244,2.0601156193674028e-17,1.697311451511731e-34,extinction
0.7,5.0,0.02,0.008284653061723664,1.6194013154769048e+23,5.373863966283572e-24,0.8702442376193554,259.7383031654759,-258.8680589278565,0.9966495344467352,4.142326530861832,46.56657876965986,232.8328938482993,1.437771425915702e-21,2.797704936224846e+24,-16.276168109082565,nan,nan,nan,nan,nan,nan,232.8328938482993,8.21456499409635e-17,2.6986557744037384e-33,extinction
0.7,5.0,0.05,0.020314161161742474,1.6194013154769048e+23,5.373863966283572e-24,0.8702442376193554,43.20031007428355,-42.3300658366642,0.9798556020518613,10.157080580871238,284.7763077791362,1423.881538895681,8.792641609509597e-21,1.140978186652648e+24,-6.04567901574562,nan,nan,nan,nan,nan,nan,1423.881538895681,5.023588914706064e-16,1.0092680809590856e-31,extinction
0.7,5.0,0.1,0.038122848105260086,1.6194013154769048e+23,5.373863966283572e-24,0.8702442376193554,12.266311061256083,-11.396066823636728,0.929054119590357,19.061424052630045,1057.7859926207507,5288.929963103753,3.265978551799677e-20,6.079822447079062e+23,-2.754364275842636,nan,nan,nan,nan,nan,nan,5288.929963103753,1.8659845785985247e-15,1.3924975894801836e-30,extinction
0.7,5.0,0.2,0.06271313410453205,1.6194013154769048e+23,5.373863966283572e-24,0.8702442376193554,4.532811307999213,-3.662567070379858,0.80801225145119,31.356567052266026,3291.298050075778,16456.49025037889,1.0162082797575439e-19,3.6958788771520804e+23,-1.282250138881519,nan,nan,nan,nan,nan,nan,16456.49025037889,5.806005607804188e-15,1.3481345954102102e-29,extinction
0.7,10.0,0.005,0.002078509543367318,3.2388026309538096e+23,5.373863966283572e-24,1.7404884752387109,2063.2440898969544,-2061.5036014217158,0.9991564311349485,2.0785095433673177,11.694958814235909,58.47479407117954,1.8054448119908755e-22,1.115126694494013e+25,-33.43021454399691,nan,nan,nan,nan,nan,nan,58.47479407117954,2.0630461120629704e-17,1.7021437011834329e-34,extinction
0.7,10.0,0.01,0.004154068068337296,3.2388026309538096e+23,5.373863966283572e-24,1.7404884752387109,516.5441392455813,-514.8036507703425,0.9966305135553745,4.154068068337296,46.83183516268661,234.15917581343302,7.229806891458354e-22,5.579594360130885e+24,-16.22733675342151,nan,nan,nan,nan,nan,nan,234.15917581343302,8.261357477851618e-17,2.7294879513393425e-33,extinction
0.7,10.0,0.02,0.008284653061723664,3.2388026309538096e+23,5.373863966283572e-24,1.7404884752387109,129.86915158273794,-128.12866310749922,0.986598137786941,8.284653061723663,188.16398399317163,940.8199199658582,2.9048386924670117e-21,2.797704936224846e+24,-7.638084054541283,nan,nan,nan,nan,nan,nan,940.8199199658582,3.3193017758631097e-16,4.406277331560864e-32,extinction
0.7,10.0,0.05,0.020314161161742474,3.2388026309538096e+23,5.373863966283572e-24,1.7404884752387109,21.600155037141775,-19.859666561903065,0.919422408207445,20.314161161742476,1213.978071528895,6069.8903576444745,1.8741155449342478e-20,1.140978186652648e+24,-2.52283950787281,nan,nan,nan,nan,nan,nan,6069.8903576444745,2.1415148017013524e-15,1.8340894495458788e-30,extinction
0.7,10.0,0.1,0.038122848105260086,3.2388026309538096e+23,5.373863966283572e-24,1.7404884752387109,6.133155530628041,-4.392667055389331,0.716216478361428,38.12284810526009,5488.5106041548415,27442.553020774205,8.473055060070926e-20,6.079822447079062e+23,-0.877182137921318,nan,nan,nan,nan,nan,nan,27442.553020774205,9.681992594223448e-15,3.748934424112175e-29,extinction
0.7,10.0,0.2,0.06271313410453205,3.2388026309538096e+23,5.373863966283572e-24,1.7404884752387109,2.2664056539996067,-0.5259171787608958,0.2320490058047601,62.71313410453205,45842.19852036251,229210.99260181253,7.07702872694997e-19,3.6958788771520804e+23,-0.14112506944075953,nan,nan,nan,nan,nan,nan,229210.99260181253,8.086780888080602e-14,2.615349319600943e-27,extinction
0.7,20.0,0.005,0.002078509543367318,6.477605261907619e+23,5.373863966283572e-24,3.4809769504774217,1031.6220449484772,-1028.1410679979997,0.9966257245397937,4.1570190867346355,46.89862211412582,234.49311057062909,3.6200586650377667e-22,1.115126694494013e+25,-16.215107271998455,nan,nan,nan,nan,nan,nan,234.49311057062909,8.273139012330857e-17,2.737278556325443e-33,extinction
0.7,20.0,0.01,0.004154068068337296,6.477605261907619e+23,5.373863966283572e-24,3.4809769504774217,258.27206962279064,-254.79109267231323,0.9865220542214982,8.308136136674593,189.2468018498025,946.2340092490125,1.4607775111173597e-21,5.579594360130885e+24,-7.613668376710756,nan,nan,nan,nan,nan,nan,946.2340092490125,3.3384031955831634e-16,4.457136416865581e-32,extinction
0.7,20.0,0.02,0.008284653061723664,6.477605261907619e+23,5.373863966283572e-24,3.4809769504774217,64.93457579136897,-61.45359884089155,0.9463925511477645,16.569306123447326,784.631011649836,3923.15505824918,6.056489859485251e-21,2.797704936224846e+24,-3.3190420272706413,nan,nan,nan,nan,nan,nan,3923.15505824918,1.3841262579033627e-15,7.661781576333914e-31,extinction
0.7,20.0,0.05,0.020314161161742474,6.477605261907619e+23,5.373863966283572e-24,3.4809769504774217,10.800077518570887,-7.319100568093466,0.67768963282978,40.62832232348495,6588.022528103096,32940.11264051548,5.0852300053268137e-20,1.140978186652648e+24,-0.7614197539364049,nan,nan,nan,nan,nan,nan,32940.11264051548,1.1621583691463688e-14,5.40143283053565e-29,extinction
0.7,20.0,0.1,0.038122848105260086,6.477605261907619e+23,5.373863966283572e-24,3.4809769504774217,3.0665777653140207,0.414399185163401,0.11904680526728724,76.24569621052018,nan,nan,nan,6.079822447079062e+23,0.061408931039340975,1.4083189957933405e+21,0.0023163817826126506,7.642138147294574,167.3044246058996,15.284276294589148,22.89235805232437,1.4083189957933405e+21,496.8682788825545,98732.6728813831,volume-growth (steady state OUT OF SUPPORT)
0.7,20.0,0.2,0.06271313410453205,6.477605261907619e+23,5.373863966283572e-24,3.4809769504774217,1.1332028269998033,2.3477741234776186,0.6744583939734555,125.4262682090641,nan,nan,nan,3.6958788771520804e+23,0.42943746527962023,9.848485059464448e+21,0.02664720729985978,0.6643138767001484,14.543397247847311,1.3286277534002968,22.89235805232437,9.848485059464448e+21,3474.638796830317,4828338.179797571,volume-growth (steady state OUT OF SUPPORT)
0.7,50.0,0.005,0.002078509543367318,1.619401315476905e+24,5.373863966283572e-24,8.702442376193556,412.64881797939086,-403.9463756031973,0.978910778373711,10.392547716836589,298.42079506252094,1492.103975312605,9.213923448451616e-22,1.115126694494013e+25,-5.88604290879938,nan,nan,nan,nan,nan,nan,1492.103975312605,5.264284131236578e-16,1.108299136337939e-31,extinction
0.7,50.0,0.01,0.004154068068337296,1.619401315476905e+24,5.373863966283572e-24,8.702442376193556,103.30882784911624,-94.60638547292268,0.9157628388843635,20.77034034168648,1274.1845908977396,6370.922954488698,3.934122378190421e-21,5.579594360130885e+24,-2.4454673506843014,nan,nan,nan,nan,nan,nan,6370.922954488698,2.247721952729147e-15,2.0205217326264783e-30,extinction
0.7,50.0,0.02,0.008284653061723664,1.619401315476905e+24,5.373863966283572e-24,8.702442376193556,25.973830316547584,-17.27138794035403,0.664953444673528,41.42326530861832,6979.520058632815,34897.60029316408,2.1549692444758156e-20,2.797704936224846e+24,-0.7276168109082564,nan,nan,nan,nan,nan,nan,34897.60029316408,1.231220387326239e-14,6.062474823404296e-29,extinction
0.7,50.0,0.05,0.020314161161742474,1.619401315476905e+24,5.373863966283572e-24,8.702442376193556,4.320031007428354,4.382411368765202,0.5035840720708187,101.57080580871236,nan,nan,nan,1.140978186652648e+24,0.29543209842543816,1.6938197308510636e+22,0.014845329653674782,1.1924362744090624,26.10524187394291,2.384872548818125,22.89235805232437,1.6938197308510636e+22,5975.95641981086,14282137.010833416,volume-growth (steady state OUT OF SUPPORT)
0.7,50.0,0.1,0.038122848105260086,1.619401315476905e+24,5.373863966283572e-24,8.702442376193556,1.226631106125608,7.475811270067948,0.859047488842766,190.61424052630042,nan,nan,nan,6.079822447079062e+23,0.6245635724157365,3.5808502453418968e+22,0.058897283210338644,0.3005590176610211,6.5799456304899575,0.6011180353220422,22.89235805232437,3.5808502453418968e+22,12633.57878189329,63830924.92143652,volume-growth (steady state OUT OF SUPPORT)
0.7,50.0,0.2,0.06271313410453205,1.619401315476905e+24,5.373863966283572e-24,8.702442376193556,0.4532811307999213,8.249161245393635,0.9479133430357529,313.56567052266024,nan,nan,nan,3.6958788771520804e+23,0.7717749861118481,4.424866851709007e+22,0.11972434700345647,0.14785722392865733,3.2369432868688683,0.29571444785731466,22.89235805232437,4.424866851709007e+22,15611.349299841051,97467366.91967818,volume-growth (steady state OUT OF SUPPORT)
0.8,0.5,0.005,0.002078509543367318,1.619401315476905e+22,9.426400837399843e-23,1.5265125916297904,47159.86491193038,-47158.338399338754,0.9999676311076277,0.10392547716836589,0.025561969030660357,0.1278098451533018,7.89241332162698e-24,2.8463648552663254e+24,-174.76649024939726,nan,nan,nan,nan,nan,nan,0.1278098451533018,4.0795342403084004e-20,4.458858350975393e-40,extinction
0.8,0.5,0.01,0.004154068068337296,1.619401315476905e+22,9.426400837399843e-23,1.5265125916297904,11806.72318275614,-11805.19667016451,0.9998707081915955,0.2077034034168648,0.10211265592447769,0.5105632796223885,3.1527903228362534e-23,1.4241934456178526e+24,-86.9456767143872,nan,nan,nan,nan,nan,nan,0.5105632796223885,1.629655664292054e-19,7.115316315584209e-39,extinction
0.8,0.5,0.02,0.008284653061723664,1.619401315476905e+22,9.426400837399843e-23,1.5265125916297904,2968.4377504625804,-2966.9112378709506,0.9994857521969622,0.4142326530861832,0.406301331268115,2.0315066563405755,1.254480058108578e-22,7.141151803821579e+23,-43.0974805662582,nan,nan,nan,nan,nan,nan,2.0315066563405755,6.484321261805166e-19,1.1265009384189207e-37,extinction
0.8,0.5,0.05,0.020314161161742474,1.619401315476905e+22,9.426400837399843e-23,1.5265125916297904,493.71782942038334,-492.19131682875354,0.996908127475522,1.0157080580871236,2.4491695494918897,12.24584774745945,7.561959861600528e-22,2.912350880979681e+23,-16.984120755898047,nan,nan,nan,nan,nan,nan,12.24584774745945,3.908725116397948e-18,4.0932924049318806e-36,extinction
0.8,0.5,0.1,0.038122848105260086,1.619401315476905e+22,9.426400837399843e-23,1.5265125916297904,140.1864121286409,-138.6598995370111,0.9891108377163615,1.9061424052630043,8.693645312930123,43.46822656465062,2.6842158363845383e-21,1.5518768427902662e+23,-8.58302817194666,nan,nan,nan,nan,nan,nan,43.46822656465062,1.3874527304471453e-17,5.157496032732226e-35,extinction
0.8,0.5,0.2,0.06271313410453205,1.619401315476905e+22,9.426400837399843e-23,1.5265125916297904,51.80355780570528,-50.27704521407549,0.9705326688689002,3.1356567052266024,23.976349058870696,119.8817452943535,7.402843516836898e-21,9.433743983700615e+22,-4.825451599637875,nan,nan,nan,nan,nan,nan,119.8817452943535,3.826478970611689e-17,3.922845216192312e-34,extinction
0.8,1.0,0.005,0.002078509543367318,3.23880263095381e+22,9.426400837399843e-23,3.0530251832595807,23579.93245596519,-23576.87943078193,0.9998705244305105,0.20785095433673179,0.10225780635985711,0.5112890317992856,1.5786359653805573e-23,2.8463648552663254e+24,-86.88324512469863,nan,nan,nan,nan,nan,nan,0.5112890317992856,1.6319721766484215e-19,7.135559160007785e-39,extinction
0.8,1.0,0.01,0.004154068068337296,3.23880263095381e+22,9.426400837399843e-23,3.0530251832595807,5903.36159137807,-5900.308566194811,0.9994828327663821,0.4154068068337296,0.4086091336334011,2.043045668167006,6.308027690978316e-23,1.4241934456178526e+24,-42.9728383571936,nan,nan,nan,nan,nan,nan,2.043045668167006,6.52115237899241e-19,1.139334392951559e-37,extinction
0.8,1.0,0.02,0.008284653061723664,3.23880263095381e+22,9.426400837399843e-23,3.0530251832595807,1484.2188752312902,-1481.1658500480307,0.9979430087878489,0.8284653061723664,1.6277177679490897,8.13858883974545,2.5128387762698216e-22,7.141151803821579e+23,-21.0487402831291,nan,nan,nan,nan,nan,nan,8.13858883974545,2.597738210206701e-18,1.8079785581618424e-36,extinction
0.8,1.0,0.05,0.020314161161742474,3.23880263095381e+22,9.426400837399843e-23,3.0530251832595807,246.85891471019167,-243.80588952693208,0.9876325099020881,2.031416116174247,9.888686348310195,49.44343174155098,1.526596010173987e-21,2.912350880979681e+23,-7.992060377949024,nan,nan,nan,nan,nan,nan,49.44343174155098,1.5781739857838928e-17,6.672863965526988e-35,extinction
0.8,1.0,0.1,0.038122848105260086,3.23880263095381e+22,9.426400837399843e-23,3.0530251832595807,70.09320606432046,-67.04018088106088,0.9564433508654463,3.8122848105260085,35.962313044469894,179.8115652223495,5.551791378204357e-21,1.5518768427902662e+23,-3.79151408597333,nan,nan,nan,nan,nan,nan,179.8115652223495,5.739365666613295e-17,8.825316747872583e-34,extinction
0.8,1.0,0.2,0.06271313410453205,3.23880263095381e+22,9.426400837399843e-23,3.0530251832595807,25.90177890285264,-22.84875371959306,0.8821306754756005,6.271313410453205,105.51647590893354,527.5823795446678,1.6289426669673218e-20,9.433743983700615e+22,-1.9127257998189373,nan,nan,nan,nan,nan,nan,527.5823795446678,1.6839785537290067e-16,7.597585973452601e-33,extinction
0.8,2.0,0.005,0.002078509543367318,6.47760526190762e+22,9.426400837399843e-23,6.106050366519161,11789.966227982595,-11783.860177616076,0.9994820977220421,0.41570190867346357,0.40919018641823973,2.045950932091199,3.158498934973196e-23,2.8463648552663254e+24,-42.941622562349316,nan,nan,nan,nan,nan,nan,2.045950932091199,6.530425626793987e-19,1.1425770229736696e-37,extinction
0.8,2.0,0.01,0.004154068068337296,6.47760526190762e+22,9.426400837399843e-23,6.106050366519161,2951.680795689035,-2945.5747453225163,0.9979313310655282,0.8308136136674592,1.636977622266123,8.184888111330617,1.2635669789054437e-22,1.4241934456178526e+24,-20.9864191785968,nan,nan,nan,nan,nan,nan,8.184888111330617,2.6125163725232638e-18,1.8286077344559412e-36,extinction
0.8,2.0,0.02,0.008284653061723664,6.47760526190762e+22,9.426400837399843e-23,6.106050366519161,742.1094376156451,-736.0033872491259,0.9917720351513954,1.6569306123447327,6.551382814727555,32.75691407363778,5.056948169760972e-22,7.141151803821579e+23,-10.02437014156455,nan,nan,nan,nan,nan,nan,32.75691407363778,1.0455607109918576e-17,2.928876244132048e-35,extinction
0.8,2.0,0.05,0.020314161161742474,6.47760526190762e+22,9.426400837399843e-23,6.106050366519161,123.42945735509583,-117.32340698857668,0.9505300396083524,4.062832232348494,41.09870371625568,205.4935185812784,3.1723686497185793e-21,2.912350880979681e+23,-3.496030188974512,nan,nan,nan,nan,nan,nan,205.4935185812784,6.5591022679689e-17,1.15263370632059e-33,extinction
0.8,2.0,0.1,0.038122848105260086,6.47760526190762e+22,9.426400837399843e-23,6.106050366519161,35.04660303216023,-28.940552665641064,0.825773403461785,7.624569621052017,166.61188189850293,833.0594094925148,1.2860607829739586e-20,1.5518768427902662e+23,-1.395757042986665,nan,nan,nan,nan,nan,nan,833.0594094925148,2.6590239438593164e-16,1.8942923562931754e-32,extinction
0.8,2.0,0.2,0.06271313410453205,6.47760526190762e+22,9.426400837399843e-23,6.106050366519161,12.95088945142632,-6.844839084907159,0.5285227019024022,12.54262682090641,704.4489845549956,3522.2449227749785,5.437572652794987e-20,9.433743983700615e+22,-0.45636289990946866,nan,nan,nan,nan,nan,nan,3522.2449227749785,1.1242575834418602e-15,3.386368082150556e-31,extinction
0.8,5.0,0.005,0.002078509543367318,1.6194013154769048e+23,9.426400837399843e-23,15.265125916297903,4715.986491193039,-4700.721365276741,0.996763110762763,1.0392547716836589,2.5644148887568243,12.822074443784121,7.917786851993566e-23,2.8463648552663254e+24,-16.57664902493973,nan,nan,nan,nan,nan,nan,12.822074443784121,4.0926496438877274e-18,4.48757424222349e-36,extinction
0.8,5.0,0.01,0.004154068068337296,1.6194013154769048e+23,9.426400837399843e-23,15.265125916297903,1180.6723182756143,-1165.4071923593165,0.9870708191595507,2.077034034168648,10.343680677488326,51.718403387441626,3.1936742852534264e-22,1.4241934456178526e+24,-7.794567671438722,nan,nan,nan,nan,nan,nan,51.718403387441626,1.650788303671609e-17,7.301049231446619e-35,extinction
0.8,5.0,0.02,0.008284653061723664,1.6194013154769048e+23,9.426400837399843e-23,15.265125916297903,296.8437750462581,-281.5786491299602,0.948575219696222,4.142326530861832,42.810773807815536,214.0538690390777,1.3218086646795147e-21,7.141151803821579e+23,-3.409748056625821,nan,nan,nan,nan,nan,nan,214.0538690390777,6.83233820499507e-17,1.2506656525268783e-33,extinction
0.8,5.0,0.05,0.020314161161742474,1.6194013154769048e+23,9.426400837399843e-23,15.265125916297903,49.37178294203834,-34.10665702574043,0.6908127475522018,10.157080580871238,353.43832870853703,1767.1916435426851,1.0912623243252442e-20,2.912350880979681e+23,-0.798412075589805,nan,nan,nan,nan,nan,nan,1767.1916435426851,5.640660005785962e-16,8.524371276168466e-32,extinction
0.8,5.0,0.1,0.038122848105260086,1.6194013154769048e+23,9.426400837399843e-23,15.265125916297903,14.018641212864091,1.2464847034338113,0.08165571055676615,19.061424052630045,nan,nan,nan,1.5518768427902662e+23,0.041697182805333854,2.1011183834659766e+20,0.0013539208302690935,11.491217784047526,219.1947834573913,22.982435568095053,20.074982963222965,2.1011183834659766e+20,67.06513397312767,1205.0251293599863,volume-growth (steady state OUT OF SUPPORT)
0.8,5.0,0.2,0.06271313410453205,1.6194013154769048e+23,9.426400837399843e-23,15.265125916297903,5.180355780570529,10.084770135727375,0.6606411366027652,31.356567052266026,nan,nan,nan,9.433743983700615e+22,0.41745484003621247,2.1035522777685888e+21,0.02229817007333518,0.6977343464424249,13.309270771244766,1.3954686928848499,20.074982963222965,2.1035522777685888e+21,671.4282090822167,120781.8501241407,volume-growth (steady state OUT OF SUPPORT)
0.8,10.0,0.005,0.002078509543367318,3.2388026309538096e+23,9.426400837399843e-23,30.530251832595805,2357.9932455965195,-2327.462993763924,0.987052443051052,2.0785095433673177,10.358574885453743,51.792874427268714,1.5991364812500476e-22,2.8463648552663254e+24,-7.788324512469865,nan,nan,nan,nan,nan,nan,51.792874427268714,1.6531653283563786e-17,7.322090414093718e-35,extinction
0.8,10.0,0.01,0.004154068068337296,3.2388026309538096e+23,9.426400837399843e-23,30.530251832595805,590.3361591378072,-559.8059073052113,0.9482832766382029,4.154068068337296,43.067069138449455,215.33534569224727,6.648609694034743e-22,1.4241934456178526e+24,-3.397283835719361,nan,nan,nan,nan,nan,nan,215.33534569224727,6.873241375470634e-17,1.265685201407146e-33,extinction
0.8,10.0,0.02,0.008284653061723664,3.2388026309538096e+23,9.426400837399843e-23,30.530251832595805,148.42188752312904,-117.89163569053323,0.7943008787848882,8.284653061723663,204.50305547810754,1022.5152773905378,3.1570780745272295e-21,7.141151803821579e+23,-1.2048740283129105,nan,nan,nan,nan,nan,nan,1022.5152773905378,3.2637439473850884e-16,2.853873176572358e-32,extinction
0.8,10.0,0.05,0.020314161161742474,3.2388026309538096e+23,9.426400837399843e-23,30.530251832595805,24.68589147101917,5.844360361576637,0.19142850159319258,20.314161161742476,nan,nan,nan,2.912350880979681e+23,0.10079396220509751,1.015800266028592e+21,0.0034879048148445924,4.460614594975345,85.08614740465842,8.92122918995069,20.074982963222965,1.015800266028592e+21,324.23104508166045,28165.126295317237,volume-growth (steady state OUT OF SUPPORT)
0.8,10.0,0.1,0.038122848105260086,3.2388026309538096e+23,9.426400837399843e-23,30.530251832595805,7.009320606432046,23.52093122616376,0.7704139276391916,38.12284810526009,nan,nan,nan,1.5518768427902662e+23,0.5208485914026669,5.249105463587867e+21,0.033824239906499305,0.45997187715047705,8.773955720207036,0.9199437543009541,20.074982963222965,5.249105463587867e+21,1675.4503883493207,752082.798519989,volume-growth (steady state OUT OF SUPPORT)
0.8,10.0,0.2,0.06271313410453205,3.2388026309538096e+23,9.426400837399843e-23,30.530251832595805,2.5901778902852644,27.94007394231054,0.9151602841506913,62.71313410453205,nan,nan,nan,9.433743983700615e+22,0.7087274200181062,7.142545903009859e+21,0.0757127383926315,0.20548984825114608,3.919715354505884,0.41097969650229216,20.074982963222965,7.142545903009859e+21,2279.8134634584103,1392519.029751326,volume-growth (steady state OUT OF SUPPORT)
0.8,20.0,0.005,0.002078509543367318,6.477605261907619e+23,9.426400837399843e-23,61.06050366519161,1178.9966227982598,-1117.9361191330681,0.9482097722042078,4.1570190867346355,43.131623178472935,215.6581158923647,3.329287710082762e-22,2.8463648552663254e+24,-3.3941622562349325,nan,nan,nan,nan,nan,nan,215.6581158923647,6.883543806254044e-17,1.2694823638068628e-33,extinction
0.8,20.0,0.01,0.004154068068337296,6.477605261907619e+23,9.426400837399843e-23,61.06050366519161,295.1680795689036,-234.10757590371196,0.7931331065528116,8.308136136674593,205.96684768494663,1029.8342384247333,1.5898379058088092e-21,1.4241934456178526e+24,-1.1986419178596806,nan,nan,nan,nan,nan,nan,1029.8342384247333,3.28710517758349e-16,2.894874305688492e-32,extinction
0.8,20.0,0.02,0.008284653061723664,6.477605261907619e+23,9.426400837399843e-23,61.06050366519161,74.21094376156452,-13.150440096372911,0.17720351513955296,16.569306123447326,3666.6757214727195,18333.3786073636,2.830271044019209e-20,7.141151803821579e+23,-0.10243701415645523,nan,nan,nan,nan,nan,nan,18333.3786073636,5.851790656624953e-15,9.174450737569414e-30,extinction
0.8,20.0,0.05,0.020314161161742474,6.477605261907619e+23,9.426400837399843e-23,61.06050366519161,12.342945735509584,48.71755792968203,0.7978571253982982,40.62832232348495,nan,nan,nan,2.912350880979681e+23,0.5503969811025488,1.1093787516511132e+22,0.03809220787565031,0.40843521524846643,7.790894772444802,0.8168704304969329,20.074982963222965,1.1093787516511132e+22,3541.001553834047,3359346.0659548426,volume-growth (steady state OUT OF SUPPORT)
0.8,20.0,0.1,0.038122848105260086,6.477605261907619e+23,9.426400837399843e-23,61.06050366519161,3.504660303216023,57.55584336197559,0.9426034819097979,76.24569621052018,nan,nan,nan,1.5518768427902662e+23,0.7604242957013334,1.5327092714070409e+22,0.09876487805895974,0.15752764979563666,3.004837236088323,0.3150552995912733,20.074982963222965,1.5327092714070409e+22,4892.220897101708,6412311.735371289,volume-growth (steady state OUT OF SUPPORT)
0.8,20.0,0.2,0.06271313410453205,6.477605261907619e+23,9.426400837399843e-23,61.06050366519161,1.2950889451426322,59.76541472004898,0.9787900710376729,125.4262682090641,nan,nan,nan,9.433743983700615e+22,0.8543637100090531,1.72205331534924e+22,0.18254187503122413,0.08523084974513004,1.6257770068293718,0.17046169949026008,20.074982963222965,1.72205331534924e+22,5496.583972210798,8094466.779075739,volume-growth (steady state OUT OF SUPPORT)
0.8,50.0,0.005,0.002078509543367318,1.619401315476905e+24,9.426400837399843e-23,152.65125916297904,471.5986491193038,-318.94738995632474,0.6763110762762984,10.392547716836589,377.9494749483195,1889.7473747415977,1.166941978298367e-21,2.8463648552663254e+24,-0.7576649024939726,nan,nan,nan,nan,nan,nan,1889.7473747415977,6.031842939442055e-16,9.747709095855024e-32,extinction
0.8,50.0,0.01,0.004154068068337296,1.619401315476905e+24,9.426400837399843e-23,152.65125916297904,118.06723182756141,34.58402733541763,0.22655579472484916,20.77034034168648,nan,nan,nan,1.4241934456178526e+24,0.12054323285612789,6.074165819280028e+21,0.004264986500232695,3.647889418203721,69.58342850395731,7.295778836407442,20.074982963222965,6.074165819280028e+21,1938.7995824063207,1007090.1440165578,volume-growth (steady state OUT OF SUPPORT)
0.8,50.0,0.02,0.008284653061723664,1.619401315476905e+24,9.426400837399843e-23,152.65125916297904,29.684377504625804,122.96688165835324,0.805541220770848,41.42326530861832,nan,nan,nan,7.141151803821579e+23,0.559025194337418,2.8169243906155116e+22,0.03944635918687568,0.3944140712524104,7.523441689595137,0.7888281425048208,20.074982963222965,2.8169243906155116e+22,8991.27879397089,21659350.981361076,volume-growth (steady state OUT OF SUPPORT)
0.8,50.0,0.05,0.020314161161742474,1.619401315476905e+24,9.426400837399843e-23,152.65125916297904,4.937178294203833,147.7140808687752,0.9676571400637276,101.57080580871236,nan,nan,nan,2.912350880979681e+23,0.8201587924410195,4.1327749267958754e+22,0.14190511705806746,0.10963804156980582,2.091343775065177,0.21927608313961164,20.074982963222965,4.1327749267958754e+22,13191.313080091208,46620676.00549375,volume-growth (steady state OUT OF SUPPORT)
0.8,50.0,0.1,0.038122848105260086,1.619401315476905e+24,9.426400837399843e-23,152.65125916297904,1.401864121286409,151.24939504169262,0.9908165571055676,190.61424052630042,nan,nan,nan,1.5518768427902662e+23,0.9041697182805334,4.556105446551802e+22,0.293586792516341,0.05299352532050499,1.0108505926497575,0.10598705064100998,20.074982963222965,4.556105446551802e+22,14542.532423358865,56660785.6664855,volume-growth (steady state OUT OF SUPPORT)
0.8,50.0,0.2,0.06271313410453205,1.619401315476905e+24,9.426400837399843e-23,152.65125916297904,0.5180355780570528,152.13322358492198,0.9966064113660276,313.56567052266024,nan,nan,nan,9.433743983700615e+22,0.9417454840036212,4.7454494904940025e+22,0.503029284947002,0.03092901266100192,0.589970389577919,0.06185802532200384,20.074982963222965,4.7454494904940025e+22,15146.895498467959,61468097.147609316,volume-growth (steady state OUT OF SUPPORT)
0.85,0.5,0.005,0.002078509543367318,1.619401315476905e+22,3.072380148488731e-22,4.97541645410778,50107.35646892604,-50102.38105247193,0.9999007048704077,0.10392547716836589,0.024059934086542258,0.12029967043271131,7.428650902218373e-24,1.6251390061473822e+24,-99.35430937443617,nan,nan,nan,nan,nan,nan,0.12029967043271131,3.669137671549511e-20,3.0070711874202383e-40,extinction
0.85,0.5,0.01,0.004154068068337296,1.619401315476905e+22,3.072380148488731e-22,4.97541645410778,12544.643381678401,-12539.667965224293,0.9996033831889255,0.2077034034168648,0.09613173084361941,0.4806586542180971,2.96812562534288e-23,8.131467462755935e+23,-49.21280015671261,nan,nan,nan,nan,nan,nan,0.4806586542180971,1.4660079857279143e-19,4.8005209196239915e-39,extinction
0.85,0.5,0.02,0.008284653061723664,1.619401315476905e+22,3.072380148488731e-22,4.97541645410778,3153.9651098664926,-3148.989693412385,0.9984224884293922,0.4142326530861832,0.3828084887743816,1.9140424438719084,1.1819444788509593e-22,4.077258164475303e+23,-24.177564853802608,nan,nan,nan,nan,nan,nan,1.9140424438719084,5.837825831520716e-19,7.612336228241478e-38,extinction
0.85,0.5,0.05,0.020314161161742474,1.619401315476905e+22,3.072380148488731e-22,4.97541645410778,524.5751937591574,-519.5997773050497,0.9905153417216445,1.0157080580871236,2.3199778721105764,11.599889360552883,7.163072704517828e-22,1.6628138896216533e+23,-9.268077923179675,nan,nan,nan,nan,nan,nan,11.599889360552883,3.537964059711822e-18,2.7959057561096816e-36,extinction
0.85,0.5,0.1,0.038122848105260086,1.619401315476905e+22,3.072380148488731e-22,4.97541645410778,148.948062886681,-143.9726464325732,0.9665962996921078,1.9061424052630043,8.372840366352868,41.86420183176435,2.5851653590534205e-21,8.860478955426584e+22,-4.471453475272261,nan,nan,nan,nan,nan,nan,41.86420183176435,1.2768573635968244e-17,3.641668967544595e-35,extinction
0.85,0.5,0.2,0.06271313410453205,1.619401315476905e+22,3.072380148488731e-22,4.97541645410778,55.041280168561876,-50.065863714454096,0.9096057279396346,3.1356567052266024,24.077483064639114,120.38741532319558,7.434069255880661e-21,5.386219301279836e+22,-2.3260559009078134,nan,nan,nan,nan,nan,nan,120.38741532319558,3.671813889048726e-17,3.011459418197321e-34,extinction
0.85,1.0,0.005,0.002078509543367318,3.23880263095381e+22,3.072380148488731e-22,9.95083290821556,25053.67823446302,-25043.727401554803,0.9996028194816309,0.20785095433673179,0.09626841614850505,0.48134208074252527,1.486172933609025e-23,1.6251390061473822e+24,-49.177154687218085,nan,nan,nan,nan,nan,nan,0.48134208074252527,1.4680924353340488e-19,4.814181906316816e-39,extinction
0.85,1.0,0.01,0.004154068068337296,3.23880263095381e+22,3.072380148488731e-22,9.95083290821556,6272.3216908392005,-6262.370857930985,0.9984135327557021,0.4154068068337296,0.3849851799098236,1.9249258995491183,5.943325725230246e-23,8.131467462755935e+23,-24.106400078356305,nan,nan,nan,nan,nan,nan,1.9249258995491183,5.871020350739475e-19,7.699151509806339e-38,extinction
0.85,1.0,0.02,0.008284653061723664,3.23880263095381e+22,3.072380148488731e-22,9.95083290821556,1576.9825549332463,-1567.0317220250308,0.9936899537175687,0.8284653061723664,1.53852658980447,7.69263294902235,2.375147184179269e-22,4.077258164475303e+23,-11.588782426901304,nan,nan,nan,nan,nan,nan,7.69263294902235,2.3462515936357893e-18,1.2296028348715622e-36,extinction
0.85,1.0,0.05,0.020314161161742474,3.23880263095381e+22,3.072380148488731e-22,9.95083290821556,262.2875968795787,-252.33676397136315,0.9620613668865777,2.031416116174247,9.554374612159977,47.7718730607999,1.4749856198162757e-21,1.6628138896216533e+23,-4.134038961589837,nan,nan,nan,nan,nan,nan,47.7718730607999,1.4570412242808642e-17,4.7419762395255044e-35,extinction
0.85,1.0,0.1,0.038122848105260086,3.23880263095381e+22,3.072380148488731e-22,9.95083290821556,74.4740314433405,-64.52319853512493,0.866385198768431,3.8122848105260085,37.36516518303332,186.82582591516663,5.76836094085015e-21,8.860478955426584e+22,-1.7357267376361305,nan,nan,nan,nan,nan,nan,186.82582591516663,5.698184154769668e-17,7.252515338727745e-34,extinction
0.85,1.0,0.2,0.06271313410453205,3.23880263095381e+22,3.072380148488731e-22,9.95083290821556,27.520640084280938,-17.56980717606538,0.6384229117585382,6.271313410453205,137.21948950509218,686.097447525461,2.1183675750053625e-20,5.386219301279836e+22,-0.6630279504539067,nan,nan,nan,nan,nan,nan,686.097447525461,2.0925959165263993e-16,9.781071678454404e-33,extinction
0.85,2.0,0.005,0.002078509543367318,6.47760526190762e+22,3.072380148488731e-22,19.90166581643112,12526.83911723151,-12506.937451415079,0.9984112779265237,0.41570190867346357,0.3855332259824833,1.9276661299124167,2.9758931765235866e-23,1.6251390061473822e+24,-24.088577343609042,nan,nan,nan,nan,nan,nan,1.9276661299124167,5.879378048161702e-19,7.721087383173547e-38,extinction
0.85,2.0,0.01,0.004154068068337296,6.47760526190762e+22,3.072380148488731e-22,19.90166581643112,3136.1608454196003,-3116.2591796031693,0.9936541310228085,0.8308136136674592,1.547316723321844,7.73658361660922,1.1943586099797068e-22,8.131467462755935e+23,-11.553200039178153,nan,nan,nan,nan,nan,nan,7.73658361660922,2.359656538932205e-18,1.24369326287845e-36,extinction
0.85,2.0,0.02,0.008284653061723664,6.47760526190762e+22,3.072380148488731e-22,19.90166581643112,788.4912774666232,-768.5896116501921,0.9747598148702747,1.6569306123447327,6.273621019223137,31.36810509611569,4.84254656278298e-22,4.077258164475303e+23,-5.294391213450652,nan,nan,nan,nan,nan,nan,31.36810509611569,9.567266117961575e-18,2.0445201869879232e-35,extinction
0.85,2.0,0.05,0.020314161161742474,6.47760526190762e+22,3.072380148488731e-22,19.90166581643112,131.14379843978935,-111.24213262335823,0.8482454675463106,4.062832232348494,43.34544681133451,216.72723405667256,3.3457925466864207e-21,1.6628138896216533e+23,-1.5670194807949187,nan,nan,nan,nan,nan,nan,216.72723405667256,6.610176537207187e-17,9.75982006876734e-34,extinction
0.85,2.0,0.1,0.038122848105260086,6.47760526190762e+22,3.072380148488731e-22,19.90166581643112,37.23701572167025,-17.335349905239127,0.465540795073724,7.624569621052017,278.15071337832796,1390.75356689164,2.1470180887219895e-20,8.860478955426584e+22,-0.36786336881806525,nan,nan,nan,nan,nan,nan,1390.75356689164,4.241795747045058e-16,4.018974023934048e-32,extinction
0.85,2.0,0.2,0.06271313410453205,6.47760526190762e+22,3.072380148488731e-22,19.90166581643112,13.760320042140469,6.1413457742906505,0.30858450900226964,12.54262682090641,nan,nan,nan,5.386219301279836e+22,0.16848602477304664,3.202096353580702e+20,0.005944979538467441,2.467605180747234,44.207367798911115,4.935210361494468,18.915089554774056,3.202096353580702e+20,97.66387818515224,2130.5102422009645,volume-growth (steady state OUT OF SUPPORT)
0.85,5.0,0.005,0.002078509543367318,1.6194013154769048e+23,3.072380148488731e-22,49.75416454107779,5010.735646892605,-4960.981482351527,0.9900704870407737,1.0392547716836589,2.429882050537114,12.149410252685572,7.502408536149445e-23,1.6251390061473822e+24,-9.035430937443618,nan,nan,nan,nan,nan,nan,12.149410252685572,3.705567827816517e-18,3.067080881198159e-36,extinction
0.85,5.0,0.01,0.004154068068337296,1.6194013154769048e+23,3.072380148488731e-22,49.75416454107779,1254.4643381678404,-1204.7101736267625,0.9603383188925526,2.077034034168648,10.00622400383885,50.031120019194255,3.0894824859679927e-22,8.131467462755935e+23,-4.021280015671262,nan,nan,nan,nan,nan,nan,50.031120019194255,1.5259482137560767e-17,5.20110096991434e-35,extinction
0.85,5.0,0.02,0.008284653061723664,1.6194013154769048e+23,3.072380148488731e-22,49.75416454107779,315.39651098664933,-265.64234644557155,0.8422488429392173,4.142326530861832,45.37905954494681,226.89529772473406,1.401106047995982e-21,4.077258164475303e+23,-1.5177564853802608,nan,nan,nan,nan,nan,nan,226.89529772473406,6.920302286654409e-17,1.0697094322121064e-33,extinction
0.85,5.0,0.05,0.020314161161742474,1.6194013154769048e+23,3.072380148488731e-22,49.75416454107779,52.457519375915744,-2.7033548348379526,0.05153417216444121,10.157080580871238,4459.126009529405,22295.63004764702,1.3767822611087036e-19,1.6628138896216533e+23,-0.026807792317967705,nan,nan,nan,nan,nan,nan,22295.63004764702,6.800162945127129e-15,1.0328906195294433e-29,extinction
0.85,5.0,0.1,0.038122848105260086,1.6194013154769048e+23,3.072380148488731e-22,49.75416454107779,14.8948062886681,34.85935825240969,0.7006319686793108,19.061424052630045,nan,nan,nan,8.860478955426584e+22,0.4528546524727738,2.1516387387891838e+21,0.024283548887291433,0.6041070181564727,10.822631330940725,1.2082140363129454,18.915089554774056,2.1516387387891838e+21,656.2494081371976,96195.23147047732,volume-growth (steady state OUT OF SUPPORT)
0.85,5.0,0.2,0.06271313410453205,1.6194013154769048e+23,3.072380148488731e-22,49.75416454107779,5.504128016856188,44.250036524221606,0.8893735214403632,31.356567052266026,nan,nan,nan,5.386219301279836e+22,0.6673944099092186,3.1709769537994453e+21,0.05887203577184427,0.24918218159485603,4.464121098725817,0.49836436318971206,18.915089554774056,3.1709769537994453e+21,967.1473708075257,208930.09685061296,volume-growth (steady state OUT OF SUPPORT)
0.85,10.0,0.005,0.002078509543367318,3.2388026309538096e+23,3.072380148488731e-22,99.50832908215558,2505.3678234463023,-2405.8594943641465,0.9602819481630943,2.0785095433673177,10.021033967487728,50.105169837438645,1.547027576134917e-22,1.6251390061473822e+24,-4.017715468721809,nan,nan,nan,nan,nan,nan,50.105169837438645,1.528206731811152e-17,5.216508404321163e-35,extinction
0.85,10.0,0.01,0.004154068068337296,3.2388026309538096e+23,3.072380148488731e-22,99.50832908215558,627.2321690839202,-527.7238400017646,0.8413532755702109,4.154068068337296,45.685257868860624,228.42628934430311,7.052800536877199e-22,8.131467462755935e+23,-1.5106400078356308,nan,nan,nan,nan,nan,nan,228.42628934430311,6.966997502077543e-17,1.0841940116089581e-33,extinction
0.85,10.0,0.02,0.008284653061723664,3.2388026309538096e+23,3.072380148488731e-22,99.50832908215558,157.69825549332467,-58.18992641116908,0.36899537175686925,8.284653061723663,414.3191304912597,2071.5956524562985,6.396177502937945e-21,4.077258164475303e+23,-0.2588782426901304,nan,nan,nan,nan,nan,nan,2071.5956524562985,6.318362819536681e-16,8.917124209654801e-32,extinction
0.85,10.0,0.05,0.020314161161742474,3.2388026309538096e+23,3.072380148488731e-22,99.50832908215558,26.228759687957872,73.27956939419771,0.7364164394087753,20.314161161742476,nan,nan,nan,1.6628138896216533e+23,0.48659610384101615,4.623907567036249e+21,0.02780772758693004,0.5275462463697885,9.451038247999659,1.055092492739577,18.915089554774056,4.623907567036249e+21,1410.2909328804199,444255.8158855107,volume-growth (steady state OUT OF SUPPORT)
0.85,10.0,0.1,0.038122848105260086,3.2388026309538096e+23,3.072380148488731e-22,99.50832908215558,7.44740314433405,92.06092593782154,0.9251579921698277,38.12284810526009,nan,nan,nan,8.860478955426584e+22,0.726427326236387,6.902917602858143e+21,0.07790682239169998,0.18830009822248184,3.3734131228285134,0.3766001964449637,18.915089554774056,6.902917602858143e+21,2105.38856250782,990102.6277840729,volume-growth (steady state OUT OF SUPPORT)
0.85,10.0,0.2,0.06271313410453205,3.2388026309538096e+23,3.072380148488731e-22,99.50832908215558,2.752064008428094,96.75626507372749,0.9723433803600908,62.71313410453205,nan,nan,nan,5.386219301279836e+22,0.8336972049546093,7.922255817868404e+21,0.14708379616080564,0.09973812677856168,1.786817473263341,0.19947625355712337,18.915089554774056,7.922255817868404e+21,2416.286525178148,1304104.995482714,volume-growth (steady state OUT OF SUPPORT)
0.85,20.0,0.005,0.002078509543367318,6.477605261907619e+23,3.072380148488731e-22,199.01665816431117,1252.6839117231511,-1053.66725355884,0.8411277926523776,4.1570190867346355,45.76245419527908,228.8122709763954,3.532358977197253e-22,1.6251390061473822e+24,-1.5088577343609044,nan,nan,nan,nan,nan,nan,228.8122709763954,6.978769934551729e-17,1.0878611248487054e-33,extinction
0.85,20.0,0.01,0.004154068068337296,6.477605261907619e+23,3.072380148488731e-22,199.01665816431117,313.6160845419601,-114.59942637764894,0.3654131022808435,8.308136136674593,420.75602777586215,2103.780138879311,3.247774530582864e-21,8.131467462755935e+23,-0.2553200039178154,nan,nan,nan,nan,nan,nan,2103.780138879311,6.416525442218346e-16,9.196350937173281e-32,extinction
0.85,20.0,0.02,0.008284653061723664,6.477605261907619e+23,3.072380148488731e-22,199.01665816431117,78.84912774666233,120.16753041764883,0.6038063925203523,16.569306123447326,nan,nan,nan,4.077258164475303e+23,0.3705608786549348,7.042552282416055e+21,0.017272765172872864,0.8493059543006927,15.21539223069975,1.6986119086013853,18.915089554774056,7.042552282416055e+21,2147.9771133473882,1030564.0625823048,volume-growth (steady state OUT OF SUPPORT)
0.85,20.0,0.05,0.020314161161742474,6.477605261907619e+23,3.072380148488731e-22,199.01665816431117,13.114379843978936,185.90227832033224,0.9341041098521939,40.62832232348495,nan,nan,nan,1.6628138896216533e+23,0.7432980519205081,1.4126465295174165e+22,0.08495517979097718,0.17267766773788398,3.09353588163371,0.34535533547576797,18.915089554774056,1.4126465295174165e+22,4308.569241621664,4146501.7024284634,volume-growth (steady state OUT OF SUPPORT)
0.85,20.0,0.1,0.038122848105260086,6.477605261907619e+23,3.072380148488731e-22,199.01665816431117,3.723701572167025,195.29295659214415,0.981289498042457,76.24569621052018,nan,nan,nan,8.860478955426584e+22,0.8632136631181935,1.640547533099606e+22,0.1851533694005171,0.07923086874441501,1.4194281090587435,0.15846173748883002,18.915089554774056,1.640547533099606e+22,5003.6668712490655,5592325.873979068,volume-growth (steady state OUT OF SUPPORT)
0.85,20.0,0.2,0.06271313410453205,6.477605261907619e+23,3.072380148488731e-22,199.01665816431117,1.376032004214047,197.64062616009713,0.9930858450900227,125.4262682090641,nan,nan,nan,5.386219301279836e+22,0.9168486024773046,1.7424813546006322e+22,0.3235073169387284,0.04534630761175955,0.8123831618430047,0.0906926152235191,18.915089554774056,1.7424813546006322e+22,5314.564833919394,6308863.24631472,volume-growth (steady state OUT OF SUPPORT)
0.85,50.0,0.005,0.002078509543367318,1.619401315476905e+24,3.072380148488731e-22,497.541645410778,501.0735646892603,-3.5319192784822917,0.007048704077359587,10.392547716836589,34130.451198174014,170652.2559908701,1.0537984276035611e-19,1.6251390061473822e+24,-0.0035430937443616806,nan,nan,nan,nan,nan,nan,170652.2559908701,5.2048905781603326e-14,6.0511637037254145e-28,near-threshold/ill-conditioned
0.85,50.0,0.01,0.004154068068337296,1.619401315476905e+24,3.072380148488731e-22,497.541645410778,125.44643381678401,372.095211593994,0.7478674700422042,20.77034034168648,nan,nan,nan,8.131467462755935e+23,0.4978719984328739,2.3655287031658875e+22,0.029091043086633187,0.504274194117814,9.034117347782155,1.008548388235628,18.915089554774056,2.3655287031658875e+22,7214.8580679382685,11627096.542220129,volume-growth (steady state OUT OF SUPPORT)
0.85,50.0,0.02,0.008284653061723664,1.619401315476905e+24,3.072380148488731e-22,497.541645410778,31.539651098664926,466.0019943121131,0.9366090228032564,41.42326530861832,nan,nan,nan,4.077258164475303e+23,0.748224351461974,3.555022546682981e+22,0.08719149985785785,0.16824876659392027,3.0141917210103593,0.33649753318784054,18.915089554774056,3.555022546682981e+22,10842.812039571125,26260292.13957283,volume-growth (steady state OUT OF SUPPORT)
0.85,50.0,0.05,0.020314161161742474,1.619401315476905e+24,3.072380148488731e-22,497.541645410778,5.2457519375915735,492.2958934731864,0.9894566575763509,101.57080580871236,nan,nan,nan,1.6628138896216533e+23,0.8973192207682033,4.263413847958792e+22,0.2563975364031187,0.05721530134164004,1.0250172474388655,0.11443060268328008,18.915089554774056,4.263413847958792e+22,13003.404167845401,37768506.99059976,volume-growth (steady state OUT OF SUPPORT)
0.85,50.0,0.1,0.038122848105260086,1.619401315476905e+24,3.072380148488731e-22,497.541645410778,1.4894806288668099,496.0521647819112,0.9970063196867931,190.61424052630042,nan,nan,nan,8.860478955426584e+22,0.9452854652472774,4.491314851540981e+22,0.5068930104269683,0.028940746877140336,0.5184760720860168,0.05788149375428067,18.915089554774056,4.491314851540981e+22,13698.5017974728,41914263.24110648,volume-growth (steady state OUT OF SUPPORT)
0.85,50.0,0.2,0.06271313410453205,1.619401315476905e+24,3.072380148488731e-22,497.541645410778,0.5504128016856187,496.9912326090924,0.9988937352144036,313.56567052266024,nan,nan,nan,5.386219301279836e+22,0.9667394409909219,4.593248673042007e+22,0.8527778792724967,0.017202442353539203,0.308183295324493,0.034404884707078406,18.915089554774056,4.593248673042007e+22,14009.39976014313,43838405.62735317,volume-growth (steady state OUT OF SUPPORT)
0.9,0.5,0.005,0.002078509543367318,1.619401315476905e+22,8.792205274299061e-22,14.238108787142883,53054.848025921674,-53040.609917134534,0.9997316341613083,0.10392547716836589,0.022727113952584466,0.11363556976292236,7.017134584051965e-24,9.885323168280854e+23,-60.04307236140338,nan,nan,nan,nan,nan,nan,0.11363556976292236,3.320444120287787e-20,2.0746139563853245e-40,extinction
0.9,0.5,0.01,0.004154068068337296,1.619401315476905e+22,8.792205274299061e-22,14.238108787142883,13282.56358060066,-13268.325471813516,0.9989280601820014,0.2077034034168648,0.0908524582293455,0.45426229114672756,2.805124874268425e-23,4.946172813380457e+23,-29.543218448132702,nan,nan,nan,nan,nan,nan,0.45426229114672756,1.3273595203099547e-19,3.315294258737043e-39,extinction
0.9,0.5,0.02,0.008284653061723664,1.619401315476905e+22,8.792205274299061e-22,14.238108787142883,3339.492469270403,-3325.2543604832604,0.9957364453077346,0.4142326530861832,0.36251662430001547,1.8125831215000776,1.1192921138058243e-22,2.4800964375286646e+23,-14.314897016730466,nan,nan,nan,nan,nan,nan,1.8125831215000776,5.2963882531450035e-19,5.278427620009066e-38,extinction
0.9,0.5,0.05,0.020314161161742474,1.619401315476905e+22,8.792205274299061e-22,14.238108787142883,555.4325580979312,-541.1944493107883,0.9743657288728247,1.0157080580871236,2.227406410461994,11.13703205230997,6.877252689541118e-22,1.0114490271563534e+23,-5.245820708491194,nan,nan,nan,nan,nan,nan,11.13703205230997,3.254253282902557e-18,1.992726272395631e-36,extinction
0.9,0.5,0.1,0.038122848105260086,1.619401315476905e+22,8.792205274299061e-22,14.238108787142883,157.709713644721,-143.47160485757811,0.9097195191209487,1.9061424052630043,8.402080585199688,42.01040292599845,2.5941934543647453e-21,5.3896126773662595e+22,-2.328151351895776,nan,nan,nan,nan,nan,nan,42.01040292599845,1.2275486951627622e-17,2.835452663599158e-35,extinction
0.9,0.5,0.2,0.06271313410453205,1.619401315476905e+22,8.792205274299061e-22,14.238108787142883,58.27900253141845,-44.040893744275564,0.7556905889137848,3.1356567052266024,27.371378807633395,136.85689403816698,8.451079589117374e-21,3.2763054881444626e+22,-1.0231584702520808,nan,nan,nan,nan,nan,nan,136.85689403816698,3.9989738255191356e-17,3.009137732539858e-34,extinction
0.9,1.0,0.005,0.002078509543367318,3.23880263095381e+22,8.792205274299061e-22,28.476217574285766,26527.424012960837,-26498.94779538655,0.9989265366452327,0.20785095433673179,0.09098172463369796,0.45490862316848985,1.4045580265399553e-23,9.885323168280854e+23,-29.52153618070169,nan,nan,nan,nan,nan,nan,0.45490862316848985,1.3292481097418482e-19,3.324735083014438e-39,extinction
0.9,1.0,0.01,0.004154068068337296,3.23880263095381e+22,8.792205274299061e-22,28.476217574285766,6641.28179030033,-6612.805572726044,0.995712240728006,0.4154068068337296,0.3645835258405648,1.8229176292028242,5.628368989764543e-23,4.946172813380457e+23,-14.271609224066351,nan,nan,nan,nan,nan,nan,1.8229176292028242,5.326585800804813e-19,5.338789497486164e-38,extinction
0.9,1.0,0.02,0.008284653061723664,3.23880263095381e+22,8.792205274299061e-22,28.476217574285766,1669.7462346352015,-1641.2700170609157,0.9829457812309382,0.8284653061723664,1.4689356086087055,7.344678043043529,2.267713991846598e-22,2.4800964375286646e+23,-6.657448508365233,nan,nan,nan,nan,nan,nan,7.344678043043529,2.1461231790636043e-18,8.666709380183446e-37,extinction
0.9,1.0,0.05,0.020314161161742474,3.23880263095381e+22,8.792205274299061e-22,28.476217574285766,277.7162790489656,-249.24006147467983,0.8974629154912991,2.031416116174247,9.673083681402963,48.36541840701482,1.4933116931787678e-21,1.0114490271563534e+23,-2.122910354245597,nan,nan,nan,nan,nan,nan,48.36541840701482,1.4132429617757835e-17,3.7581889033943337e-35,extinction
0.9,1.0,0.1,0.038122848105260086,3.23880263095381e+22,8.792205274299061e-22,28.476217574285766,78.8548568223605,-50.378639248074734,0.6388780764837949,3.8122848105260085,47.85599625926245,239.27998129631226,7.387914873523664e-21,5.3896126773662595e+22,-0.6640756759478881,nan,nan,nan,nan,nan,nan,239.27998129631226,6.991787946815493e-17,9.198593765485612e-34,extinction
0.9,1.0,0.2,0.06271313410453205,3.23880263095381e+22,8.792205274299061e-22,28.476217574285766,29.139501265709224,-0.6632836914234588,0.022762355655139423,6.271313410453205,3634.824740268487,18174.123701342436,5.611371167742399e-19,3.2763054881444626e+22,-0.011579235126040421,nan,nan,nan,nan,nan,nan,18174.123701342436,5.310499371931295e-15,5.30659162151258e-30,extinction
0.9,2.0,0.005,0.002078509543367318,6.47760526190762e+22,8.792205274299061e-22,56.95243514857153,13263.712006480418,-13206.759571331848,0.9957061465809312,0.41570190867346357,0.3651039391428045,1.8255196957140225,2.8182015141447765e-23,9.885323168280854e+23,-14.260768090350846,nan,nan,nan,nan,nan,nan,1.8255196957140225,5.334189068395878e-19,5.354041750146126e-38,extinction
0.9,2.0,0.01,0.004154068068337296,6.47760526190762e+22,8.792205274299061e-22,56.95243514857153,3320.640895150165,-3263.6884600015933,0.9828489629120236,0.8308136136674592,1.4774204100359627,7.387102050179814,1.1404063309662607e-22,4.946172813380457e+23,-6.6358046120331755,nan,nan,nan,nan,nan,nan,7.387102050179814,2.158519521630339e-18,8.76711906920856e-37,extinction
0.9,2.0,0.02,0.008284653061723664,6.47760526190762e+22,8.792205274299061e-22,56.95243514857153,834.8731173176008,-777.9206821690292,0.9317831249237531,1.6569306123447327,6.198369645296933,30.991848226484667,4.784460764958335e-22,2.4800964375286646e+23,-2.8287242541826165,nan,nan,nan,nan,nan,nan,30.991848226484667,9.055852884372078e-18,1.5431340725196221e-35,extinction
0.9,2.0,0.05,0.020314161161742474,6.47760526190762e+22,8.792205274299061e-22,56.95243514857153,138.8581395244828,-81.90570437591126,0.5898516619651961,4.062832232348494,58.87062420799244,294.3531210399622,4.544165770195092e-21,1.0114490271563534e+23,-0.5614551771227985,nan,nan,nan,nan,nan,nan,294.3531210399622,8.601031279947062e-17,1.3920216746285625e-33,extinction
0.9,2.0,0.1,0.038122848105260086,6.47760526190762e+22,8.792205274299061e-22,56.95243514857153,39.42742841118025,17.52500673739128,0.30771303617964507,7.624569621052017,nan,nan,nan,5.3896126773662595e+22,0.16796216202605596,3.019721254281468e+20,0.005602853924852193,2.476860942778499,41.81979136467163,4.953721885556998,17.884190243542264,3.019721254281468e+20,88.2365944449074,1465.0161728649202,volume-growth (steady state OUT OF SUPPORT)
0.9,2.0,0.2,0.06271313410453205,6.47760526190762e+22,8.792205274299061e-22,56.95243514857153,14.569750632854612,42.38268451571692,0.7441768627654537,12.54262682090641,nan,nan,nan,3.2763054881444626e+22,0.4942103824369798,8.885201154412433e+20,0.027119574736129293,0.51171488452847,8.639891460830949,1.02342976905694,17.884190243542264,8.885201154412433e+20,259.62657636420244,12683.620412161845,volume-growth (steady state OUT OF SUPPORT)
0.9,5.0,0.005,0.002078509543367318,1.6194013154769048e+23,8.792205274299061e-22,142.3810878714288,5305.484802592168,-5163.10371472074,0.9731634161308192,1.0392547716836589,2.3347584172372153,11.673792086186076,7.208708536060568e-23,9.885323168280854e+23,-5.104307236140339,nan,nan,nan,nan,nan,nan,11.673792086186076,3.411095168080566e-18,2.1894378201348002e-36,extinction
0.9,5.0,0.01,0.004154068068337296,1.6194013154769048e+23,8.792205274299061e-22,142.3810878714288,1328.256358060066,-1185.8752701886374,0.8928060182001478,2.077034034168648,10.165149877099177,50.82574938549589,3.1385518153990126e-22,4.946172813380457e+23,-2.0543218448132703,nan,nan,nan,nan,nan,nan,50.82574938549589,1.485134109490387e-17,4.150269405581812e-35,extinction
0.9,5.0,0.02,0.008284653061723664,1.6194013154769048e+23,8.792205274299061e-22,142.3810878714288,333.94924692704035,-191.56815905561155,0.5736445307734575,4.142326530861832,62.925905413715306,314.6295270685765,1.9428755803864458e-21,2.4800964375286646e+23,-0.5314897016730469,nan,nan,nan,nan,nan,nan,314.6295270685765,9.193510143024386e-17,1.590404743892403e-33,extinction
0.9,5.0,0.05,0.020314161161742474,1.6194013154769048e+23,8.792205274299061e-22,142.3810878714288,55.54325580979313,86.83783206163568,0.6098972367738256,10.157080580871238,nan,nan,nan,1.0114490271563534e+23,0.37541792915088057,1.6873703669630425e+21,0.016682702950508672,0.8318490172563119,14.045097061259241,1.6636980345126238,17.884190243542264,1.6873703669630425e+21,493.0515177087094,45743.51604691052,volume-growth (steady state OUT OF SUPPORT)
0.9,5.0,0.1,0.038122848105260086,1.6194013154769048e+23,8.792205274299061e-22,142.3810878714288,15.770971364472103,126.6101165069567,0.8892340857887432,19.061424052630045,nan,nan,nan,5.3896126773662595e+22,0.6671848648104224,2.9987592034127273e+21,0.05563960497580932,0.2494174798795425,4.211212180351071,0.498834959759085,17.884190243542264,2.9987592034127273e+21,876.2408096254005,144474.73124071673,volume-growth (steady state OUT OF SUPPORT)
0.9,5.0,0.2,0.06271313410453205,1.6194013154769048e+23,8.792205274299061e-22,142.3810878714288,5.827900253141846,136.55318761828696,0.9590682980424725,31.356567052266026,nan,nan,nan,3.2763054881444626e+22,0.7976841529747919,3.5853071934258235e+21,0.10943140700400207,0.126814508142549,2.1411602811200368,0.253629016285098,17.884190243542264,3.5853071934258235e+21,1047.6307915446955,206519.68429093072,volume-growth (steady state OUT OF SUPPORT)
0.9,10.0,0.005,0.002078509543367318,3.2388026309538096e+23,8.792205274299061e-22,284.7621757428576,2652.742401296084,-2367.980225553227,0.8926536645232769,2.0785095433673177,10.18133490046074,50.9066745023037,1.571774519872857e-22,9.885323168280854e+23,-2.0521536180701694,nan,nan,nan,nan,nan,nan,50.9066745023037,1.487498750498908e-17,4.1634961034918507e-35,extinction
0.9,10.0,0.01,0.004154068068337296,3.2388026309538096e+23,8.792205274299061e-22,284.7621757428576,664.128179030033,-379.36600328717543,0.5712240728005908,4.154068068337296,63.551292169360764,317.7564608468038,9.810923883102635e-22,4.946172813380457e+23,-0.5271609224066351,nan,nan,nan,nan,nan,nan,317.7564608468038,9.284879499468902e-17,1.6221741890380656e-33,extinction
0.9,10.0,0.02,0.008284653061723664,3.2388026309538096e+23,8.792205274299061e-22,284.7621757428576,166.97462346352017,117.78755227933743,0.4136348234173505,8.284653061723663,nan,nan,nan,2.4800964375286646e+23,0.23425514916347656,2.1057875307180474e+21,0.00849074858079469,1.6344248004173927,27.595939269010852,3.2688496008347854,17.884190243542264,2.1057875307180474e+21,615.3134832285159,71242.27950850783,volume-growth (steady state OUT OF SUPPORT)
0.9,10.0,0.05,0.020314161161742474,3.2388026309538096e+23,8.792205274299061e-22,284.7621757428576,27.771627904896565,256.99054783796106,0.9024743091934565,20.314161161742476,nan,nan,nan,1.0114490271563534e+23,0.6877089645754403,6.182015496937344e+21,0.06112038601013658,0.22705174100598918,3.8335847902726075,0.45410348201197837,17.884190243542264,6.182015496937344e+21,1806.3918763428649,614000.7283814186,volume-growth (steady state OUT OF SUPPORT)
0.9,10.0,0.1,0.038122848105260086,3.2388026309538096e+23,8.792205274299061e-22,284.7621757428576,7.885485682236052,276.87669006062157,0.9723085214471858,38.12284810526009,nan,nan,nan,5.3896126773662595e+22,0.8335924324052112,7.493404333387028e+21,0.13903419006073786,0.09981350665255183,1.6852702351967563,0.19962701330510366,17.884190243542264,7.493404333387028e+21,2189.581168259556,902125.6719742886,volume-growth (steady state OUT OF SUPPORT)
0.9,10.0,0.2,0.06271313410453205,3.2388026309538096e+23,8.792205274299061e-22,284.7621757428576,2.913950126570923,281.8482256162867,0.9897670745106182,62.71313410453205,nan,nan,nan,3.2763054881444626e+22,0.8988420764873959,8.079952323400124e+21,0.24661779411712337,0.05627124394750261,0.9500943880504102,0.11254248789500522,17.884190243542264,8.079952323400124e+21,2360.9711501788506,1048881.2063760313,volume-growth (steady state OUT OF SUPPORT)
0.9,20.0,0.005,0.002078509543367318,6.477605261907619e+23,8.792205274299061e-22,569.5243514857152,1326.371200648042,-756.8468491623269,0.5706146580931074,4.1570190867346355,63.709586003323835,318.5479300166192,4.917680487415323e-22,9.885323168280854e+23,-0.5260768090350847,nan,nan,nan,nan,nan,nan,318.5479300166192,9.308006317566311e-17,1.6302652901799887e-33,extinction
0.9,20.0,0.01,0.004154068068337296,6.477605261907619e+23,8.792205274299061e-22,569.5243514857152,332.0640895150165,237.4602619706987,0.4169448792685288,8.308136136674593,nan,nan,nan,4.946172813380457e+23,0.23641953879668243,4.2504877147331164e+21,0.00859348808685907,1.6148844234485762,27.266015826838824,3.2297688468971524,17.884190243542264,4.2504877147331164e+21,1241.997287485426,290259.36315059545,volume-growth (steady state OUT OF SUPPORT)
0.9,20.0,0.02,0.008284653061723664,6.477605261907619e+23,8.792205274299061e-22,569.5243514857152,83.48731173176009,486.0370397539551,0.8534087058543376,16.569306123447326,nan,nan,nan,2.4800964375286646e+23,0.6171275745817383,1.109507779066665e+22,0.04473647727070861,0.3102052486293095,5.237564432402589,0.620410497258619,17.884190243542264,1.109507779066665e+22,3241.9942004968266,1977740.97144463,volume-growth (steady state OUT OF SUPPORT)
0.9,20.0,0.05,0.020314161161742474,6.477605261907619e+23,8.792205274299061e-22,569.5243514857152,13.885813952448283,555.6385375332669,0.9756185772983641,40.62832232348495,nan,nan,nan,1.0114490271563534e+23,0.8438544822877201,1.5171305756885944e+22,0.14999575212939237,0.09251922042824479,1.5621121188947067,0.18503844085648957,17.884190243542264,1.5171305756885944e+22,4433.072593611175,3697895.461627256,volume-growth (steady state OUT OF SUPPORT)
0.9,20.0,0.1,0.038122848105260086,6.477605261907619e+23,8.792205274299061e-22,569.5243514857152,3.942742841118026,565.5816086445972,0.9930771303617965,76.24569621052018,nan,nan,nan,5.3896126773662595e+22,0.9167962162026055,1.648269459333563e+22,0.305823360230595,0.045377469020338436,0.7661618197098395,0.09075493804067687,17.884190243542264,1.648269459333563e+22,4816.261885527867,4364807.8620182555,volume-growth (steady state OUT OF SUPPORT)
0.9,20.0,0.2,0.06271313410453205,6.477605261907619e+23,8.792205274299061e-22,569.5243514857152,1.4569750632854614,568.0673764224298,0.9974417686276545,125.4262682090641,nan,nan,nan,3.2763054881444626e+22,0.949421038243698,1.7069242583348727e+22,0.520990568343366,0.026636739506987528,0.4497397773036556,0.053273479013975056,17.884190243542264,1.7069242583348727e+22,4987.651867447162,4680984.559123055,volume-growth (steady state OUT OF SUPPORT)
0.9,50.0,0.005,0.002078509543367318,1.619401315476905e+24,8.792205274299061e-22,1423.8108787142883,530.5484802592167,893.2623984550715,0.6273743316680471,10.392547716836589,nan,nan,nan,9.885323168280854e+23,0.3895692763859663,1.7509756508957957e+22,0.017712882230438057,0.7834687700182608,13.228235762862376,1.5669375400365215,17.884190243542264,1.7509756508957957e+22,5116.370531615933,4925710.928736756,volume-growth (steady state OUT OF SUPPORT)
0.9,50.0,0.01,0.004154068068337296,1.619401315476905e+24,8.792205274299061e-22,1423.8108787142883,132.8256358060066,1290.9852429082816,0.9067111806829646,20.77034034168648,nan,nan,nan,4.946172813380457e+23,0.694567815518673,3.1218358494578925e+22,0.06311619038082653,0.21987211159017178,3.712362561337814,0.43974422318034356,17.884190243542264,3.1218358494578925e+22,9122.039439290358,15657731.249935316,volume-growth (steady state OUT OF SUPPORT)
0.9,50.0,0.02,0.008284653061723664,1.619401315476905e+24,8.792205274299061e-22,1423.8108787142883,33.39492469270403,1390.4159540215842,0.976545392936694,41.42326530861832,nan,nan,nan,2.4800964375286646e+23,0.8468510298326953,3.806294857051245e+22,0.15347366334045034,0.09042261553225064,1.5267126429651996,0.1808452310645013,17.884190243542264,3.806294857051245e+22,11122.036352301757,23276279.515867565,volume-growth (steady state OUT OF SUPPORT)
0.9,50.0,0.05,0.020314161161742474,1.619401315476905e+24,8.792205274299061e-22,1423.8108787142883,5.554325580979312,1418.256553133309,0.9960989723677383,101.57080580871236,nan,nan,nan,1.0114490271563534e+23,0.9375417929150881,4.213917653673175e+22,0.41662185048715983,0.03330955886814992,0.5624049288583136,0.06661911773629985,17.884190243542264,4.213917653673175e+22,12313.114745416107,28528622.12997935,volume-growth (steady state OUT OF SUPPORT)
0.9,50.0,0.1,0.038122848105260086,1.619401315476905e+24,8.792205274299061e-22,1423.8108787142883,1.57709713644721,1422.233781577841,0.9988923408578874,190.61424052630042,nan,nan,nan,5.3896126773662595e+22,0.9667184864810422,4.345056537318144e+22,0.8061908707401664,0.0172136531908612,0.29063859526085883,0.0344273063817224,17.884190243542264,4.345056537318144e+22,12696.3040373328,30331896.900764737,volume-growth (steady state OUT OF SUPPORT)
0.9,50.0,0.2,0.06271313410453205,1.619401315476905e+24,8.792205274299061e-22,1423.8108787142883,0.5827900253141844,1423.2280886889741,0.9995906829804247,313.56567052266024,nan,nan,nan,3.2763054881444626e+22,0.9797684152974792,4.403711336319454e+22,1.344108891022094,0.010324676927035911,0.17432380943918566,0.020649353854071822,17.884190243542264,4.403711336319454e+22,12867.694019252096,31156337.08597871,volume-growth (steady state OUT OF SUPPORT)
0.92,0.5,0.005,0.002078509543367318,1.619401315476905e+22,1.2971292764717872e-21,21.00572856662018,54233.84464871994,-54212.83892015332,0.9996126822890268,0.10392547716836589,0.02223569194516348,0.11117845972581741,6.865405052056287e-24,8.228502576513214e+23,-49.81200378110082,nan,nan,nan,nan,nan,nan,0.11117845972581741,3.195534764574921e-20,1.7988546905345255e-40,extinction
0.92,0.5,0.01,0.004154068068337296,1.619401315476905e+22,1.2971292764717872e-21,21.00572856662018,13577.731660169566,-13556.725931602945,0.9984529279932494,0.2077034034168648,0.08891969873722784,0.4445984936861393,2.7454497500837676e-23,4.117174021115865e+23,-24.424050121284356,nan,nan,nan,nan,nan,nan,0.4445984936861393,1.2778823760964424e-19,2.8766746806000482e-39,extinction
0.92,0.5,0.02,0.008284653061723664,1.619401315476905e+22,1.2971292764717872e-21,21.00572856662018,3413.703413031968,-3392.6976844653477,0.9938466451167287,0.4142326530861832,0.3553101684305437,1.7765508421527187,1.0970417432503654e-22,2.0644221315583865e+23,-11.748057642218384,nan,nan,nan,nan,nan,nan,1.7765508421527187,5.106231900616598e-19,4.593143972518883e-38,extinction
0.92,0.5,0.05,0.020314161161742474,1.619401315476905e+22,1.2971292764717872e-21,21.00572856662018,567.7755038334409,-546.7697752668207,0.9630034610073944,1.0157080580871236,2.204693895365815,11.023469476829078,6.807126418557172e-22,8.419260336043453e+22,-4.198995613736441,nan,nan,nan,nan,nan,nan,11.023469476829078,3.1684087031166005e-18,1.768444296734594e-36,extinction
0.92,0.5,0.1,0.038122848105260086,1.619401315476905e+22,1.2971292764717872e-21,21.00572856662018,161.21437394793705,-140.20864538131687,0.869703128497687,1.9061424052630043,8.59761523565742,42.98807617828711,2.654565966289051e-21,4.4862915503276505e+22,-1.7703395739223922,nan,nan,nan,nan,nan,nan,42.98807617828711,1.2355800955390641e-17,2.6893714897029757e-35,extinction
0.92,0.5,0.2,0.06271313410453205,1.619401315476905e+22,1.2971292764717872e-21,21.00572856662018,59.57409147656108,-38.5683629099409,0.6474016129161667,3.1356567052266024,31.255150458838738,156.27575229419372,9.650217694689926e-21,2.727183288973801e+22,-0.6840688363715823,nan,nan,nan,nan,nan,nan,156.27575229419372,4.49173878238421e-17,3.5541681719904364e-34,extinction
0.92,1.0,0.005,0.002078509543367318,3.23880263095381e+22,1.2971292764717872e-21,42.01145713324036,27116.92232435997,-27074.91086722673,0.998450729156107,0.20785095433673179,0.08904627546977208,0.4452313773488604,1.374678941821602e-23,8.228502576513214e+23,-24.40600189055041,nan,nan,nan,nan,nan,nan,0.4452313773488604,1.2797014350680672e-19,2.884870372856474e-39,extinction
0.92,1.0,0.01,0.004154068068337296,3.23880263095381e+22,1.2971292764717872e-21,42.01145713324036,6788.865830084783,-6746.854372951542,0.9938117119729974,0.4154068068337296,0.35733985619551667,1.7866992809775835,5.51654263801623e-23,4.117174021115865e+23,-11.712025060642178,nan,nan,nan,nan,nan,nan,1.7866992809775835,5.13540094033076e-19,4.6457699679739265e-38,extinction
0.92,1.0,0.02,0.008284653061723664,3.23880263095381e+22,1.2971292764717872e-21,42.01145713324036,1706.851706515984,-1664.8402493827437,0.9753865804669147,0.8284653061723664,1.4481389264203997,7.240694632101999,2.235608481634972e-22,2.0644221315583865e+23,-5.374028821109192,nan,nan,nan,nan,nan,nan,7.240694632101999,2.0811487651128132e-18,7.629836665170616e-37,extinction
0.92,1.0,0.05,0.020314161161742474,3.23880263095381e+22,1.2971292764717872e-21,42.01145713324036,283.88775191672045,-241.8762947834801,0.8520138440295777,2.031416116174247,9.96757443122227,49.83787215611136,1.5387745977418318e-21,8.419260336043453e+22,-1.5994978068682206,nan,nan,nan,nan,nan,nan,49.83787215611136,1.432459610072399e-17,3.614712495208375e-35,extinction
0.92,1.0,0.1,0.038122848105260086,3.23880263095381e+22,1.2971292764717872e-21,42.01145713324036,80.60718697396852,-38.59572984072816,0.4788125139907482,3.8122848105260085,62.46597697081174,312.3298848540587,9.643375050676652e-21,4.4862915503276505e+22,-0.3851697869611961,nan,nan,nan,nan,nan,nan,312.3298848540587,8.97710768370234e-17,1.419651870916447e-33,extinction
0.92,1.0,0.2,0.06271313410453205,3.23880263095381e+22,1.2971292764717872e-21,42.01145713324036,29.78704573828054,12.224411394959823,0.290978038590516,6.271313410453205,nan,nan,nan,2.727183288973801e+22,0.15796558181420883,1.389967597683852e+20,0.005096715000064687,2.665246468614124,43.985192172662906,5.330492937228248,17.5032362637495,1.389967597683852e+20,39.9509922244408,281.1668591534531,volume-growth (steady state OUT OF SUPPORT)
0.92,2.0,0.005,0.002078509543367318,6.47760526190762e+22,1.2971292764717872e-21,84.02291426648073,13558.461162179985,-13474.438247913504,0.9938029166244282,0.41570190867346357,0.3578509065898794,1.7892545329493972,2.7622160669025875e-23,8.228502576513214e+23,-11.703000945275205,nan,nan,nan,nan,nan,nan,1.7892545329493972,5.142745345468515e-19,4.6590677867473986e-38,extinction
0.92,2.0,0.01,0.004154068068337296,6.47760526190762e+22,1.2971292764717872e-21,84.02291426648073,3394.4329150423914,-3310.4100007759107,0.9752468478919898,0.8308136136674592,1.4565688061826259,7.28284403091313,1.1243111823656217e-22,4.117174021115865e+23,-5.356012530321089,nan,nan,nan,nan,nan,nan,7.28284403091313,2.093263510139779e-18,7.718924541561384e-37,extinction
0.92,2.0,0.02,0.008284653061723664,6.47760526190762e+22,1.2971292764717872e-21,84.02291426648073,853.425853257992,-769.4029389915113,0.9015463218676592,1.6569306123447327,6.266989243796471,31.334946218982356,4.837427560344173e-22,2.0644221315583865e+23,-2.187014410554596,nan,nan,nan,nan,nan,nan,31.334946218982356,9.006412774181595e-18,1.4289356921569875e-35,extinction
0.92,2.0,0.05,0.020314161161742474,6.47760526190762e+22,1.2971292764717872e-21,84.02291426648073,141.94387595836022,-57.9209616918795,0.40805537611831055,4.062832232348494,83.24861676944867,416.2430838472434,6.4258791176272145e-21,8.419260336043453e+22,-0.2997489034341103,nan,nan,nan,nan,nan,nan,416.2430838472434,1.1963821483298218e-16,2.52144115964359e-33,extinction
0.92,2.0,0.1,0.038122848105260086,6.47760526190762e+22,1.2971292764717872e-21,84.02291426648073,40.30359348698426,43.719320779496464,0.5203261653224687,7.624569621052017,nan,nan,nan,4.4862915503276505e+22,0.30741510651940196,5.410001750926526e+20,0.012058961594975728,1.1264652887786546,18.590322803626947,2.252930577557309,17.5032362637495,5.410001750926526e+20,155.49638584786393,4259.411393696064,volume-growth (steady state OUT OF SUPPORT)
0.92,2.0,0.2,0.06271313410453205,6.47760526190762e+22,1.2971292764717872e-21,84.02291426648073,14.89352286914027,69.12939139734046,0.822744509647629,12.54262682090641,nan,nan,nan,2.727183288973801e+22,0.5789827909071044,1.0189147657797593e+21,0.03736143331103946,0.363583525887945,6.000304829335839,0.72716705177589,17.5032362637495,1.0189147657797593e+21,292.860466336524,15108.817968085132,volume-growth (steady state OUT OF SUPPORT)
0.92,5.0,0.005,0.002078509543367318,1.6194013154769048e+23,1.2971292764717872e-21,210.0572856662018,5423.384464871995,-5213.327179205793,0.9612682289026766,1.0392547716836589,2.3122661292187305,11.561330646093651,7.139262229565933e-23,8.228502576513214e+23,-4.081200378110083,nan,nan,nan,nan,nan,nan,11.561330646093651,3.323002863634615e-18,1.9452275899728452e-36,extinction
0.92,5.0,0.01,0.004154068068337296,1.6194013154769048e+23,1.2971292764717872e-21,210.0572856662018,1357.7731660169568,-1147.715880350755,0.8452927993249364,2.077034034168648,10.503121951513783,52.51560975756892,3.2429027478036446e-22,4.117174021115865e+23,-1.5424050121284356,nan,nan,nan,nan,nan,nan,52.51560975756892,1.5094241913138503e-17,4.013577023390557e-35,extinction
0.92,5.0,0.02,0.008284653061723664,1.6194013154769048e+23,1.2971292764717872e-21,210.0572856662018,341.3703413031969,-131.31305563699507,0.38466451167286964,4.142326530861832,91.80046720058822,459.00233600294104,2.834395227521273e-21,2.0644221315583865e+23,-0.27480576422183867,nan,nan,nan,nan,nan,nan,459.00233600294104,1.3192824629300855e-16,3.066087669117907e-33,extinction
0.92,5.0,0.05,0.020314161161742474,1.6194013154769048e+23,1.2971292764717872e-21,210.0572856662018,56.7775503833441,153.2797352828577,0.7297044460834923,10.157080580871238,nan,nan,nan,8.419260336043453e+22,0.48010043862635576,2.1122451032064454e+21,0.025088250260700145,0.5414487464968374,8.935656588148317,1.0828974929936748,17.5032362637495,2.1122451032064454e+21,607.1097472698606,64929.70068828268,volume-growth (steady state OUT OF SUPPORT)
0.92,5.0,0.1,0.038122848105260086,1.6194013154769048e+23,1.2971292764717872e-21,210.0572856662018,16.12143739479371,193.9358482714081,0.923252186451595,19.061424052630045,nan,nan,nan,4.4862915503276505e+22,0.7229660426077608,3.1807541931267745e+21,0.07089940895380445,0.19159541462899782,3.161944394673398,0.38319082925799564,17.5032362637495,3.1807541931267745e+21,914.2248081841135,147236.3333799664,volume-growth (steady state OUT OF SUPPORT)
0.92,5.0,0.2,0.06271313410453205,1.6194013154769048e+23,1.2971292764717872e-21,210.0572856662018,5.957409147656109,204.0998765185457,0.9716391215436206,31.356567052266026,nan,nan,nan,2.727183288973801e+22,0.8315931163628417,3.658668783813881e+21,0.13415558824396376,0.1012555781929289,1.6710447299404672,0.2025111563858578,17.5032362637495,3.658668783813881e+21,1051.5888886727735,194805.38901677422,volume-growth (steady state OUT OF SUPPORT)
0.92,10.0,0.005,0.002078509543367318,3.2388026309538096e+23,1.2971292764717872e-21,420.1145713324036,2711.6922324359975,-2291.577661103594,0.8450729156107065,2.0785095433673177,10.52078667166588,52.6039333583294,1.6241784187645243e-22,8.228502576513214e+23,-1.5406001890550414,nan,nan,nan,nan,nan,nan,52.6039333583294,1.5119628227848978e-17,4.027088879371414e-35,extinction
0.92,10.0,0.01,0.004154068068337296,3.2388026309538096e+23,1.2971292764717872e-21,420.1145713324036,678.8865830084784,-258.7720116760748,0.3811711972997455,4.154068068337296,93.16772535742906,465.8386267871453,1.438305077114126e-21,4.117174021115865e+23,-0.2712025060642178,nan,nan,nan,nan,nan,nan,465.8386267871453,1.3389315972278103e-16,3.158099222222066e-33,extinction
0.92,10.0,0.02,0.008284653061723664,3.2388026309538096e+23,1.2971292764717872e-21,420.1145713324036,170.68517065159844,249.42940068080517,0.5937175658766934,8.284653061723663,nan,nan,nan,2.0644221315583865e+23,0.36259711788908067,3.1905573295843107e+21,0.015454965730171811,0.8789409108126204,14.505369513015852,1.7578818216252408,17.5032362637495,3.1905573295843107e+21,917.0424639988445,148145.3015283729,volume-growth (steady state OUT OF SUPPORT)
0.92,10.0,0.05,0.020314161161742474,3.2388026309538096e+23,1.2971292764717872e-21,420.1145713324036,28.38877519167205,391.7257961407316,0.9324261115208731,20.314161161742476,nan,nan,nan,8.419260336043453e+22,0.7400502193131779,6.511835133263316e+21,0.07734450383231038,0.17562982477599623,2.8984604932391913,0.35125964955199246,17.5032362637495,6.511835133263316e+21,1871.6571178302768,617108.5591778029,volume-growth (steady state OUT OF SUPPORT)
0.92,10.0,0.1,0.038122848105260086,3.2388026309538096e+23,1.2971292764717872e-21,420.1145713324036,8.060718697396855,412.05385263500676,0.9808130466128987,38.12284810526009,nan,nan,nan,4.4862915503276505e+22,0.8614830213038804,7.580344223183645e+21,0.168966821218519,0.08039449140069525,1.3267692858896512,0.1607889828013905,17.5032362637495,7.580344223183645e+21,2178.7721787445294,836243.262430064,volume-growth (steady state OUT OF SUPPORT)
0.92,10.0,0.2,0.06271313410453205,3.2388026309538096e+23,1.2971292764717872e-21,420.1145713324036,2.9787045738280544,417.13586675857556,0.9929097803859052,62.71313410453205,nan,nan,nan,2.727183288973801e+22,0.9157965581814209,8.058258813870753e+21,0.29547917979883764,0.045972787878668916,0.7586997800649123,0.09194557575733783,17.5032362637495,8.058258813870753e+21,2316.13625923319,945011.7331709034,volume-growth (steady state OUT OF SUPPORT)
0.92,20.0,0.005,0.002078509543367318,6.477605261907619e+23,1.2971292764717872e-21,840.2291426648072,1355.8461162179988,-515.6169735531915,0.3802916624428258,4.1570190867346355,93.51592732832654,467.5796366416327,7.218402754352665e-22,8.228502576513214e+23,-0.2703000945275207,nan,nan,nan,nan,nan,nan,467.5796366416327,1.3439356758318873e-16,3.18174928513591e-33,extinction
0.92,20.0,0.01,0.004154068068337296,6.477605261907619e+23,1.2971292764717872e-21,840.2291426648072,339.4432915042392,500.78585116056803,0.596011047144013,8.308136136674593,nan,nan,nan,4.117174021115865e+23,0.3643987469678911,6.412820376500598e+21,0.015575781697861174,0.8721232692494889,14.392856363537934,1.7442465384989778,17.5032362637495,6.412820376500598e+21,1843.1979092550278,598484.5285050299,volume-growth (steady state OUT OF SUPPORT)
0.92,20.0,0.02,0.008284653061723664,6.477605261907619e+23,1.2971292764717872e-21,840.2291426648072,85.34258532579922,754.886557339008,0.8984293914691734,16.569306123447326,nan,nan,nan,2.0644221315583865e+23,0.6812985589445404,1.1989737389698052e+22,0.05807793477125371,0.23389264285923933,3.8599855454588092,0.46778528571847866,17.5032362637495,1.1989737389698052e+22,3446.1372051196763,2092059.917299403,volume-growth (steady state OUT OF SUPPORT)
0.92,20.0,0.05,0.020314161161742474,6.477605261907619e+23,1.2971292764717872e-21,840.2291426648072,14.194387595836025,826.0347550689712,0.9831065278802182,40.62832232348495,nan,nan,nan,8.419260336043453e+22,0.870025109656589,1.5311015193377056e+22,0.18185701097553084,0.07469605698777701,1.2327266764397808,0.14939211397555402,17.5032362637495,1.5311015193377056e+22,4400.751858951108,3411636.4976805192,volume-growth (steady state OUT OF SUPPORT)
0.92,20.0,0.1,0.038122848105260086,6.477605261907619e+23,1.2971292764717872e-21,840.2291426648072,4.030359348698427,836.1987833161088,0.9952032616532247,76.24569621052018,nan,nan,nan,4.4862915503276505e+22,0.9307415106519402,1.6379524283297385e+22,0.36510164574794807,0.037206081686174876,0.6140207565153073,0.07441216337234975,17.5032362637495,1.6379524283297385e+22,4707.8669198653615,3904427.3420539354,volume-growth (steady state OUT OF SUPPORT)
0.92,20.0,0.2,0.06271313410453205,6.477605261907619e+23,1.2971292764717872e-21,840.2291426648072,1.4893522869140272,838.7397903778932,0.9982274450964763,125.4262682090641,nan,nan,nan,2.727183288973801e+22,0.9578982790907105,1.6857438873984493e+22,0.6181263629085854,0.0219760917355728,0.3626766340659907,0.0439521834711456,17.5032362637495,1.6857438873984493e+22,4845.2310003540215,4135594.6430028374,volume-growth (steady state OUT OF SUPPORT)
0.92,50.0,0.005,0.002078509543367318,1.619401315476905e+24,1.2971292764717872e-21,2100.5728566620182,542.3384464871993,1558.234410174819,0.7418140271749396,10.392547716836589,nan,nan,nan,8.228502576513214e+23,0.49187996218899177,2.164070177631439e+22,0.026299684025236733,0.5165081695437886,8.524056354137928,1.0330163390875773,17.5032362637495,2.164070177631439e+22,6220.055128174465,6815495.844540226,volume-growth (steady state OUT OF SUPPORT)
0.92,50.0,0.01,0.004154068068337296,1.619401315476905e+24,1.2971292764717872e-21,2100.5728566620182,135.77731660169565,1964.7955400603225,0.9353617675430421,20.77034034168648,nan,nan,nan,4.117174021115865e+23,0.7457594987871565,3.2810360556841825e+22,0.07969145921101808,0.17045743408318623,2.8130993075873287,0.34091486816637245,17.5032362637495,3.2810360556841825e+22,9430.482132617524,15666673.144732457,volume-growth (steady state OUT OF SUPPORT)
0.92,50.0,0.02,0.008284653061723664,1.619401315476905e+24,1.2971292764717872e-21,2100.5728566620182,34.13703413031968,2066.4358225316987,0.9837487026350679,41.42326530861832,nan,nan,nan,2.0644221315583865e+23,0.8725194235778162,3.838727757003927e+22,0.1859468418944994,0.07305314528096254,1.2056133163817417,0.1461062905619251,17.5032362637495,3.838727757003927e+22,11033.421428482172,21445165.5368019,volume-growth (steady state OUT OF SUPPORT)
0.92,50.0,0.05,0.020314161161742474,1.619401315476905e+24,1.2971292764717872e-21,2100.5728566620182,5.677755038334409,2094.895101623684,0.9972970444608349,101.57080580871236,nan,nan,nan,8.419260336043453e+22,0.9480100438626355,4.170855537371828e+22,0.49539453240519227,0.027420572426391763,0.45252818523999816,0.054841144852783526,17.5032362637495,4.170855537371828e+22,11988.036082313605,25316582.085378084,volume-growth (steady state OUT OF SUPPORT)
0.92,50.0,0.1,0.038122848105260086,1.619401315476905e+24,1.2971292764717872e-21,2100.5728566620182,1.6121437394793705,2098.9607129225387,0.9992325218645158,190.61424052630042,nan,nan,nan,4.4862915503276505e+22,0.9722966042607761,4.277706446363862e+22,0.9535061193362355,0.014246370715388017,0.23511122181701044,0.028492741430776035,17.5032362637495,4.277706446363862e+22,12295.15114322786,26630341.353114974,volume-growth (steady state OUT OF SUPPORT)
0.92,50.0,0.2,0.06271313410453205,1.619401315476905e+24,1.2971292764717872e-21,2100.5728566620182,0.5957409147656109,2099.977115747253,0.9997163912154363,313.56567052266024,nan,nan,nan,2.727183288973801e+22,0.9831593116362842,4.325497905432572e+22,1.5860679122378287,0.00856457756357289,0.14134324703085147,0.01712915512714578,17.5032362637495,4.325497905432572e+22,12432.515223716518,27228705.14468806,volume-growth (steady state OUT OF SUPPORT)
0.93,0.5,0.005,0.002078509543367318,1.619401315476905e+22,1.5657758057375063e-21,25.356193995532287,54823.34296011907,-54797.98676612354,0.9995374927425718,0.10392547716836589,0.021998253162952352,0.10999126581476178,6.792094384730689e-24,7.530004084923933e+23,-45.498690676352744,nan,nan,nan,nan,nan,nan,0.10999126581476178,3.135882292813194e-20,1.67703888144654e-40,extinction
0.93,0.5,0.01,0.004154068068337296,1.619401315476905e+22,1.5657758057375063e-21,25.356193995532287,13725.315699954017,-13699.959505958484,0.9981525966651814,0.2077034034168648,0.08799004005646958,0.439950200282348,2.7167459732042087e-23,3.767676671310254e+23,-22.2658614964796,nan,nan,nan,nan,nan,nan,0.439950200282348,1.2543105423556958e-19,2.683080920510332e-39,extinction
0.93,0.5,0.02,0.008284653061723664,1.619401315476905e+22,1.5657758057375063e-21,25.356193995532287,3450.8088849127507,-3425.4526909172187,0.992652101335895,0.4142326530861832,0.3519126067330148,1.759563033665074,1.0865515649818353e-22,1.8891781267727554e+23,-10.665904607570376,nan,nan,nan,nan,nan,nan,1.759563033665074,5.016564287614952e-19,4.2917695119849444e-38,extinction
0.93,0.5,0.05,0.020314161161742474,1.619401315476905e+22,1.5657758057375063e-21,25.356193995532287,573.9469767011957,-548.5907827056634,0.95582136499565,1.0157080580871236,2.197375573384481,10.986877866922406,6.784530654581338e-22,7.704568860852132e+22,-3.757664939022961,nan,nan,nan,nan,nan,nan,10.986877866922406,3.1323901494330475e-18,1.67330583359507e-36,extinction
0.93,0.5,0.1,0.038122848105260086,1.619401315476905e+22,1.5657758057375063e-21,25.356193995532287,162.96670409954507,-137.61051010401277,0.8444087451137016,1.9061424052630043,8.759941263135735,43.79970631567868,2.7046851140033747e-21,4.105460669909858e+22,-1.5351718753549495,nan,nan,nan,nan,nan,nan,43.79970631567868,1.2487420928228043e-17,2.659310990868992e-35,extinction
0.93,0.5,0.2,0.06271313410453205,1.619401315476905e+22,1.5657758057375063e-21,25.356193995532287,60.2216359491324,-34.86544195360011,0.5789520892964451,3.1356567052266024,34.57463660737637,172.87318303688187,1.0675129221194416e-20,2.4956790273025484e+22,-0.5411121403020376,nan,nan,nan,nan,nan,nan,172.87318303688187,4.928663649535491e-17,4.142685732236244e-34,extinction
0.93,1.0,0.005,0.002078509543367318,3.23880263095381e+22,1.5657758057375063e-21,50.712387991064574,27411.671480059536,-27360.95909206847,0.998149970970287,0.20785095433673179,0.08811533116547388,0.44057665582736943,1.360307206177679e-23,7.530004084923933e+23,-22.249345338176372,nan,nan,nan,nan,nan,nan,0.44057665582736943,1.2560965849440007e-19,2.6907273659801174e-39,extinction
0.93,1.0,0.01,0.004154068068337296,3.23880263095381e+22,1.5657758057375063e-21,50.712387991064574,6862.6578499770085,-6811.945461985944,0.9926103866607259,0.4154068068337296,0.353925319111366,1.7696265955568302,5.463829683983197e-23,3.767676671310254e+23,-10.6329307482398,nan,nan,nan,nan,nan,nan,1.7696265955568302,5.045255788985738e-19,4.341002188622754e-38,extinction
0.93,1.0,0.02,0.008284653061723664,3.23880263095381e+22,1.5657758057375063e-21,50.712387991064574,1725.4044424563754,-1674.6920544653108,0.9706084053435797,0.8284653061723664,1.439619878158642,7.198099390793211,2.2224569419574077e-22,1.8891781267727554e+23,-4.832952303785188,nan,nan,nan,nan,nan,nan,7.198099390793211,2.052198622708137e-18,7.182281283558687e-37,extinction
0.93,1.0,0.05,0.020314161161742474,3.23880263095381e+22,1.5657758057375063e-21,50.712387991064574,286.97348835059785,-236.26110035953326,0.8232854599826,2.031416116174247,10.20447279613,51.02236398065,1.5753465028409028e-21,7.704568860852132e+22,-1.3788324695114804,nan,nan,nan,nan,nan,nan,51.02236398065,1.454662118479926e-17,3.6086759450344014e-35,extinction
0.93,1.0,0.1,0.038122848105260086,3.23880263095381e+22,1.5657758057375063e-21,50.712387991064574,81.48335204977253,-30.77096405870796,0.3776349804548064,3.8122848105260085,78.35048543824625,391.7524271912313,1.2095594323877101e-20,4.105460669909858e+22,-0.26758593767747474,nan,nan,nan,nan,nan,nan,391.7524271912313,1.116897319523982e-16,2.127404743929587e-33,extinction
0.93,1.0,0.2,0.06271313410453205,3.23880263095381e+22,1.5657758057375063e-21,50.712387991064574,30.1108179745662,20.601570016498375,0.4062433427534182,6.271313410453205,nan,nan,nan,2.4956790273025484e+22,0.2294439298489812,1.9977932653617912e+20,0.008005008831288307,1.6791816428924373,27.402414049046627,3.3583632857848746,17.318909967265483,1.9977932653617912e+20,56.95765458413968,553.2581510810546,volume-growth (steady state OUT OF SUPPORT)
0.93,2.0,0.005,0.002078509543367318,6.47760526190762e+22,1.5657758057375063e-21,101.42477598212915,13705.835740029768,-13604.41096404764,0.9925998838811483,0.41570190867346357,0.3544320996732504,1.7721604983662522,2.735826631467754e-23,7.530004084923933e+23,-10.624672669088186,nan,nan,nan,nan,nan,nan,1.7721604983662522,5.052480018012394e-19,4.353442725862658e-38,extinction
0.93,2.0,0.01,0.004154068068337296,6.47760526190762e+22,1.5657758057375063e-21,101.42477598212915,3431.3289249885042,-3329.904149006375,0.9704415466429034,0.8308136136674592,1.448041663374606,7.240208316873031,1.117729164425933e-22,3.767676671310254e+23,-4.8164653741199,nan,nan,nan,nan,nan,nan,7.240208316873031,2.0642039973790198e-18,7.266559859809881e-37,extinction
0.93,2.0,0.02,0.008284653061723664,6.47760526190762e+22,1.5657758057375063e-21,101.42477598212915,862.7022212281877,-761.2774452460585,0.8824336213743189,1.6569306123447327,6.333879944711469,31.669399723557348,4.889059836633343e-22,1.8891781267727554e+23,-1.916476151892594,nan,nan,nan,nan,nan,nan,31.669399723557348,9.029035994946982e-18,1.3902931877094314e-35,extinction
0.93,2.0,0.05,0.020314161161742474,6.47760526190762e+22,1.5657758057375063e-21,101.42477598212915,143.48674417529892,-42.061968193169776,0.2931418399304003,4.062832232348494,114.63657431960559,573.182871598028,8.848684790484265e-21,7.704568860852132e+22,-0.1894162347557402,nan,nan,nan,nan,nan,nan,573.182871598028,1.6341606801899752e-16,4.554210909831919e-33,extinction
0.93,2.0,0.1,0.038122848105260086,6.47760526190762e+22,1.5657758057375063e-21,101.42477598212915,40.74167602488627,60.68309995724288,0.5983064726505792,7.624569621052017,nan,nan,nan,4.105460669909858e+22,0.36620703116126263,6.377208942190326e+20,0.015533479565230735,0.8653478973750791,14.121534427626408,1.7306957947501582,17.318909967265483,6.377208942190326e+20,181.81604194885696,5637.51907428429,volume-growth (steady state OUT OF SUPPORT)
0.93,2.0,0.2,0.06271313410453205,6.47760526190762e+22,1.5657758057375063e-21,101.42477598212915,15.0554089872831,86.36936699484605,0.8515608356883545,12.54262682090641,nan,nan,nan,2.4956790273025484e+22,0.6147219649244906,1.0704902085702906e+21,0.04289374542395897,0.3133758488057565,5.11395226257654,0.626751697611513,17.318909967265483,1.0704902085702906e+21,305.1998051680707,15885.179626233656,volume-growth (steady state OUT OF SUPPORT)
0.93,5.0,0.005,0.002078509543367318,1.6194013154769048e+23,1.5657758057375063e-21,253.56193995532283,5482.334296011908,-5228.7723560565855,0.9537492742571765,1.0392547716836589,2.3054359677850407,11.527179838925203,7.118173690954741e-23,7.530004084923933e+23,-3.649869067635275,nan,nan,nan,nan,nan,nan,11.527179838925203,3.2864317793956544e-18,1.8419289296529005e-36,extinction
0.93,5.0,0.01,0.004154068068337296,1.6194013154769048e+23,1.5657758057375063e-21,253.56193995532283,1372.5315699954017,-1118.9696300400788,0.8152596665181462,2.077034034168648,10.772946408367861,53.86473204183931,3.3262126890378894e-22,3.767676671310254e+23,-1.3265861496479605,nan,nan,nan,nan,nan,nan,53.86473204183931,1.5356988408661604e-17,4.021941403274508e-35,extinction
0.93,5.0,0.02,0.008284653061723664,1.6194013154769048e+23,1.5657758057375063e-21,253.56193995532283,345.0808884912751,-91.51894853595229,0.2652101335894938,4.142326530861832,131.7169837487529,658.5849187437645,4.066841939978386e-21,1.8891781267727554e+23,-0.16659046075703765,nan,nan,nan,nan,nan,nan,658.5849187437645,1.8776443472161713e-16,6.012433615098736e-33,extinction
0.93,5.0,0.05,0.020314161161742474,1.6194013154769048e+23,1.5657758057375063e-21,253.56193995532283,57.394697670119584,196.16724228520326,0.7736462432799165,10.157080580871238,nan,nan,nan,7.704568860852132e+22,0.5242335060977039,2.2822790924308324e+21,0.029622411502185086,0.4537734505409744,7.405088084913558,0.9075469010819488,17.318909967265483,2.2822790924308324e+21,650.6842648092418,72204.49503270442,volume-growth (steady state OUT OF SUPPORT)
0.93,5.0,0.1,0.038122848105260086,1.6194013154769048e+23,1.5657758057375063e-21,253.56193995532283,16.29667040995451,237.2652695453683,0.9357290356240926,19.061424052630045,nan,nan,nan,4.105460669909858e+22,0.746482812464505,3.2498535403213664e+21,0.07915929055515035,0.16980778612873265,2.7710779735754607,0.3396155722574653,17.318909967265483,3.2498535403213664e+21,926.54249370065,146404.46099938135,volume-growth (steady state OUT OF SUPPORT)
0.93,5.0,0.2,0.06271313410453205,1.6194013154769048e+23,1.5657758057375063e-21,253.56193995532283,6.022163594913241,247.53977636040958,0.9762497337101367,31.356567052266026,nan,nan,nan,2.4956790273025484e+22,0.8458887859697962,3.682622854672625e+21,0.14755995520197096,0.09109425292446575,1.4865589120096672,0.1821885058489315,17.318909967265483,3.682622854672625e+21,1049.9262569198638,187992.80143593327,volume-growth (steady state OUT OF SUPPORT)
0.93,10.0,0.005,0.002078509543367318,3.2388026309538096e+23,1.5657758057375063e-21,507.12387991064566,2741.167148005954,-2234.043268095308,0.8149970970287054,2.0785095433673177,10.791733561445696,53.95866780722848,1.666006668376021e-22,7.530004084923933e+23,-1.3249345338176375,nan,nan,nan,nan,nan,nan,53.95866780722848,1.53837697627231e-17,4.035981520426161e-35,extinction
0.93,10.0,0.01,0.004154068068337296,3.2388026309538096e+23,1.5657758057375063e-21,507.12387991064566,686.2657849977008,-179.1419050870552,0.2610386660725849,4.154068068337296,134.58157488226965,672.9078744113483,2.0776439662616324e-21,3.767676671310254e+23,-0.16329307482398026,nan,nan,nan,nan,nan,nan,672.9078744113483,1.9184795014677521e-16,6.276795110172979e-33,extinction
0.93,10.0,0.02,0.008284653061723664,3.2388026309538096e+23,1.5657758057375063e-21,507.12387991064566,172.54044424563756,334.5834356650081,0.6597666742176707,8.284653061723663,nan,nan,nan,1.8891781267727554e+23,0.4167047696214812,3.6282937750494113e+21,0.019205673216466632,0.6998902735243013,11.421446360607886,1.3997805470486027,17.318909967265483,3.6282937750494113e+21,1034.4368816941803,182486.86858217287,volume-growth (steady state OUT OF SUPPORT)
0.93,10.0,0.05,0.020314161161742474,3.2388026309538096e+23,1.5657758057375063e-21,507.12387991064566,28.697348835059792,478.42653107558584,0.943411560819979,20.314161161742476,nan,nan,nan,7.704568860852132e+22,0.762116753048852,6.635833502601389e+21,0.08612855076575252,0.1560674568558524,2.5468507772507456,0.3121349137117048,17.318909967265483,6.635833502601389e+21,1891.8950177288968,610404.4527375193,volume-growth (steady state OUT OF SUPPORT)
0.93,10.0,0.1,0.038122848105260086,3.2388026309538096e+23,1.5657758057375063e-21,507.12387991064566,8.148335204977254,498.9755447056684,0.9839322589060232,38.12284810526009,nan,nan,nan,4.105460669909858e+22,0.8732414062322524,7.603407950491924e+21,0.18520230887168307,0.0725793536947984,1.1844159384277324,0.1451587073895968,17.318909967265483,7.603407950491924e+21,2167.753246620305,801388.8888220161,volume-growth (steady state OUT OF SUPPORT)
0.93,10.0,0.2,0.06271313410453205,3.2388026309538096e+23,1.5657758057375063e-21,507.12387991064566,3.0110817974566206,504.11279811318906,0.9940624334275342,62.71313410453205,nan,nan,nan,2.4956790273025484e+22,0.9229443929848982,8.036177264843183e+21,0.3220036381653243,0.041744447228232236,0.681223875950787,0.08348889445646447,17.318909967265483,8.036177264843183e+21,2291.137009839519,895211.6957329054,volume-growth (steady state OUT OF SUPPORT)
0.93,20.0,0.005,0.002078509543367318,6.477605261907619e+23,1.5657758057375063e-21,1014.2477598212913,1370.583574002977,-356.3358141816857,0.2599883881148219,4.1570190867346355,135.31729764178772,676.5864882089386,1.0445009549867007e-21,7.530004084923933e+23,-0.16246726690881874,nan,nan,nan,nan,nan,nan,676.5864882089386,1.928967334101108e-16,6.345609933881709e-33,extinction
0.93,20.0,0.01,0.004154068068337296,6.477605261907619e+23,1.5657758057375063e-21,1014.2477598212913,343.1328924988504,671.1148673224409,0.6616873055166423,8.308136136674593,nan,nan,nan,3.767676671310254e+23,0.4183534625880099,7.285298248240615e+21,0.019336314879978982,0.6951616150298122,11.344279808370374,1.3903232300596244,17.318909967265483,7.285298248240615e+21,2077.0592651416346,735734.9771309216,volume-growth (steady state OUT OF SUPPORT)
0.93,20.0,0.02,0.008284653061723664,6.477605261907619e+23,1.5657758057375063e-21,1014.2477598212913,86.27022212281878,927.9775376984726,0.9149416685544177,16.569306123447326,nan,nan,nan,1.8891781267727554e+23,0.7083523848107406,1.2335402595390524e+22,0.06529507419431561,0.205863367896462,3.359465766260415,0.411726735792924,17.318909967265483,1.2335402595390524e+22,3516.8583875334907,2109275.8880814803,volume-growth (steady state OUT OF SUPPORT)
0.93,20.0,0.05,0.020314161161742474,6.477605261907619e+23,1.5657758057375063e-21,1014.2477598212913,14.348674417529896,999.8990854037614,0.9858528902049948,40.62832232348495,nan,nan,nan,7.704568860852132e+22,0.881058376524426,1.5342942322942504e+22,0.19914082929288743,0.06749928645180786,1.1015147784617152,0.13499857290361572,17.318909967265483,1.5342942322942504e+22,4374.316523568207,3263202.5854501724,volume-growth (steady state OUT OF SUPPORT)
0.93,20.0,0.1,0.038122848105260086,6.477605261907619e+23,1.5657758057375063e-21,1014.2477598212913,4.074167602488627,1010.1735922188027,0.9959830647265058,76.24569621052018,nan,nan,nan,4.105460669909858e+22,0.9366207031161262,1.6310516770833038e+22,0.3972883455047485,0.033834025167824924,0.5521344105439294,0.06766805033564985,17.318909967265483,1.6310516770833038e+22,4650.174752459616,3687755.961770308,volume-growth (steady state OUT OF SUPPORT)
0.93,20.0,0.2,0.06271313410453205,6.477605261907619e+23,1.5657758057375063e-21,1014.2477598212913,1.5055408987283103,1012.742218922563,0.9985156083568836,125.4262682090641,nan,nan,nan,2.4956790273025484e+22,0.9614721964924491,1.6743286085184297e+22,0.6708910040920308,0.020035838606724338,0.32696304634179635,0.040071677213448675,17.318909967265483,1.6743286085184297e+22,4773.55851567883,3886047.7016298724,volume-growth (steady state OUT OF SUPPORT)
0.93,50.0,0.005,0.002078509543367318,1.619401315476905e+24,1.5657758057375063e-21,2535.6193995532285,548.2334296011907,1987.3859699520378,0.7837871765384866,10.392547716836589,nan,nan,nan,7.530004084923933e+23,0.5350130932364726,2.3292086115586368e+22,0.03093236849926843,0.4345565675324566,7.091489501246082,0.8691131350649132,17.318909967265483,2.3292086115586368e+22,6640.640042779159,7520444.416387711,volume-growth (steady state OUT OF SUPPORT)
0.93,50.0,0.01,0.004154068068337296,1.619401315476905e+24,1.5657758057375063e-21,2535.6193995532285,137.25315699954015,2398.366242553688,0.9458699688826627,20.77034034168648,nan,nan,nan,3.767676671310254e+23,0.767341385035204,3.340662470926396e+22,0.088666378842021,0.15160046069594052,2.473954269093023,0.30320092139188104,17.318909967265483,3.340662470926396e+22,9524.323782659567,15470057.501959346,volume-growth (steady state OUT OF SUPPORT)
0.93,50.0,0.02,0.008284653061723664,1.619401315476905e+24,1.5657758057375063e-21,2535.6193995532285,34.50808884912751,2501.111310704101,0.9863906669687068,41.42326530861832,nan,nan,nan,1.8891781267727554e+23,0.8833409539242962,3.845672905641387e+22,0.2035632771278626,0.06603285263602848,1.077584177049058,0.13206570527205697,17.318909967265483,3.845672905641387e+22,10964.122905051423,20500828.685003594,volume-growth (steady state OUT OF SUPPORT)
0.93,50.0,0.05,0.020314161161742474,1.619401315476905e+24,1.5657758057375063e-21,2535.6193995532285,5.739469767011958,2529.8799297862165,0.9977364624327991,101.57080580871236,nan,nan,nan,7.704568860852132e+22,0.9524233506097703,4.146426878396585e+22,0.5381776648742921,0.024976629016796804,0.40759136021089765,0.04995325803359361,17.318909967265483,4.146426878396585e+22,11821.58104108614,23832782.722012315,volume-growth (steady state OUT OF SUPPORT)
0.93,50.0,0.1,0.038122848105260086,1.619401315476905e+24,1.5657758057375063e-21,2535.6193995532285,1.6296670409954506,2533.989732512233,0.9993572903562409,190.61424052630042,nan,nan,nan,4.105460669909858e+22,0.9746482812464505,4.243184323185638e+22,1.0335464554039449,0.01300557300584774,0.2122367749551276,0.02601114601169548,17.318909967265483,4.243184323185638e+22,12097.439269977547,24958042.919039365,volume-growth (steady state OUT OF SUPPORT)
0.93,50.0,0.2,0.06271313410453205,1.619401315476905e+24,1.5657758057375063e-21,2535.6193995532285,0.602216359491324,2535.0171831937373,0.9997624973371014,313.56567052266024,nan,nan,nan,2.4956790273025484e+22,0.9845888785969796,4.286461254620764e+22,1.7175531018721506,0.00782617076935752,0.12771457617359022,0.01565234153871504,17.318909967265483,4.286461254620764e+22,12220.82303319676,25469741.457744952,volume-growth (steady state OUT OF SUPPORT)
0.95,0.5,0.005,0.002078509543367318,1.619401315476905e+22,2.254822525765569e-21,36.5146256439172,56002.33958291733,-55965.82495727341,0.9993479803537519,0.10392547716836589,0.021539215880791458,0.1076960794039573,6.65036383351593e-24,6.341969467070283e+23,-38.162432477107174,nan,nan,nan,nan,nan,nan,0.1076960794039573,3.0218364372488256e-20,1.4609776193020137e-40,extinction
0.95,0.5,0.01,0.004154068068337296,1.619401315476905e+22,2.254822525765569e-21,36.5146256439172,14020.483779522918,-13983.969153879001,0.9973956229886128,0.2077034034168648,0.08620299232903535,0.4310149616451768,2.661569788327887e-23,3.1732373769999104e+23,-18.595126585811183,nan,nan,nan,nan,nan,nan,0.4310149616451768,1.2093817372992887e-19,2.340067947553487e-39,extinction
0.95,0.5,0.02,0.008284653061723664,1.619401315476905e+22,2.254822525765569e-21,36.5146256439172,3525.019828674315,-3488.5052030303978,0.9896412992213864,0.4142326530861832,0.34555201025761356,1.7277600512880682,1.0669128367227811e-22,1.5911160024252333e+23,-8.825334753150168,nan,nan,nan,nan,nan,nan,1.7277600512880682,4.847909326598325e-19,3.760197293901243e-38,extinction
0.95,0.5,0.05,0.020314161161742474,1.619401315476905e+22,2.254822525765569e-21,36.5146256439172,586.2899224367053,-549.7752967927881,0.9377191654733598,1.0157080580871236,2.1926412349437365,10.963206174718685,6.769913096859552e-22,6.488992558489201e+22,-3.0070317940789293,nan,nan,nan,nan,nan,nan,10.963206174718685,3.076158024617831e-18,1.513975821007662e-36,extinction
0.95,0.5,0.1,0.038122848105260086,1.619401315476905e+22,2.254822525765569e-21,36.5146256439172,166.47136440276108,-129.95673875884387,0.7806552149379057,1.9061424052630043,9.275855928781253,46.37927964390627,2.8639769031092718e-21,3.4577280335020225e+22,-1.1351890976349739,nan,nan,nan,nan,nan,nan,46.37927964390627,1.3013528248843463e-17,2.7095163381456805e-35,extinction
0.95,0.5,0.2,0.06271313410453205,1.619401315476905e+22,2.254822525765569e-21,36.5146256439172,61.51672489427503,-25.00209925035783,0.40642767139062397,3.1356567052266024,48.21435086831942,241.07175434159714,1.4886473910922e-20,2.1019271719187007e+22,-0.297965582607727,nan,nan,nan,nan,nan,nan,241.07175434159714,6.764214772651863e-17,7.320427316457118e-34,extinction
0.95,1.0,0.005,0.002078509543367318,3.23880263095381e+22,2.254822525765569e-21,73.0292512878344,28001.169791458666,-27928.140540170833,0.9973919214150079,0.20785095433673179,0.08632583210954614,0.43162916054773076,1.3326812706108563e-23,6.341969467070283e+23,-18.581216238553587,nan,nan,nan,nan,nan,nan,0.43162916054773076,1.2111051135203432e-19,2.3467419210831284e-39,extinction
0.95,1.0,0.01,0.004154068068337296,3.23880263095381e+22,2.254822525765569e-21,73.0292512878344,7010.241889761459,-6937.212638473625,0.989582491954451,0.4154068068337296,0.3475343912671336,1.737671956335668,5.365167792962836e-23,3.1732373769999104e+23,-8.797563292905592,nan,nan,nan,nan,nan,nan,1.737671956335668,4.87572106867952e-19,3.8034644441309166e-38,extinction
0.95,1.0,0.02,0.008284653061723664,3.23880263095381e+22,2.254822525765569e-21,73.0292512878344,1762.5099143371574,-1689.480663049323,0.9585651968855454,0.8284653061723664,1.427018387444078,7.135091937220391,2.2030030076637134e-22,1.5911160024252333e+23,-3.912667376575084,nan,nan,nan,nan,nan,nan,7.135091937220391,2.002030242729581e-18,6.412729531299966e-37,extinction
0.95,1.0,0.05,0.020314161161742474,3.23880263095381e+22,2.254822525765569e-21,73.0292512878344,293.14496121835265,-220.11570993051825,0.7508766618934389,2.031416116174247,10.952966383742568,54.76483191871285,1.6908974753606675e-21,6.488992558489201e+22,-1.0035158970394646,nan,nan,nan,nan,nan,nan,54.76483191871285,1.5366424245680855e-17,3.7778724793533474e-35,extinction
0.95,1.0,0.1,0.038122848105260086,3.23880263095381e+22,2.254822525765569e-21,73.0292512878344,83.23568220138054,-10.206430913546143,0.12262085975162296,3.8122848105260085,236.21577335156252,1181.0788667578126,3.6466527952954987e-20,3.4577280335020225e+22,-0.06759454881748694,nan,nan,nan,nan,nan,nan,1181.0788667578126,3.313980578110223e-16,1.7571206130448127e-32,extinction
0.95,1.0,0.2,0.06271313410453205,3.23880263095381e+22,2.254822525765569e-21,73.0292512878344,30.758362447137515,42.270888840696884,0.578821336591446,6.271313410453205,nan,nan,nan,2.1019271719187007e+22,0.3510172086961365,2.9936952792972165e+20,0.014242621339560894,0.9244315880046575,14.755694811243469,1.848863176009315,16.961911084294456,2.9936952792972165e+20,83.99987749849059,1128.9090671991924,volume-growth (steady state OUT OF SUPPORT)
0.95,2.0,0.005,0.002078509543367318,6.47760526190762e+22,2.254822525765569e-21,146.0585025756688,14000.584895729333,-13854.526393153665,0.9895676856600312,0.41570190867346357,0.34803354557020066,1.7401677278510035,2.686436819613385e-23,6.341969467070283e+23,-8.790608119276794,nan,nan,nan,nan,nan,nan,1.7401677278510035,4.882723935771646e-19,3.8143979176810504e-38,extinction
0.95,2.0,0.01,0.004154068068337296,6.47760526190762e+22,2.254822525765569e-21,146.0585025756688,3505.1209448807294,-3359.062442305061,0.9583299678178042,0.8308136136674592,1.4354719585076672,7.177359792538336,1.1080267324632625e-22,3.1732373769999104e+23,-3.898781646452796,nan,nan,nan,nan,nan,nan,7.177359792538336,2.013890149425445e-18,6.488931821401684e-37,extinction
0.95,2.0,0.02,0.008284653061723664,6.47760526190762e+22,2.254822525765569e-21,146.0585025756688,881.2549571685787,-735.19645459291,0.8342607875421816,1.6569306123447327,6.5585734434412135,32.79286721720607,5.062498545573422e-22,1.5911160024252333e+23,-1.456333688287542,nan,nan,nan,nan,nan,nan,32.79286721720607,9.201326695201364e-18,1.3545734442298578e-35,extinction
0.95,2.0,0.05,0.020314161161742474,6.47760526190762e+22,2.254822525765569e-21,146.0585025756688,146.57248060917632,-0.5139780335075272,0.003506647573755732,4.062832232348494,9381.412489361916,46907.062446809585,7.241420332086692e-19,6.488992558489201e+22,-0.001757948519732322,nan,nan,nan,nan,nan,nan,46907.062446809585,1.3161618440574988e-14,2.7715342408595735e-29,near-threshold/ill-conditioned
0.95,2.0,0.1,0.038122848105260086,6.47760526190762e+22,2.254822525765569e-21,146.0585025756688,41.61784110069027,104.44066147497853,0.7150604698337967,7.624569621052017,nan,nan,nan,3.4577280335020225e+22,0.46620272559125653,7.952139463374419e+20,0.022998163494427324,0.5724948022684347,9.138111130029491,1.1449896045368695,16.961911084294456,7.952139463374419e+20,223.12850121845898,7965.476345857543,volume-growth (steady state OUT OF SUPPORT)
0.95,2.0,0.2,0.06271313410453205,6.47760526190762e+22,2.254822525765569e-21,146.0585025756688,15.379181223568757,130.67932135210003,0.8947053341478615,12.54262682090641,nan,nan,nan,2.1019271719187007e+22,0.6755086043480683,1.1522323520679979e+21,0.05481790080368039,0.24018302177297773,3.83378003749743,0.48036604354595547,16.961911084294456,1.1522323520679979e+21,323.3040352932339,16723.374151512995,volume-growth (steady state OUT OF SUPPORT)
0.95,5.0,0.005,0.002078509543367318,1.6194013154769048e+23,2.254822525765569e-21,365.14625643917196,5600.233958291734,-5235.087701852562,0.9347980353751945,1.0392547716836589,2.3026548060975505,11.513274030487752,7.109586685186281e-23,6.341969467070283e+23,-2.916243247710718,nan,nan,nan,nan,nan,nan,11.513274030487752,3.2305011630794914e-18,1.6697115805165744e-36,extinction
0.95,5.0,0.01,0.004154068068337296,1.6194013154769048e+23,2.254822525765569e-21,365.14625643917196,1402.048377952292,-1036.90212151312,0.7395622988612758,2.077034034168648,11.625590889352283,58.127954446761414,3.5894718555074813e-22,3.1732373769999104e+23,-0.9595126585811184,nan,nan,nan,nan,nan,nan,58.127954446761414,1.6310080342953428e-17,4.2561199244367223e-35,extinction
0.95,5.0,0.02,0.008284653061723664,1.6194013154769048e+23,2.254822525765569e-21,365.14625643917196,352.50198286743154,12.644273571740428,0.03462796988539517,4.142326530861832,nan,nan,nan,1.5911160024252333e+23,0.01746652468498311,7.44827478535787e+19,0.0004681163896287232,28.126186892798216,448.9476943230933,56.25237378559643,16.961911084294456,7.44827478535787e+19,20.89905989670507,69.8803637792191,near-threshold/ill-conditioned
0.95,5.0,0.05,0.020314161161742474,1.6194013154769048e+23,2.254822525765569e-21,365.14625643917196,58.62899224367053,306.5172641955014,0.8394369620124059,10.157080580871238,nan,nan,nan,6.488992558489201e+22,0.599296820592107,2.5555898945363714e+21,0.03938346163139038,0.33431111732913676,5.336244329298813,0.6686222346582735,16.961911084294456,2.5555898945363714e+21,717.0711046043077,82267.08337843219,volume-growth (steady state OUT OF SUPPORT)
0.95,5.0,0.1,0.038122848105260086,1.6194013154769048e+23,2.254822525765569e-21,365.14625643917196,16.64713644027611,348.4991199988959,0.9544096751734075,19.061424052630045,nan,nan,nan,3.4577280335020225e+22,0.7864810902365026,3.3538024187522706e+21,0.0969943959229062,0.13574319358351652,2.1667207862782605,0.27148638716703305,16.961911084294456,3.3538024187522706e+21,941.040974602689,141683.31950490552,volume-growth (steady state OUT OF SUPPORT)
0.95,5.0,0.2,0.06271313410453205,1.6194013154769048e+23,2.254822525765569e-21,365.14625643917196,6.151672489427503,358.9945839497445,0.9831528534636579,31.356567052266026,nan,nan,nan,2.1019271719187007e+22,0.8702034417392273,3.710820824482827e+21,0.17654373919603888,0.07457828367200868,1.1904119327918916,0.14915656734401736,16.961911084294456,3.710820824482827e+21,1041.216508677464,173453.77112165667,volume-growth (steady state OUT OF SUPPORT)
0.95,10.0,0.005,0.002078509543367318,3.2388026309538096e+23,2.254822525765569e-21,730.2925128783439,2800.116979145867,-2069.824466267523,0.739192141500778,2.0785095433673177,11.64794411648909,58.23972058244544,1.7981867751322089e-22,6.341969467070283e+23,-0.9581216238553589,nan,nan,nan,nan,nan,nan,58.23972058244544,1.6341440721449068e-17,4.2725026580299743e-35,extinction
0.95,10.0,0.01,0.004154068068337296,3.2388026309538096e+23,2.254822525765569e-21,730.2925128783439,701.024188976146,29.26832390219795,0.04007753521508939,4.154068068337296,nan,nan,nan,3.1732373769999104e+23,0.020243670709440775,1.7265074172179025e+20,0.0005440839156036297,24.199077908179053,386.2635298922683,48.398155816358106,16.961911084294456,1.7265074172179025e+20,48.443945697968566,375.4746949339102,near-threshold/ill-conditioned
0.95,10.0,0.02,0.008284653061723664,3.2388026309538096e+23,2.254822525765569e-21,730.2925128783439,176.25099143371577,554.0415214446282,0.7586569924713489,8.284653061723663,nan,nan,nan,1.5911160024252333e+23,0.5087332623424916,4.33879686854496e+21,0.02726889090381605,0.48283331759696857,7.706942484017718,0.9656666351939371,16.961911084294456,4.33879686854496e+21,1217.4198488704217,237127.7673560065,volume-growth (steady state OUT OF SUPPORT)
0.95,10.0,0.05,0.020314161161742474,3.2388026309538096e+23,2.254822525765569e-21,730.2925128783439,29.314496121835266,700.9780167565086,0.9598592405031015,20.314161161742476,nan,nan,nan,6.488992558489201e+22,0.7996484102960535,6.819904015227753e+21,0.10509958138733937,0.12527480022737145,1.999625222332054,0.2505496004547429,16.961911084294456,6.819904015227753e+21,1913.5918935780244,585868.705967413,volume-growth (steady state OUT OF SUPPORT)
0.95,10.0,0.1,0.038122848105260086,3.2388026309538096e+23,2.254822525765569e-21,730.2925128783439,8.323568220138055,721.9689446582058,0.9886024187933518,38.12284810526009,nan,nan,nan,3.4577280335020225e+22,0.8932405451182512,7.618116539443651e+21,0.22032144997037098,0.0597596333178178,0.9538779534490482,0.1195192666356356,16.961911084294456,7.618116539443651e+21,2137.561763576405,731036.3971606595,volume-growth (steady state OUT OF SUPPORT)
0.95,10.0,0.2,0.06271313410453205,3.2388026309538096e+23,2.254822525765569e-21,730.2925128783439,3.0758362447137517,727.2166766336302,0.9957882133659145,62.71313410453205,nan,nan,nan,2.1019271719187007e+22,0.9351017208696136,7.975134945174209e+21,0.3794201365166364,0.034701186877312724,0.5538972594551513,0.06940237375462545,16.961911084294456,7.975134945174209e+21,2237.7372976511806,801161.1051292373,volume-growth (steady state OUT OF SUPPORT)
0.95,20.0,0.005,0.002078509543367318,6.477605261907619e+23,2.254822525765569e-21,1460.5850257566879,1400.0584895729335,60.52653618375439,0.041439926547512905,4.1570190867346355,nan,nan,nan,6.341969467070283e+23,0.020939188072320536,3.571651014904358e+20,0.0005631769489666602,23.37867181254028,373.16828074066905,46.75734362508056,16.961911084294456,3.571651014904358e+20,100.21669533104794,1606.8739536113321,near-threshold/ill-conditioned
0.95,20.0,0.01,0.004154068068337296,6.477605261907619e+23,2.254822525765569e-21,1460.5850257566879,350.512094488073,1110.0729312686149,0.7600193838037723,8.308136136674593,nan,nan,nan,3.1732373769999104e+23,0.5101218353547203,8.701278983104553e+21,0.027420825955765865,0.4801580041213449,7.664239368197198,0.9603160082426898,16.961911084294456,8.701278983104553e+21,2441.485523645402,953696.0039758424,volume-growth (steady state OUT OF SUPPORT)
0.95,20.0,0.02,0.008284653061723664,6.477605261907619e+23,2.254822525765569e-21,1460.5850257566879,88.12549571685788,1372.45953003983,0.9396642481178372,16.569306123447326,nan,nan,nan,1.5911160024252333e+23,0.7543666311712458,1.2867425109927724e+22,0.0808704399321907,0.16280768440630689,2.5987217823333437,0.32561536881261377,16.961911084294456,1.2867425109927724e+22,3610.461426817855,2085581.0628054899,volume-growth (steady state OUT OF SUPPORT)
0.95,20.0,0.05,0.020314161161742474,6.477605261907619e+23,2.254822525765569e-21,1460.5850257566879,14.657248060917633,1445.9277776957701,0.9899648101257753,40.62832232348495,nan,nan,nan,6.488992558489201e+22,0.8998242051480267,1.5348532256610514e+22,0.23653182089923733,0.05566409209646328,0.8885052886317247,0.11132818419292656,16.961911084294456,1.5348532256610514e+22,4306.633471525457,2967409.4726104024,volume-growth (steady state OUT OF SUPPORT)
0.95,20.0,0.1,0.038122848105260086,6.477605261907619e+23,2.254822525765569e-21,1460.5850257566879,4.161784110069028,1456.4232416466189,0.9971506046983379,76.24569621052018,nan,nan,nan,3.4577280335020225e+22,0.9466202725591256,1.6146744780826415e+22,0.4669755580653006,0.02819489978624998,0.45004448341871495,0.05638979957249996,16.961911084294456,1.6146744780826415e+22,4530.603341523839,3284080.0739371963,volume-growth (steady state OUT OF SUPPORT)
0.95,20.0,0.2,0.06271313410453205,6.477605261907619e+23,2.254822525765569e-21,1460.5850257566879,1.5379181223568759,1459.047107634331,0.9989470533414787,125.4262682090641,nan,nan,nan,2.1019271719187007e+22,0.9675508604348069,1.6503763186556972e+22,0.7851729311578314,0.016768699658130035,0.2676604929423105,0.03353739931626007,16.961911084294456,1.6503763186556972e+22,4630.778875598614,3430913.294609426,volume-growth (steady state OUT OF SUPPORT)
0.95,50.0,0.005,0.002078509543367318,1.619401315476905e+24,2.254822525765569e-21,3651.46256439172,560.0233958291733,3091.439168562547,0.8466303882476021,10.392547716836589,nan,nan,nan,6.341969467070283e+23,0.6083756752289282,2.5943049825638727e+22,0.04090692955925456,0.32186060416017276,5.137510345141972,0.6437212083203455,16.961911084294456,2.5943049825638727e+22,7279.341429173348,8477852.097438207,volume-growth (steady state OUT OF SUPPORT)
0.95,50.0,0.01,0.004154068068337296,1.619401315476905e+24,2.254822525765569e-21,3651.46256439172,140.20483779522917,3511.257726596491,0.9616031014086036,20.77034034168648,nan,nan,nan,3.1732373769999104e+23,0.8040487341418882,3.428716370725284e+22,0.10805105207625255,0.12185285389898574,1.9450044193031335,0.2437057077979715,16.961911084294456,3.428716370725284e+22,9620.6102574877,14808357.763538795,volume-growth (steady state OUT OF SUPPORT)
0.95,50.0,0.02,0.008284653061723664,1.619401315476905e+24,2.254822525765569e-21,3651.46256439172,35.25019828674315,3616.2123661049773,0.990346279698854,41.42326530861832,nan,nan,nan,1.5911160024252333e+23,0.9017466524684983,3.845330983407602e+22,0.2416750870173147,0.05447946341832088,0.8695963510033103,0.10895892683664175,16.961911084294456,3.845330983407602e+22,10789.586160660156,18625641.120874174,volume-growth (steady state OUT OF SUPPORT)
0.95,50.0,0.05,0.020314161161742474,1.619401315476905e+24,2.254822525765569e-21,3651.46256439172,5.862899224367053,3645.599665167353,0.9983943696201241,101.57080580871236,nan,nan,nan,6.488992558489201e+22,0.9599296820592107,4.09344169807588e+22,0.6308285394349312,0.02087148605241153,0.3331488045656848,0.04174297210482306,16.961911084294456,4.09344169807588e+22,11485.758205367756,21106731.9442596,volume-growth (steady state OUT OF SUPPORT)
0.95,50.0,0.1,0.038122848105260086,1.619401315476905e+24,2.254822525765569e-21,3651.46256439172,1.664713644027611,3649.797850747693,0.9995440967517342,190.61424052630042,nan,nan,nan,3.4577280335020225e+22,0.9786481090236503,4.173262950497471e+22,1.2069378823500896,0.0109088705018045,0.1741264209798861,0.021817741003609,16.961911084294456,4.173262950497471e+22,11709.72807536614,21937911.275987044,volume-growth (steady state OUT OF SUPPORT)
0.95,50.0,0.2,0.06271313410453205,1.619401315476905e+24,2.254822525765569e-21,3651.46256439172,0.6151672489427503,3650.8473971427775,0.9998315285346366,313.56567052266024,nan,nan,nan,2.1019271719187007e+22,0.9870203441739227,4.2089647910705265e+22,2.0024313150814166,0.0065751713744768335,0.10495230084339739,0.013150342748953667,16.961911084294456,4.2089647910705265e+22,11809.903609440915,22314870.034770224,volume-growth (steady state OUT OF SUPPORT)
1.0,0.5,0.005,0.002078509543367318,1.619401315476905e+22,5.267919842157614e-21,85.3087632221693,58949.83113991298,-58864.52237669081,0.9985528582258413,0.10392547716836589,0.02047854865766543,0.10239274328832718,6.3228763809033376e-24,4.256953904695014e+23,-25.287207895970887,nan,nan,nan,nan,nan,nan,0.10239274328832718,2.7646040687848335e-20,1.048427387810927e-40,extinction
1.0,0.5,0.01,0.004154068068337296,1.619401315476905e+22,5.267919842157614e-21,85.3087632221693,14758.403978445178,-14673.09521522301,0.9942196484561092,0.2077034034168648,0.0821544444454133,0.41077222222706655,2.536568411432322e-23,2.12998900620444e+23,-12.152941064378286,nan,nan,nan,nan,nan,nan,0.41077222222706655,1.1090850000130796e-19,1.6873381855336255e-39,extinction
1.0,0.5,0.02,0.008284653061723664,1.619401315476905e+22,5.267919842157614e-21,85.3087632221693,3710.5471880782266,-3625.2384248560575,0.9770091151255909,0.4142326530861832,0.3325188151588021,1.6625940757940108,1.0266720546070359e-22,1.0680132590540199e+23,-5.5951117171934355,nan,nan,nan,nan,nan,nan,1.6625940757940108,4.489004004643829e-19,2.7642190608653407e-38,extinction
1.0,0.5,0.05,0.020314161161742474,1.619401315476905e+22,5.267919842157614e-21,85.3087632221693,617.1472867754792,-531.8385235533099,0.8617691999135288,1.0157080580871236,2.2665902004379093,11.332951002189548,6.998235022954797e-22,4.355640996511812e+22,-1.6896612685714034,nan,nan,nan,nan,nan,nan,11.332951002189548,3.059896770591178e-18,1.2843577841802905e-36,extinction
1.0,0.5,0.1,0.038122848105260086,1.619401315476905e+22,5.267919842157614e-21,85.3087632221693,175.23301516080116,-89.92425193863185,0.5131695751289425,1.9061424052630043,13.40528233166683,67.02641165833415,4.138962406523378e-21,2.320949183060254e+22,-0.43321433722359726,nan,nan,nan,nan,nan,nan,67.02641165833415,1.8097131147750222e-17,4.492539859792472e-35,extinction
1.0,0.5,0.2,0.06271313410453205,1.619401315476905e+22,5.267919842157614e-21,85.3087632221693,64.75444725713162,20.554315965037688,0.24094026438418942,3.1356567052266024,nan,nan,nan,1.4108877578714302e+22,0.12875965680197599,5.2230572644879385e+19,0.0037019651175993116,3.383203888691375,51.19448377084814,6.76640777738275,16.13195345452567,5.2230572644879385e+19,14.102254614117435,27.280327188120225,volume-growth (steady state OUT OF SUPPORT)
1.0,1.0,0.005,0.002078509543367318,3.23880263095381e+22,5.267919842157614e-21,170.6175264443386,29474.91556995649,-29304.298043512154,0.9942114329033652,0.20785095433673179,0.08227188953042894,0.4113594476521447,1.2700972999117318e-23,4.256953904695014e+23,-12.143603947985444,nan,nan,nan,nan,nan,nan,0.4113594476521447,1.1106705086607907e-19,1.692165951726776e-39,extinction
1.0,1.0,0.01,0.004154068068337296,3.23880263095381e+22,5.267919842157614e-21,170.6175264443386,7379.201989222589,-7208.584462778251,0.976878593824437,0.4154068068337296,0.33445123433753976,1.672256171687699,5.163192581436271e-23,2.12998900620444e+23,-5.576470532189143,nan,nan,nan,nan,nan,nan,1.672256171687699,4.515091663556787e-19,2.7964407037475987e-38,extinction
1.0,1.0,0.02,0.008284653061723664,3.23880263095381e+22,5.267919842157614e-21,170.6175264443386,1855.2735940391133,-1684.6560675947746,0.9080364605023632,0.8284653061723664,1.431105148272031,7.155525741360156,2.209312068902727e-22,1.0680132590540199e+23,-2.2975558585967177,nan,nan,nan,nan,nan,nan,7.155525741360156,1.9319919501672424e-18,5.120154863526781e-37,extinction
1.0,1.0,0.05,0.020314161161742474,3.23880263095381e+22,5.267919842157614e-21,170.6175264443386,308.5736433877396,-137.95611694340099,0.4470767996541157,2.031416116174247,17.475991821310256,87.37995910655128,2.6979093530258852e-21,4.355640996511812e+22,-0.3448306342857017,nan,nan,nan,nan,nan,nan,87.37995910655128,2.3592588958768847e-17,7.635257253462574e-35,extinction
1.0,1.0,0.1,0.038122848105260086,3.23880263095381e+22,5.267919842157614e-21,170.6175264443386,87.61650758040058,83.00101886393803,0.4864741658941812,3.8122848105260085,nan,nan,nan,2.320949183060254e+22,0.28339283138820137,2.2991316122601462e+20,0.009905997205973547,1.264335384034759,19.131864182123813,2.528670768069518,16.13195345452567,2.2991316122601462e+20,62.07655353102395,528.6006170493939,volume-growth (steady state OUT OF SUPPORT)
1.0,1.0,0.2,0.06271313410453205,3.23880263095381e+22,5.267919842157614e-21,170.6175264443386,32.37722362856581,138.2403028157728,0.8102350660960473,6.271313410453205,nan,nan,nan,1.4108877578714302e+22,0.564379828400988,4.578744982512254e+20,0.03245293579852226,0.3859281902696803,5.839847411950129,0.7718563805393606,16.13195345452567,4.578744982512254e+20,123.62611452783086,2096.4905614881145,volume-growth (steady state OUT OF SUPPORT)
1.0,2.0,0.005,0.002078509543367318,6.47760526190762e+22,5.267919842157614e-21,341.2350528886772,14737.457784978245,-14396.222732089569,0.9768457316134609,0.41570190867346357,0.3349378536674889,1.6746892683374448,2.5853524576214416e-23,4.256953904695014e+23,-5.571801973992722,nan,nan,nan,nan,nan,nan,1.6746892683374448,4.521661024511101e-19,2.804584145484606e-38,extinction
1.0,2.0,0.01,0.004154068068337296,6.47760526190762e+22,5.267919842157614e-21,341.2350528886772,3689.6009946112945,-3348.365941722617,0.9075143752977476,0.8308136136674592,1.4400576360911512,7.200288180455757,1.1115663720353516e-22,2.12998900620444e+23,-2.2882352660945715,nan,nan,nan,nan,nan,nan,7.200288180455757,1.9440778087230542e-18,5.1844149881610864e-37,extinction
1.0,2.0,0.02,0.008284653061723664,6.47760526190762e+22,5.267919842157614e-21,341.2350528886772,927.6367970195566,-586.4017441308795,0.6321458420094528,1.6569306123447327,8.222758528714408,41.11379264357205,6.347066698452115e-22,1.0680132590540199e+23,-0.6487779292983589,nan,nan,nan,nan,nan,nan,41.11379264357205,1.1100724013764454e-17,1.6903439455386388e-35,extinction
1.0,2.0,0.05,0.020314161161742474,6.47760526190762e+22,5.267919842157614e-21,341.2350528886772,154.2868216938698,186.94823119480742,0.5478576412716792,4.062832232348494,nan,nan,nan,4.355640996511812e+22,0.32758468285714915,5.315309468907352e+20,0.012203277251646967,1.0263228904326902,15.530270207341719,2.0526457808653804,16.13195345452567,5.315309468907352e+20,143.51335566049852,2825.251475025616,volume-growth (steady state OUT OF SUPPORT)
1.0,2.0,0.1,0.038122848105260086,6.47760526190762e+22,5.267919842157614e-21,341.2350528886772,43.80825379020029,297.4267990984769,0.8716185414735452,7.624569621052017,nan,nan,nan,2.320949183060254e+22,0.6416964156941007,1.0412010124387067e+21,0.04486099997527073,0.2791846545677949,4.2246091981377,0.5583693091355898,16.13195345452567,1.0412010124387067e+21,281.1242733584508,10840.995483033877,volume-growth (steady state OUT OF SUPPORT)
1.0,2.0,0.2,0.06271313410453205,6.47760526190762e+22,5.267919842157614e-21,341.2350528886772,16.188611814282904,325.0464410743943,0.9525587665240118,12.54262682090641,nan,nan,nan,1.4108877578714302e+22,0.782189914200494,1.2691623494639173e+21,0.08995487716036814,0.1392309475264316,2.106836217399469,0.2784618950528632,16.13195345452567,1.2691623494639173e+21,342.67383435525767,16107.730692967703,volume-growth (steady state OUT OF SUPPORT)
1.0,5.0,0.005,0.002078509543367318,1.6194013154769048e+23,5.267919842157614e-21,853.087632221693,5894.983113991299,-5041.895481769607,0.8552858225841303,1.0392547716836589,2.390886503022481,11.954432515112405,7.38200741277766e-23,4.256953904695014e+23,-1.6287207895970894,nan,nan,nan,nan,nan,nan,11.954432515112405,3.2276967790803495e-18,1.4290845675837669e-36,extinction
1.0,5.0,0.01,0.004154068068337296,1.6194013154769048e+23,5.267919842157614e-21,853.087632221693,1475.840397844518,-622.7527656228251,0.4219648456109229,2.077034034168648,19.35695916975492,96.7847958487746,5.976578808710675e-22,2.12998900620444e+23,-0.31529410643782874,nan,nan,nan,nan,nan,nan,96.7847958487746,2.6131894879169146e-17,9.367296707488978e-35,extinction
1.0,5.0,0.02,0.008284653061723664,1.6194013154769048e+23,5.267919842157614e-21,853.087632221693,371.05471880782267,482.0329134138703,0.5650450143773785,4.142326530861832,nan,nan,nan,1.0680132590540199e+23,0.3404888282806564,1.3811722492887053e+21,0.01293216388073742,0.9684769615638095,14.654948304164012,1.936953923127619,16.13195345452567,1.3811722492887053e+21,372.91650730795044,19076.367822052212,volume-growth (steady state OUT OF SUPPORT)
1.0,5.0,0.05,0.020314161161742474,1.6194013154769048e+23,5.267919842157614e-21,853.087632221693,61.71472867754793,791.3729035441451,0.9276572226034687,10.157080580871238,nan,nan,nan,4.355640996511812e+22,0.7310338731428596,2.965394500528811e+21,0.06808170147410286,0.18396283451326384,2.783717049217317,0.3679256690265277,16.13195345452567,2.965394500528811e+21,800.656515142779,87935.64543766517,volume-growth (steady state OUT OF SUPPORT)
1.0,5.0,0.1,0.038122848105260086,1.6194013154769048e+23,5.267919842157614e-21,853.087632221693,17.523301516080117,835.5643307056129,0.9794589666357673,19.061424052630045,nan,nan,nan,2.320949183060254e+22,0.8566785662776403,3.4750645660767827e+21,0.14972600828316227,0.08364948030922884,1.2657800425345125,0.16729896061845767,16.13195345452567,3.4750645660767827e+21,938.2674328407313,120760.73738402418,volume-growth (steady state OUT OF SUPPORT)
1.0,5.0,0.2,0.06271313410453205,1.6194013154769048e+23,5.267919842157614e-21,853.087632221693,6.475444725713162,846.6121874959798,0.9924094026438419,31.356567052266026,nan,nan,nan,1.4108877578714302e+22,0.9128759656801976,3.7030259031019933e+21,0.2624607012459058,0.047719535618886075,0.722089791856564,0.09543907123777215,16.13195345452567,3.7030259031019933e+21,999.8169938375382,137124.00839044334,volume-growth (steady state OUT OF SUPPORT)
1.0,10.0,0.005,0.002078509543367318,3.2388026309538096e+23,5.267919842157614e-21,1706.175264443386,2947.4915569956497,-1241.3162925522638,0.4211432903365212,2.0785095433673177,19.422285729010426,97.11142864505213,2.9983743904905176e-22,4.256953904695014e+23,-0.3143603947985447,nan,nan,nan,nan,nan,nan,97.11142864505213,2.6220085734164077e-17,9.43062957348305e-35,extinction
1.0,10.0,0.01,0.004154068068337296,3.2388026309538096e+23,5.267919842157614e-21,1706.175264443386,737.920198922259,968.2550655211269,0.5675003533924785,4.154068068337296,nan,nan,nan,2.12998900620444e+23,0.34235294678108563,2.7774678655036005e+21,0.013039822540929183,0.9604810757470135,14.533954932156554,1.920962151494027,16.13195345452567,2.7774678655036005e+21,749.9163236859722,77143.27743905126,volume-growth (steady state OUT OF SUPPORT)
1.0,10.0,0.02,0.008284653061723664,3.2388026309538096e+23,5.267919842157614e-21,1706.175264443386,185.52735940391133,1520.6479050394746,0.8912612535943446,8.284653061723663,nan,nan,nan,1.0680132590540199e+23,0.6702444141403282,5.437611505352165e+21,0.05091333332479847,0.24599651925680302,3.722407879369271,0.49199303851360604,16.13195345452567,5.437611505352165e+21,1468.1551064450846,295676.1888313824,volume-growth (steady state OUT OF SUPPORT)
1.0,10.0,0.05,0.020314161161742474,3.2388026309538096e+23,5.267919842157614e-21,1706.175264443386,30.857364338773966,1675.317900104612,0.9819143056508671,20.314161161742476,nan,nan,nan,4.355640996511812e+22,0.8655169365714298,7.02183375659227e+21,0.16121240851152935,0.07768944647189553,1.175593087920587,0.15537889294379106,16.13195345452567,7.02183375659227e+21,1895.895114279913,493061.4930521872,volume-growth (steady state OUT OF SUPPORT)
1.0,10.0,0.1,0.038122848105260086,3.2388026309538096e+23,5.267919842157614e-21,1706.175264443386,8.761650758040059,1697.4136136853458,0.9948647416589418,38.12284810526009,nan,nan,nan,2.320949183060254e+22,0.9283392831388202,7.531503822140242e+21,0.3245010221296481,0.0385961890026278,0.5840357355098394,0.0771923780052556,16.13195345452567,7.531503822140242e+21,2033.5060319778654,567235.4982291306,volume-growth (steady state OUT OF SUPPORT)
1.0,10.0,0.2,0.06271313410453205,3.2388026309538096e+23,5.267919842157614e-21,1706.175264443386,3.237722362856581,1702.9375420805293,0.9981023506609604,62.71313410453205,nan,nan,nan,1.4108877578714302e+22,0.9564379828400988,7.759465159165454e+21,0.5499704080551353,0.02277304850992311,0.34460071006981174,0.04554609701984622,16.13195345452567,7.759465159165454e+21,2095.0555929746724,602092.9955630256,volume-growth (steady state OUT OF SUPPORT)
1.0,20.0,0.005,0.002078509543367318,6.477605261907619e+23,5.267919842157614e-21,3412.350528886772,1473.7457784978249,1938.604750388947,0.5681141881462535,4.1570190867346355,nan,nan,nan,4.256953904695014e+23,0.34281980260072764,5.562510820102072e+21,0.013066880555054058,0.958492176376216,14.50385899945191,1.916984352752432,16.13195345452567,5.562510820102072e+21,1501.8779214275596,309415.2662375263,volume-growth (steady state OUT OF SUPPORT)
1.0,20.0,0.01,0.004154068068337296,6.477605261907619e+23,5.267919842157614e-21,3412.350528886772,368.9600994611295,3043.390429425642,0.8918750883481196,8.308136136674593,nan,nan,nan,2.12998900620444e+23,0.6711764733905428,1.089034637763052e+22,0.051128650645182,0.24496055780110912,3.7067317588410287,0.48992111560221824,16.13195345452567,1.089034637763052e+22,2940.393521960241,1185996.442247702,volume-growth (steady state OUT OF SUPPORT)
1.0,20.0,0.02,0.008284653061723664,6.477605261907619e+23,5.267919842157614e-21,3412.350528886772,92.76367970195567,3319.586849184816,0.9728153133985861,16.569306123447326,nan,nan,nan,1.0680132590540199e+23,0.835122207070164,1.3550490017479084e+22,0.12687567221292056,0.09871476984684201,1.4937473025966275,0.19742953969368401,16.13195345452567,1.3550490017479084e+22,3658.6323047193528,1836157.797138003,volume-growth (steady state OUT OF SUPPORT)
1.0,20.0,0.05,0.020314161161742474,6.477605261907619e+23,5.267919842157614e-21,3412.350528886772,15.428682169386983,3396.921846717385,0.9954785764127169,40.62832232348495,nan,nan,nan,4.355640996511812e+22,0.9327584682857148,1.5134712268719191e+22,0.3474738225863824,0.0360444498766471,0.5454229378274075,0.0720888997532942,16.13195345452567,1.5134712268719191e+22,4086.372312554182,2290595.154569192,volume-growth (steady state OUT OF SUPPORT)
1.0,20.0,0.1,0.038122848105260086,6.477605261907619e+23,5.267919842157614e-21,3412.350528886772,4.380825379020029,3407.969703507752,0.9987161854147355,76.24569621052018,nan,nan,nan,2.320949183060254e+22,0.9641696415694101,1.564438233426716e+22,0.6740510498226199,0.018580940990979383,0.28116593421678815,0.037161881981958765,16.13195345452567,1.564438233426716e+22,4223.983230252134,2447466.986207304,volume-growth (steady state OUT OF SUPPORT)
1.0,20.0,0.2,0.06271313410453205,6.477605261907619e+23,5.267919842157614e-21,3412.350528886772,1.6188611814282905,3410.7316677053436,0.9995255876652401,125.4262682090641,nan,nan,nan,1.4108877578714302e+22,0.9782189914200494,1.5872343671292373e+22,1.124989821673594,0.01113299208612367,0.16846391805682603,0.02226598417224734,16.13195345452567,1.5872343671292373e+22,4285.532791248941,2519312.9361961503,volume-growth (steady state OUT OF SUPPORT)
1.0,50.0,0.005,0.002078509543367318,1.619401315476905e+24,5.267919842157614e-21,8530.876322216931,589.4983113991298,7941.378010817802,0.9308982701034006,10.392547716836589,nan,nan,nan,4.256953904695014e+23,0.7371279210402911,2.990114635648283e+22,0.07024070973262059,0.1783083176314389,2.6981531629537123,0.3566166352628778,16.13195345452567,2.990114635648283e+22,8073.309516250364,8940785.534318065,volume-growth (steady state OUT OF SUPPORT)
1.0,50.0,0.01,0.004154068068337296,1.619401315476905e+24,5.267919842157614e-21,8530.876322216931,147.5840397844518,8383.29228243248,0.9827000141356992,20.77034034168648,nan,nan,nan,2.12998900620444e+23,0.8684705893562171,3.5228981914011284e+22,0.16539513495794048,0.07572473510086476,1.1458631669025718,0.15144947020172952,16.13195345452567,3.5228981914011284e+22,9511.825116783048,12410811.66697734,volume-growth (steady state OUT OF SUPPORT)
1.0,50.0,0.02,0.008284653061723664,1.619401315476905e+24,5.267919842157614e-21,8530.876322216931,37.10547188078226,8493.770850336148,0.9956504501437737,41.42326530861832,nan,nan,nan,1.0680132590540199e+23,0.9340488828280656,3.788912555385984e+22,0.35476268887728685,0.03530388954176088,0.5342168133096412,0.07060777908352175,16.13195345452567,3.788912555385984e+22,10230.063899542158,14355858.352361549,volume-growth (steady state OUT OF SUPPORT)
1.0,50.0,0.05,0.020314161161742474,1.619401315476905e+24,5.267919842157614e-21,8530.876322216931,6.171472867754792,8524.704849349177,0.9992765722260347,101.57080580871236,nan,nan,nan,4.355640996511812e+22,0.9731033873142859,3.947334780509995e+22,0.9062580648109413,0.01382001801470824,0.20912386933927135,0.02764003602941648,16.13195345452567,3.947334780509995e+22,10657.803907376985,15581451.869423887,volume-growth (steady state OUT OF SUPPORT)
1.0,50.0,0.1,0.038122848105260086,1.619401315476905e+24,5.267919842157614e-21,8530.876322216931,1.7523301516080114,8529.123992065322,0.9997945896663576,190.61424052630042,nan,nan,nan,2.320949183060254e+22,0.985667856627764,3.998301787064793e+22,1.7227011329015356,0.007270270241575148,0.11001339089733825,0.014540540483150295,16.13195345452567,3.998301787064793e+22,10795.41482507494,15986417.180445515,volume-growth (steady state OUT OF SUPPORT)
1.0,50.0,0.2,0.06271313410453205,1.619401315476905e+24,5.267919842157614e-21,8530.876322216931,0.6475444725713161,8530.22877774436,0.9999240940264384,313.56567052266024,nan,nan,nan,1.4108877578714302e+22,0.9912875965680198,4.021097920767313e+22,2.8500480625289706,0.0043944882706813855,0.06649719196840974,0.008788976541362771,16.13195345452567,4.021097920767313e+22,10856.964386071746,16169228.488399211,volume-growth (steady state OUT OF SUPPORT)
1.2,0.5,0.005,0.002078509543367318,1.619401315476905e+22,7.794640377120725e-20,1262.26508803787,70739.79736789558,-69477.53227985771,0.9821562241481522,0.10392547716836589,0.01735035695922053,0.08675178479610267,5.3570281786855734e-24,1.2123027998066348e+23,-6.486117173182721,nan,nan,nan,nan,nan,nan,0.08675178479610267,2.0429429933831142e-20,3.3131510013504355e-41,extinction
1.2,0.5,0.01,0.004154068068337296,1.619401315476905e+22,7.794640377120725e-20,1262.26508803787,17710.084774134215,-16447.819686096344,0.9287261972974051,0.2077034034168648,0.07328995628036321,0.3664497814018161,2.262871950884507e-23,6.065820052528836e+22,-2.7457176269753023,nan,nan,nan,nan,nan,nan,0.3664497814018161,8.629632405848169e-20,5.911712793088013e-40,extinction
1.2,0.5,0.02,0.008284653061723664,1.619401315476905e+22,7.794640377120725e-20,1262.26508803787,4452.656625693871,-3190.391537656001,0.7165141635323906,0.4142326530861832,0.37784076702602987,1.8892038351301497,1.1666063359802751e-22,3.041506892413858e+22,-0.8781674828503832,nan,nan,nan,nan,nan,nan,1.8892038351301497,4.448941018473476e-19,1.5712382025300868e-38,extinction
1.2,0.5,0.05,0.020314161161742474,1.619401315476905e+22,7.794640377120725e-20,1262.26508803787,740.5767441305751,521.688343907295,0.4132953916346005,1.0157080580871236,nan,nan,nan,1.2404070829144056e+22,0.23403354618795502,7.944356906663356e+19,0.0064046368455085295,1.636445856349347,20.462861369048497,3.272891712698694,13.504453654640258,7.944356906663356e+19,18.708396971369037,27.784455275358983,volume-growth (steady state OUT OF SUPPORT)
1.2,0.5,0.1,0.038122848105260086,1.619401315476905e+22,7.794640377120725e-20,1262.26508803787,210.2796181929614,1051.9854698449087,0.8334108895304783,1.9061424052630043,nan,nan,nan,6.609639793678838e+21,0.5918467071436004,2.0090459475438292e+20,0.030395694928265084,0.34481335110086947,4.311702568342022,0.6896267022017389,13.504453654640258,2.0090459475438292e+20,47.31160692043531,177.69046809062567,volume-growth (steady state OUT OF SUPPORT)
1.2,0.5,0.2,0.06271313410453205,1.619401315476905e+22,7.794640377120725e-20,1262.26508803787,77.70533670855794,1184.5597513293121,0.9384397640044476,3.1356567052266024,nan,nan,nan,4.0179509042698503e+21,0.7518866468818086,2.5523075531173023e+20,0.06352261672498243,0.16499385522216428,2.063158015925978,0.32998771044432856,13.504453654640258,2.5523075531173023e+20,60.10503236164016,286.78101940711935,volume-growth (steady state OUT OF SUPPORT)
1.2,1.0,0.005,0.002078509543367318,3.23880263095381e+22,7.794640377120725e-20,2524.53017607574,35369.89868394779,-32845.368507872045,0.9286248965926083,0.20785095433673179,0.07340212885188888,0.3670106442594444,1.1331676736083227e-23,1.2123027998066348e+23,-2.7430585865913604,nan,nan,nan,nan,nan,nan,0.3670106442594444,8.642840328289577e-20,5.929822764275381e-40,extinction
1.2,1.0,0.01,0.004154068068337296,3.23880263095381e+22,7.794640377120725e-20,2524.53017607574,8855.042387067107,-6330.512210991367,0.7149047891896209,0.4154068068337296,0.38084121648428876,1.904206082421444,5.879352030354086e-23,6.065820052528836e+22,-0.8728588134876512,nan,nan,nan,nan,nan,nan,1.904206082421444,4.484270246639542e-19,1.596291822646499e-38,extinction
1.2,1.0,0.02,0.008284653061723664,3.23880263095381e+22,7.794640377120725e-20,2524.53017607574,2226.3283128469357,298.20186322880454,0.11812172659086408,0.8284653061723664,nan,nan,nan,3.041506892413858e+22,0.060916258574808424,4.135650699820715e+19,0.0013597374084983586,7.707989323342524,96.38419526419851,15.415978646685048,13.504453654640258,4.135650699820715e+19,9.739164030038804,7.529603274716895,volume-growth (steady state OUT OF SUPPORT)
1.2,1.0,0.05,0.020314161161742474,3.23880263095381e+22,7.794640377120725e-20,2524.53017607574,370.28837206528755,2154.2418040104526,0.8533238479086501,2.031416116174247,nan,nan,nan,1.2404070829144056e+22,0.6170167730939775,4.1889733695865835e+20,0.03377095654552663,0.31035074215696445,3.8807664719849706,0.6207014843139289,13.504453654640258,4.1889733695865835e+20,98.64735134820911,772.5019629897164,volume-growth (steady state OUT OF SUPPORT)
1.2,1.0,0.1,0.038122848105260086,3.23880263095381e+22,7.794640377120725e-20,2524.53017607574,105.1398090964807,2419.3903669792594,0.9583527223826195,3.8122848105260085,nan,nan,nan,6.609639793678838e+21,0.7959233535718002,5.403583626464077e+20,0.08175307271103974,0.12820119268543992,1.603085872404689,0.25640238537087984,13.504453654640258,5.403583626464077e+20,127.25056129727538,1285.4291576544194,volume-growth (steady state OUT OF SUPPORT)
1.2,1.0,0.2,0.06271313410453205,3.23880263095381e+22,7.794640377120725e-20,2524.53017607574,38.85266835427897,2485.677507721461,0.9846099410011119,6.271313410453205,nan,nan,nan,4.0179509042698503e+21,0.8759433234409043,5.94684523203755e+20,0.1480069163044744,0.07081318690333348,0.885480213770112,0.14162637380666696,13.504453654640258,5.94684523203755e+20,140.04398673848024,1556.8890525459494,volume-growth (steady state OUT OF SUPPORT)
1.2,2.0,0.005,0.002078509543367318,6.47760526190762e+22,7.794640377120725e-20,5049.06035215148,17684.949341973894,-12635.888989822413,0.7144995863704333,0.41570190867346357,0.3815987895025786,1.907993947512893,2.9455236470383487e-23,1.2123027998066348e+23,-0.8715292932956802,nan,nan,nan,nan,nan,nan,1.907993947512893,4.493190400232514e-19,1.6026488572579782e-38,extinction
1.2,2.0,0.01,0.004154068068337296,6.47760526190762e+22,7.794640377120725e-20,5049.06035215148,4427.521193533554,621.5391586179267,0.12309996618540706,0.8308136136674592,nan,nan,nan,6.065820052528836e+22,0.06357059325617442,8.631710963175893e+19,0.0014230080827368657,7.365271887350784,92.09870096920267,14.730543774701568,13.504453654640258,8.631710963175893e+19,20.327067016055924,32.80032685845882,volume-growth (steady state OUT OF SUPPORT)
1.2,2.0,0.02,0.008284653061723664,6.47760526190762e+22,7.794640377120725e-20,5049.06035215148,1113.1641564234678,3935.8961957280126,0.7795304316477161,1.6569306123447327,nan,nan,nan,3.041506892413858e+22,0.5304581292874042,7.202640427822567e+20,0.023681157671506282,0.44258146382199776,5.5342394027650155,0.8851629276439955,13.504453654640258,7.202640427822567e+20,169.61707278371895,2283.85149778024,volume-growth (steady state OUT OF SUPPORT)
1.2,2.0,0.05,0.020314161161742474,6.47760526190762e+22,7.794640377120725e-20,5049.06035215148,185.14418603264377,4863.916166118836,0.9633309619771625,4.062832232348494,nan,nan,nan,1.2404070829144056e+22,0.8085083865469888,1.0978048727427078e+21,0.08850359594556281,0.11842277497630024,1.4808121013450386,0.2368455499526005,13.504453654640258,1.0978048727427078e+21,258.5252601018893,5305.602400449428,volume-growth (steady state OUT OF SUPPORT)
1.2,2.0,0.1,0.038122848105260086,6.47760526190762e+22,7.794640377120725e-20,5049.06035215148,52.56990454824035,4996.49044760324,0.9895881805956548,7.624569621052017,nan,nan,nan,6.609639793678838e+21,0.8979616767859001,1.2192658984304572e+21,0.18446782827658903,0.056816635860969356,0.710460989936063,0.11363327172193871,13.504453654640258,1.2192658984304572e+21,287.1284700509555,6544.571958813005,volume-growth (steady state OUT OF SUPPORT)
1.2,2.0,0.2,0.06271313410453205,6.47760526190762e+22,7.794640377120725e-20,5049.06035215148,19.426334177139484,5029.634017974341,0.996152485250278,12.54262682090641,nan,nan,nan,4.0179509042698503e+21,0.9379716617204521,1.2735920589878044e+21,0.31697551546345837,0.03306514514829473,0.4134615750908046,0.06613029029658946,13.504453654640258,1.2735920589878044e+21,299.92189549216033,7140.770540854604,volume-growth (steady state OUT OF SUPPORT)
1.2,5.0,0.005,0.002078509543367318,1.6194013154769048e+23,7.794640377120725e-20,12622.650880378698,7073.979736789559,5548.671143589139,0.4395804966937873,1.0392547716836589,nan,nan,nan,1.2123027998066348e+23,0.25138828268172786,8.533469976021796e+20,0.007039058210030452,1.488955072472606,18.61856969757523,2.977910144945212,13.504453654640258,8.533469976021796e+20,200.9571646016682,3205.7948169694323,volume-growth (steady state OUT OF SUPPORT)
1.2,5.0,0.01,0.004154068068337296,1.6194013154769048e+23,7.794640377120725e-20,12622.650880378698,1771.0084774134218,10851.642402965277,0.8596959945896652,2.077034034168648,nan,nan,nan,6.065820052528836e+22,0.6254282373024698,2.123039716983907e+21,0.0350000444886065,0.2994522315726366,3.7444865514786367,0.5989044631452732,13.504453654640258,2.123039716983907e+21,499.9607932770963,19842.693791458954,volume-growth (steady state OUT OF SUPPORT)
1.2,5.0,0.02,0.008284653061723664,1.6194013154769048e+23,7.794640377120725e-20,12622.650880378698,445.26566256938725,12177.385217809311,0.9647248690636345,4.142326530861832,nan,nan,nan,3.041506892413858e+22,0.8121832517149616,2.7569866501344047e+21,0.09064541846053004,0.11562461297278342,1.445822614253887,0.23124922594556685,13.504453654640258,2.7569866501344047e+21,649.2507990447592,33462.14055754478,volume-growth (steady state OUT OF SUPPORT)
1.2,5.0,0.05,0.020314161161742474,1.6194013154769048e+23,7.794640377120725e-20,12622.650880378698,74.05767441305753,12548.59320596564,0.994132953916346,10.157080580871238,nan,nan,nan,1.2404070829144056e+22,0.9234033546187955,3.134527480094856e+21,0.2527015141456713,0.04147518253971772,0.5186244978856451,0.08295036507943544,13.504453654640258,3.134527480094856e+21,738.1589863629296,43254.22708907653,volume-growth (steady state OUT OF SUPPORT)
1.2,5.0,0.1,0.038122848105260086,1.6194013154769048e+23,7.794640377120725e-20,12622.650880378698,21.02796181929614,12601.622918559402,0.9983341088953048,19.061424052630045,nan,nan,nan,6.609639793678838e+21,0.9591846707143601,3.2559885057826053e+21,0.4926120949732368,0.021276053783909194,0.266045428494526,0.04255210756781839,13.504453654640258,3.2559885057826053e+21,766.7621963119959,46671.32373853673,volume-growth (steady state OUT OF SUPPORT)
1.2,5.0,0.2,0.06271313410453205,1.6194013154769048e+23,7.794640377120725e-20,12622.650880378698,7.770533670855795,12614.880346707843,0.9993843976400445,31.356567052266026,nan,nan,nan,4.0179509042698503e+21,0.9751886646881809,3.310314666339952e+21,0.8238813129404101,0.012721300098249504,0.15907290750533148,0.025442600196499007,13.504453654640258,3.310314666339952e+21,779.5556217532006,48241.73838202854,volume-growth (steady state OUT OF SUPPORT)
1.2,10.0,0.005,0.002078509543367318,3.2388026309538096e+23,7.794640377120725e-20,25245.301760757397,3536.9898683947795,21708.311892362617,0.8598951241734468,2.0785095433673177,nan,nan,nan,1.2123027998066348e+23,0.6256941413408639,4.247884676522427e+21,0.03503979927457047,0.29911248478130054,3.740238203472062,0.5982249695626011,13.504453654640258,4.247884676522427e+21,1000.3467083700689,79438.27930089034,volume-growth (steady state OUT OF SUPPORT)
1.2,10.0,0.01,0.004154068068337296,3.2388026309538096e+23,7.794640377120725e-20,25245.301760757397,885.5042387067109,24359.797522050685,0.9649239986474163,4.154068068337296,nan,nan,nan,6.065820052528836e+22,0.8127141186512349,5.517577395904154e+21,0.09096177183172258,0.11522248540457329,1.4407942287139504,0.23044497080914658,13.504453654640258,5.517577395904154e+21,1299.3503370454969,134023.59415328634,volume-growth (steady state OUT OF SUPPORT)
1.2,10.0,0.02,0.008284653061723664,3.2388026309538096e+23,7.794640377120725e-20,25245.301760757397,222.63283128469362,25022.668929472704,0.9911812172659087,8.284653061723663,nan,nan,nan,3.041506892413858e+22,0.9060916258574808,6.151524329054652e+21,0.20225251977556966,0.05182057281108237,0.6479879510730906,0.10364114562216474,13.504453654640258,6.151524329054652e+21,1448.64034281316,166590.36691131227,volume-growth (steady state OUT OF SUPPORT)
1.2,10.0,0.05,0.020314161161742474,3.2388026309538096e+23,7.794640377120725e-20,25245.301760757397,37.02883720652876,25208.272923550867,0.9985332384790865,20.314161161742476,nan,nan,nan,1.2404070829144056e+22,0.9617016773093977,6.529065159015104e+21,0.5263647111458523,0.019911747891379103,0.24898552869063087,0.039823495782758206,13.504453654640258,6.529065159015104e+21,1537.5485301313304,187666.346157615,volume-growth (steady state OUT OF SUPPORT)
1.2,10.0,0.1,0.038122848105260086,3.2388026309538096e+23,7.794640377120725e-20,25245.301760757397,10.51398090964807,25234.78777984775,0.9995835272238263,38.12284810526009,nan,nan,nan,6.609639793678838e+21,0.97959233535718,6.650526184702853e+21,1.0061858728009834,0.01041640685937936,0.1302514768209861,0.02083281371875872,13.504453654640258,6.650526184702853e+21,1566.1517400803966,194713.65462556953,volume-growth (steady state OUT OF SUPPORT)
1.2,10.0,0.2,0.06271313410453205,3.2388026309538096e+23,7.794640377120725e-20,25245.301760757397,3.8852668354278976,25241.41649392197,0.9998460994100111,62.71313410453205,nan,nan,nan,4.0179509042698503e+21,0.9875943323440904,6.7048523452602e+21,1.6687243087353298,0.006280750734192785,0.07853735647206145,0.01256150146838557,13.504453654640258,6.7048523452602e+21,1578.9451655216014,197907.76270481167,volume-growth (steady state OUT OF SUPPORT)
1.2,20.0,0.005,0.002078509543367318,6.477605261907619e+23,7.794640377120725e-20,50490.60352151479,1768.4949341973897,48722.1085873174,0.9649737810433616,4.1570190867346355,nan,nan,nan,1.2123027998066348e+23,0.8128470706704319,1.103696003436292e+22,0.09104128140365049,0.11512185753170355,1.4395359321412855,0.2302437150634071,13.504453654640258,1.103696003436292e+22,2599.1257959068703,536269.7904718318,volume-growth (steady state OUT OF SUPPORT)
1.2,20.0,0.01,0.004154068068337296,6.477605261907619e+23,7.794640377120725e-20,50490.60352151479,442.75211935335545,50047.85140216144,0.9912309996618541,8.308136136674593,nan,nan,nan,6.065820052528836e+22,0.9063570593256174,1.2306652753744649e+22,0.20288522651795474,0.051658968014249504,0.6459671713807265,0.10331793602849901,13.504453654640258,1.2306652753744649e+22,2898.1294245822983,666751.9370800409,volume-growth (steady state OUT OF SUPPORT)
1.2,20.0,0.02,0.008284653061723664,6.477605261907619e+23,7.794640377120725e-20,50490.60352151479,111.31641564234681,50379.28710587245,0.9977953043164772,16.569306123447326,nan,nan,nan,3.041506892413858e+22,0.9530458129287405,1.2940599686895147e+22,0.4254667224056489,0.02463375130255691,0.30803160150275694,0.04926750260511382,13.504453654640258,1.2940599686895147e+22,3047.419430349961,737213.3618219469,volume-growth (steady state OUT OF SUPPORT)
1.2,20.0,0.05,0.020314161161742474,6.477605261907619e+23,7.794640377120725e-20,50490.60352151479,18.51441860326438,50472.08910291153,0.9996333096197717,40.62832232348495,nan,nan,nan,1.2404070829144056e+22,0.9808508386546989,1.3318140516855596e+22,1.073691105146214,0.009761505312859506,0.12206229078417634,0.01952301062571901,13.504453654640258,1.3318140516855596e+22,3136.3276176681316,780857.1264977914,volume-growth (steady state OUT OF SUPPORT)
1.2,20.0,0.1,0.038122848105260086,6.477605261907619e+23,7.794640377120725e-20,50490.60352151479,5.256990454824035,50485.34653105997,0.9998958818059566,76.24569621052018,nan,nan,nan,6.609639793678838e+21,0.98979616767859,1.3439601542543348e+22,2.0333334284564764,0.005154511936200687,0.06445435561851151,0.010309023872401374,13.504453654640258,1.3439601542543348e+22,3164.9308276171982,795164.858602735,volume-growth (steady state OUT OF SUPPORT)
1.2,20.0,0.2,0.06271313410453205,6.477605261907619e+23,7.794640377120725e-20,50490.60352151479,1.9426334177139488,50488.66088809708,0.9999615248525028,125.4262682090641,nan,nan,nan,4.0179509042698503e+21,0.9937971661720452,1.3493927703100694e+22,3.3584103003251697,0.0031207745599875288,0.0390235808519444,0.0062415491199750575,13.504453654640258,1.3493927703100694e+22,3177.7242530584026,801606.3535534778,volume-growth (steady state OUT OF SUPPORT)
1.2,50.0,0.005,0.002078509543367318,1.619401315476905e+24,7.794640377120725e-20,126226.50880378702,707.3979736789557,125519.11083010805,0.9943958049669378,10.392547716836589,nan,nan,nan,1.2123027998066348e+23,0.9251388282681728,3.140418610788441e+22,0.25904572779089063,0.04045942589609206,0.5059230160110351,0.08091885179218412,13.504453654640258,3.140418610788441e+22,7395.463058517275,4341696.661609455,volume-growth (steady state OUT OF SUPPORT)
1.2,50.0,0.01,0.004154068068337296,1.619401315476905e+24,7.794640377120725e-20,126226.50880378702,177.10084774134214,126049.40795604567,0.9985969599458967,20.77034034168648,nan,nan,nan,6.065820052528836e+22,0.962542823730247,3.2673878827266134e+22,0.5386555905766512,0.019457407684258195,0.24330425262724784,0.03891481536851639,13.504453654640258,3.2673878827266134e+22,7694.466687192703,4699869.303485102,volume-growth (steady state OUT OF SUPPORT)
1.2,50.0,0.02,0.008284653061723664,1.619401315476905e+24,7.794640377120725e-20,126226.50880378702,44.526566256938715,126181.98223753007,0.9996472486906363,41.42326530861832,nan,nan,nan,3.041506892413858e+22,0.9812183251714962,3.3307825760416632e+22,1.0951093302958868,0.009570589106772517,0.11967498793324184,0.019141178213545034,13.504453654640258,3.3307825760416632e+22,7843.756692960366,4884014.6841786485,volume-growth (steady state OUT OF SUPPORT)
1.2,50.0,0.05,0.020314161161742474,1.619401315476905e+24,7.794640377120725e-20,126226.50880378702,7.405767441305751,126219.10303634571,0.9999413295391635,101.57080580871236,nan,nan,nan,1.2404070829144056e+22,0.9923403354618795,3.368536659037708e+22,2.7156702871472995,0.003859393931899056,0.04825961255643159,0.007718787863798112,13.504453654640258,3.368536659037708e+22,7932.664880278536,4995361.805143119,volume-growth (steady state OUT OF SUPPORT)
1.2,50.0,0.1,0.038122848105260086,1.619401315476905e+24,7.794640377120725e-20,126226.50880378702,2.1027961819296137,126224.40600760508,0.999983341088953,190.61424052630042,nan,nan,nan,6.609639793678838e+21,0.995918467071436,3.3806827616064833e+22,5.114776095422955,0.0020491300560807773,0.025623251818592475,0.004098260112161555,13.504453654640258,3.3806827616064833e+22,7961.268090227602,5031450.808159029,volume-growth (steady state OUT OF SUPPORT)
1.2,50.0,0.2,0.06271313410453205,1.619401315476905e+24,7.794640377120725e-20,126226.50880378702,0.7770533670855794,126225.73175041993,0.9999938439764005,313.56567052266024,nan,nan,nan,4.0179509042698503e+21,0.997518866468818,3.386115377662218e+22,8.42746827509469,0.0012436524333444851,0.015551194215236697,0.0024873048666889702,13.504453654640258,3.386115377662218e+22,7974.061515668807,5047634.463724274,volume-growth (steady state OUT OF SUPPORT)
1.5,0.5,0.005,0.002078509543367318,1.619401315476905e+22,1.170908462597327e-18,18961.707046331518,88424.74670986946,-69463.03966353794,0.7855610815765546,0.10392547716836589,0.01735397689966136,0.08676988449830682,5.358145857301193e-24,3.49705677912585e+22,-1.1594750761925776,nan,nan,nan,nan,nan,nan,0.08676988449830682,1.7284799222777046e-20,1.2143038527529906e-41,extinction
1.5,0.5,0.01,0.004154068068337296,1.619401315476905e+22,1.170908462597327e-18,18961.707046331518,22137.605967667765,-3175.8989213362474,0.1434617151454717,0.2077034034168648,0.37956497217301416,1.897824860865071,1.1719299241807593e-22,1.7497705308473203e+22,-0.08050457544059864,nan,nan,nan,nan,nan,nan,1.897824860865071,3.7805192284988743e-19,5.8090029516027936e-39,extinction
1.5,0.5,0.02,0.008284653061723664,1.619401315476905e+22,1.170908462597327e-18,18961.707046331518,5565.820782117339,13395.88626421418,0.7064704792391492,0.4142326530861832,nan,nan,nan,8.773651515587028e+21,0.45821635244236947,1.249584818905158e+20,0.014242471526082157,0.5911875958483732,5.839956222527895,1.1823751916967464,10.878347014617873,1.249584818905158e+20,24.892072671858102,25.18377409545556,volume-growth (steady state OUT OF SUPPORT)
1.5,0.5,0.05,0.020314161161742474,1.619401315476905e+22,1.170908462597327e-18,18961.707046331518,925.7209301632188,18035.9861161683,0.9511794519395702,1.0157080580871236,nan,nan,nan,3.5781275097883366e+21,0.7790462762014864,2.1245082039895307e+20,0.059374860123841855,0.1418103972435701,1.4008523142527955,0.2836207944871402,10.878347014617873,2.1245082039895307e+20,42.320786716983896,72.79577252835197,volume-growth (steady state OUT OF SUPPORT)
1.5,0.5,0.1,0.038122848105260086,1.619401315476905e+22,1.170908462597327e-18,18961.707046331518,262.8495227412017,18698.857523590315,0.9861378766110589,1.9061424052630043,nan,nan,nan,1.9066429320918294e+21,0.8822624809631988,2.4059852875719282e+20,0.12618961039192886,0.06672476818251567,0.6591304145768233,0.13344953636503135,10.878347014617873,2.4059852875719282e+20,47.92788750277497,93.36310117273395,volume-growth (steady state OUT OF SUPPORT)
1.5,0.5,0.2,0.06271313410453205,1.619401315476905e+22,1.170908462597327e-18,18961.707046331518,97.13167088569742,18864.57537544582,0.9948774827789311,3.1356567052266024,nan,nan,nan,1.1590340672489487e+21,0.9284282372644844,2.5318822092332237e+20,0.21844760915810088,0.03854458528016888,0.3807567889320403,0.07708917056033776,10.878347014617873,2.5318822092332237e+20,50.435788747847674,103.38947463770839,volume-growth (steady state OUT OF SUPPORT)
1.5,1.0,0.005,0.002078509543367318,3.23880263095381e+22,1.170908462597327e-18,37923.414092663035,44212.37335493473,-6288.9592622716955,0.14224432630621847,0.20785095433673179,0.3833575430939785,1.9167877154698927,5.918198587190257e-23,3.49705677912585e+22,-0.07973753809628881,nan,nan,nan,nan,nan,nan,1.9167877154698927,3.8182937555055863e-19,5.925668730715015e-39,extinction
1.5,1.0,0.01,0.004154068068337296,3.23880263095381e+22,1.170908462597327e-18,37923.414092663035,11068.802983833883,26854.61110882915,0.7081274656129828,0.4154068068337296,nan,nan,nan,1.7497705308473203e+22,0.4597477122797007,2.5075218670348317e+20,0.014330575483063901,0.5875529918804918,5.804052343272455,1.1751059837609836,10.878347014617873,2.5075218670348317e+20,49.95052404301156,101.40953522009757,volume-growth (steady state OUT OF SUPPORT)
1.5,1.0,0.02,0.008284653061723664,3.23880263095381e+22,1.170908462597327e-18,37923.414092663035,2782.9103910586696,35140.503701604364,0.9266176198097873,0.8284653061723664,nan,nan,nan,8.773651515587028e+21,0.7291081762211847,3.9766477276046465e+20,0.045324888053051154,0.1857692950192871,1.8350935608614416,0.3715385900385742,10.878347014617873,3.9766477276046465e+20,79.21591454083378,255.0489708495932,volume-growth (steady state OUT OF SUPPORT)
1.5,1.0,0.05,0.020314161161742474,3.23880263095381e+22,1.170908462597327e-18,37923.414092663035,462.8604650816094,37460.55362758142,0.9877948629848925,2.031416116174247,nan,nan,nan,3.5781275097883366e+21,0.8895231381007432,4.851571112689019e+20,0.13558966524857055,0.06209892534956447,0.6134347338378483,0.12419785069912893,10.878347014617873,4.851571112689019e+20,96.64462858595957,379.6244163803514,volume-growth (steady state OUT OF SUPPORT)
1.5,1.0,0.1,0.038122848105260086,3.23880263095381e+22,1.170908462597327e-18,37923.414092663035,131.42476137060086,37791.98933129243,0.9965344691527647,3.8122848105260085,nan,nan,nan,1.9066429320918294e+21,0.9411312404815995,5.133048196271417e+20,0.2692191657847446,0.03127553150200177,0.30895055324338644,0.06255106300400354,10.878347014617873,5.133048196271417e+20,102.25172937175064,424.9521377641105,volume-growth (steady state OUT OF SUPPORT)
1.5,1.0,0.2,0.06271313410453205,3.23880263095381e+22,1.170908462597327e-18,37923.414092663035,48.56583544284871,37874.84825722019,0.9987193706947328,6.271313410453205,nan,nan,nan,1.1590340672489487e+21,0.9642141186322422,5.258945117932712e+20,0.45373516331708863,0.018557020000143153,0.18331268311861829,0.03711404000028631,10.878347014617873,5.258945117932712e+20,104.75963061682334,446.053150717808,volume-growth (steady state OUT OF SUPPORT)
1.5,2.0,0.005,0.002078509543367318,6.47760526190762e+22,1.170908462597327e-18,75846.82818532607,22106.186677467365,53740.6415078587,0.7085417122064412,0.41570190867346357,nan,nan,nan,3.49705677912585e+22,0.4601312309518556,5.0192272522521746e+20,0.014352718784013618,0.5866465181371615,5.795097881076199,1.173293036274323,10.878347014617873,5.0192272522521746e+20,99.98438491682292,406.3151847663631,volume-growth (steady state OUT OF SUPPORT)
1.5,2.0,0.01,0.004154068068337296,6.47760526190762e+22,1.170908462597327e-18,75846.82818532607,5534.401491916941,70312.42669340913,0.9270318664032458,0.8308136136674592,nan,nan,nan,1.7497705308473203e+22,0.7298738561398503,7.961647684433808e+20,0.04550109596701464,0.1850498833379169,1.8279869626264968,0.3700997666758338,10.878347014617873,7.961647684433808e+20,158.5982077809629,1022.3397454182177,volume-growth (steady state OUT OF SUPPORT)
1.5,2.0,0.02,0.008284653061723664,6.47760526190762e+22,1.170908462597327e-18,75846.82818532607,1391.4551955293348,74455.37298979674,0.9816544049524469,1.6569306123447327,nan,nan,nan,8.773651515587028e+21,0.8645540881105924,9.430773545003623e+20,0.10748972110698915,0.07833281558208394,0.7737987349518912,0.15666563116416787,10.878347014617873,9.430773545003623e+20,187.8635982787851,1434.4452190520853,volume-growth (steady state OUT OF SUPPORT)
1.5,2.0,0.05,0.020314161161742474,6.47760526190762e+22,1.170908462597327e-18,75846.82818532607,231.4302325408047,75615.39795278526,0.9969487157462231,4.062832232348494,nan,nan,nan,3.5781275097883366e+21,0.9447615690503716,1.0305696930087996e+21,0.28801927549802797,0.0292340590256817,0.2887841797015055,0.0584681180513634,10.878347014617873,1.0305696930087996e+21,205.2923123239109,1712.947558778567,volume-growth (steady state OUT OF SUPPORT)
1.5,2.0,0.1,0.038122848105260086,6.47760526190762e+22,1.170908462597327e-18,75846.82818532607,65.71238068530043,75781.11580464077,0.9991336172881912,7.624569621052017,nan,nan,nan,1.9066429320918294e+21,0.9705656202407997,1.0587174013670394e+21,0.555278276570376,0.01516351864590955,0.14979049914692305,0.0303270372918191,10.878347014617873,1.0587174013670394e+21,210.899413109702,1807.7960656410805,volume-growth (steady state OUT OF SUPPORT)
1.5,2.0,0.2,0.06271313410453205,6.47760526190762e+22,1.170908462597327e-18,75846.82818532607,24.282917721424354,75822.54526760464,0.9996798426736831,12.54262682090641,nan,nan,nan,1.1590340672489487e+21,0.9821070593161211,1.0713070935331689e+21,0.9243102716350641,0.009109465467206021,0.0899864610027392,0.018218930934412042,10.878347014617873,1.0713070935331689e+21,213.40731435477468,1851.0463575722242,volume-growth (steady state OUT OF SUPPORT)
1.5,5.0,0.005,0.002078509543367318,1.6194013154769048e+23,1.170908462597327e-18,189617.07046331518,8842.474670986947,180774.59579232824,0.9533666739530307,1.0392547716836589,nan,nan,nan,3.49705677912585e+22,0.7840524923807421,2.1381604704449106e+21,0.06114171446136431,0.13771240428274287,1.3603709177222825,0.27542480856548573,10.878347014617873,2.1381604704449106e+21,425.92743613067694,7373.436197687421,volume-growth (steady state OUT OF SUPPORT)
1.5,5.0,0.01,0.004154068068337296,1.6194013154769048e+23,1.170908462597327e-18,189617.07046331518,2213.760596766777,187403.3098665484,0.9883250986245193,2.077034034168648,nan,nan,nan,1.7497705308473203e+22,0.8919495424559402,2.432402513663074e+21,0.1390126574188669,0.06056982620706778,0.5983297618885114,0.12113965241413556,10.878347014617873,2.432402513663074e+21,484.541258994817,9542.457213566317,volume-growth (steady state OUT OF SUPPORT)
1.5,5.0,0.02,0.008284653061723664,1.6194013154769048e+23,1.170908462597327e-18,189617.07046331518,556.5820782117339,189060.48838510344,0.9970647047923915,4.142326530861832,nan,nan,nan,8.773651515587028e+21,0.9458216352442369,2.5793150997200555e+21,0.29398422026880316,0.028640899476661246,0.2829247438412472,0.05728179895332249,10.878347014617873,2.5793150997200555e+21,513.8066494926392,10729.9608012133,volume-growth (steady state OUT OF SUPPORT)
1.5,5.0,0.05,0.020314161161742474,1.6194013154769048e+23,1.170908462597327e-18,189617.07046331518,92.5720930163219,189524.49837029885,0.9995117945193956,10.157080580871238,nan,nan,nan,3.5781275097883366e+21,0.9779046276201486,2.6668074382284926e+21,0.7453081062464001,0.011297304336120785,0.1115986925619483,0.02259460867224157,10.878347014617873,2.6668074382284926e+21,531.2353635377649,11470.243823526951,volume-growth (steady state OUT OF SUPPORT)
1.5,5.0,0.1,0.038122848105260086,1.6194013154769048e+23,1.170908462597327e-18,189617.07046331518,26.284952274120176,189590.78551104106,0.9998613787661106,19.061424052630045,nan,nan,nan,1.9066429320918294e+21,0.9882262480963199,2.694955146586732e+21,1.41345560892727,0.005957012337185245,0.058845435037075705,0.01191402467437049,10.878347014617873,2.694955146586732e+21,536.842464323556,11713.654686825723,volume-growth (steady state OUT OF SUPPORT)
1.5,5.0,0.2,0.06271313410453205,1.6194013154769048e+23,1.170908462597327e-18,189617.07046331518,9.713167088569742,189607.3572962266,0.9999487748277893,31.356567052266026,nan,nan,nan,1.1590340672489487e+21,0.9928428237264484,2.707544838752862e+21,2.3360355965889905,0.003604385358141836,0.03560536934213278,0.007208770716283672,10.878347014617873,2.707544838752862e+21,539.3503655686287,11823.352815689208,volume-growth (steady state OUT OF SUPPORT)
1.5,10.0,0.005,0.002078509543367318,3.2388026309538096e+23,1.170908462597327e-18,379234.14092663035,4421.237335493473,374812.90359113686,0.9883416684882576,2.0785095433673177,nan,nan,nan,3.49705677912585e+22,0.8920262461903711,4.865223379144399e+21,0.13912337392361543,0.06052162381474692,0.5978536019302312,0.12104324762949384,10.878347014617873,4.865223379144399e+21,969.1658548204335,38176.394011068296,volume-growth (steady state OUT OF SUPPORT)
1.5,10.0,0.01,0.004154068068337296,3.2388026309538096e+23,1.170908462597327e-18,379234.14092663035,1106.8802983833884,378127.26062824694,0.9970812746561297,4.154068068337296,nan,nan,nan,1.7497705308473203e+22,0.94597477122797,5.159465422362563e+21,0.29486525983862066,0.028555322200559227,0.28207938181134573,0.05711064440111845,10.878347014617873,5.159465422362563e+21,1027.7796776845737,42933.7424523256,volume-growth (steady state OUT OF SUPPORT)
1.5,10.0,0.02,0.008284653061723664,3.2388026309538096e+23,1.170908462597327e-18,379234.14092663035,278.29103910586696,378955.8498875245,0.9992661761980979,8.284653061723663,nan,nan,nan,8.773651515587028e+21,0.9729108176221185,5.306378008419544e+21,0.6048083855384931,0.013921719178788601,0.13752357308813476,0.027843438357577202,10.878347014617873,5.306378008419544e+21,1057.0450681823959,45413.57622999445,volume-growth (steady state OUT OF SUPPORT)
1.5,10.0,0.05,0.020314161161742474,3.2388026309538096e+23,1.170908462597327e-18,379234.14092663035,46.28604650816095,379187.8548801222,0.9998779486298489,20.314161161742476,nan,nan,nan,3.5781275097883366e+21,0.9889523138100743,5.393870346927981e+21,1.507456157493687,0.005585550504130458,0.05517600614747446,0.011171101008260916,10.878347014617873,5.393870346927981e+21,1074.4737822275217,46923.493723286716,volume-growth (steady state OUT OF SUPPORT)
1.5,10.0,0.1,0.038122848105260086,3.2388026309538096e+23,1.170908462597327e-18,379234.14092663035,13.142476137060088,379220.99845049327,0.9999653446915275,38.12284810526009,nan,nan,nan,1.9066429320918294e+21,0.99411312404816,5.42201805528622e+21,2.8437511628554266,0.0029608682399583823,0.029248483938869762,0.005921736479916765,10.878347014617873,5.42201805528622e+21,1080.0808830133126,47414.50851397924,volume-growth (steady state OUT OF SUPPORT)
1.5,10.0,0.2,0.06271313410453205,3.2388026309538096e+23,1.170908462597327e-18,379234.14092663035,4.856583544284871,379229.28434308607,0.9999871937069473,62.71313410453205,nan,nan,nan,1.1590340672489487e+21,0.9964214118632242,5.43460774745235e+21,4.6889111381788675,0.0017957202114335079,0.017738747389703168,0.0035914404228670157,10.878347014617873,5.43460774745235e+21,1082.5887842583852,47634.95303772997,volume-growth (steady state OUT OF SUPPORT)
1.5,20.0,0.005,0.002078509543367318,6.477605261907619e+23,1.170908462597327e-18,758468.2818532607,2210.6186677467367,756257.6631855139,0.9970854171220643,4.1570190867346355,nan,nan,nan,3.49705677912585e+22,0.9460131230951856,1.0319349196543375e+22,0.2950866928481177,0.028533894291116708,0.2818677094860747,0.057067788582233415,10.878347014617873,1.0319349196543375e+22,2055.642692199947,171748.89510725174,volume-growth (steady state OUT OF SUPPORT)
1.5,20.0,0.01,0.004154068068337296,6.477605261907619e+23,1.170908462597327e-18,758468.2818532607,553.4401491916942,757914.841704069,0.9992703186640325,8.308136136674593,nan,nan,nan,1.7497705308473203e+22,0.972987385613985,1.0613591239761538e+22,0.606570464678128,0.01388127676956942,0.1371240689357605,0.02776255353913884,10.878347014617873,1.0613591239761538e+22,2114.2565150640867,181682.8983992658,volume-growth (steady state OUT OF SUPPORT)
1.5,20.0,0.02,0.008284653061723664,6.477605261907619e+23,1.170908462597327e-18,758468.2818532607,139.14551955293348,758329.1363337077,0.9998165440495244,16.569306123447326,nan,nan,nan,8.773651515587028e+21,0.9864554088110592,1.0760503825818521e+22,1.2264567160778732,0.0068652830467347895,0.0678176482892193,0.013730566093469579,10.878347014617873,1.0760503825818521e+22,2143.521905561909,186747.39255697842,volume-growth (steady state OUT OF SUPPORT)
1.5,20.0,0.05,0.020314161161742474,6.477605261907619e+23,1.170908462597327e-18,758468.2818532607,23.143023254080475,758445.1388300066,0.9999694871574621,40.62832232348495,nan,nan,nan,3.5781275097883366e+21,0.9944761569050372,1.0847996164326958e+22,3.031752259988261,0.0027772627109300626,0.027434764809325524,0.005554525421860125,10.878347014617873,1.0847996164326958e+22,2160.950619607035,189796.57899222794,volume-growth (steady state OUT OF SUPPORT)
1.5,20.0,0.1,0.038122848105260086,6.477605261907619e+23,1.170908462597327e-18,758468.2818532607,6.571238068530044,758461.7106151922,0.9999913361728819,76.24569621052018,nan,nan,nan,1.9066429320918294e+21,0.99705656202408,1.08761438726852e+22,5.7043422707117415,0.0014760636898796709,0.014581069344308688,0.0029521273797593417,10.878347014617873,1.08761438726852e+22,2166.5577203928265,190782.80163770806,volume-growth (steady state OUT OF SUPPORT)
1.5,20.0,0.2,0.06271313410453205,6.477605261907619e+23,1.170908462597327e-18,758468.2818532607,2.4282917721424355,758465.8535614886,0.9999967984267368,125.4262682090641,nan,nan,nan,1.1590340672489487e+21,0.9982107059316121,1.0888733564851328e+22,9.394662221358622,0.0008962506902377826,0.008853475330259607,0.0017925013804755653,10.878347014617873,1.0888733564851328e+22,2169.065621637899,191224.73895123322,volume-growth (steady state OUT OF SUPPORT)
1.5,50.0,0.005,0.002078509543367318,1.619401315476905e+24,1.170908462597327e-18,1896170.7046331519,884.2474670986946,1895286.4571660531,0.9995336667395303,10.392547716836589,nan,nan,nan,3.49705677912585e+22,0.9784052492380743,2.668172664874031e+22,0.7629766496216248,0.011035688319713376,0.10901435876729396,0.02207137663942675,10.878347014617873,2.668172664874031e+22,5315.073204338488,1148199.0821511762,volume-growth (steady state OUT OF SUPPORT)
1.5,50.0,0.01,0.004154068068337296,1.619401315476905e+24,1.170908462597327e-18,1896170.7046331519,221.37605967667764,1895949.3285734751,0.9998832509862452,20.77034034168648,nan,nan,nan,1.7497705308473203e+22,0.989194954245594,2.6975968691958474e+22,1.5416860791966507,0.005461535012906745,0.053950938089978334,0.01092307002581349,10.878347014617873,2.6975968691958474e+22,5373.687027202628,1173663.0499954608,volume-growth (steady state OUT OF SUPPORT)
1.5,50.0,0.02,0.008284653061723664,1.619401315476905e+24,1.170908462597327e-18,1896170.7046331519,55.658207821173384,1896115.0464253307,0.9999706470479239,41.42326530861832,nan,nan,nan,8.773651515587028e+21,0.9945821635244237,2.7122881278015454e+22,3.091401707696013,0.0027236746617179857,0.02690540346337221,0.005447349323435971,10.878347014617873,2.7122881278015454e+22,5402.95241770045,1186481.5252933044,volume-growth (steady state OUT OF SUPPORT)
1.5,50.0,0.05,0.020314161161742474,1.619401315476905e+24,1.170908462597327e-18,1896170.7046331519,9.257209301632187,1896161.4474238502,0.9999951179451939,101.57080580871236,nan,nan,nan,3.5781275097883366e+21,0.9977904627620149,2.721037361652389e+22,7.604640567471983,0.0011072150518801444,0.010937454502280198,0.002214430103760289,10.878347014617873,2.721037361652389e+22,5420.381131745575,1194148.5185544253,volume-growth (steady state OUT OF SUPPORT)
1.5,50.0,0.1,0.038122848105260086,1.619401315476905e+24,1.170908462597327e-18,1896170.7046331519,2.6284952274120172,1896168.0761379246,0.9999986137876612,190.61424052630042,nan,nan,nan,1.9066429320918294e+21,0.998822624809632,2.723852132488213e+22,14.286115594280684,0.0005893815183613699,0.005822115162375988,0.0011787630367227399,10.878347014617873,2.723852132488213e+22,5425.9882325313665,1196620.3647642678,volume-growth (steady state OUT OF SUPPORT)
1.5,50.0,0.2,0.06271313410453205,1.619401315476905e+24,1.170908462597327e-18,1896170.7046331519,0.9713167088569742,1896169.733316443,0.9999994877482778,313.56567052266024,nan,nan,nan,1.1590340672489487e+21,0.9992842823726449,2.725111101704826e+22,23.51191547089789,0.0003581151229837003,0.0035375854560155484,0.0007162302459674006,10.878347014617873,2.725111101704826e+22,5428.49613377644,1197726.7804471168,volume-growth (steady state OUT OF SUPPORT)
2.0,0.5,0.005,0.002078509543367318,1.619401315476905e+22,1.8024008404604193e-17,291881.0292058282,117899.66227982596,173981.36692600226,0.5960694581603464,0.10392547716836589,nan,nan,nan,1.0292190920398437e+22,0.36444469804772006,7.485490951367334e+19,0.0072729810487012925,0.871950264823253,6.325369291975669,1.743900529646506,8.2542776201322,7.485490951367334e+19,12.017428783183604,2.4763133497752015,volume-growth (steady state OUT OF SUPPORT)
2.0,0.5,0.01,0.004154068068337296,1.619401315476905e+22,1.8024008404604193e-17,291881.0292058282,29516.807956890356,262364.2212489378,0.898873838984322,0.2077034034168648,nan,nan,nan,5.149751207319316e+21,0.6819966021947598,1.4007830054708838e+20,0.027200984068511076,0.23314148251022157,1.691273038898343,0.46628296502044314,8.2542776201322,1.4007830054708838e+20,22.488585075191754,8.671749977437196,volume-growth (steady state OUT OF SUPPORT)
2.0,0.5,0.02,0.008284653061723664,1.619401315476905e+22,1.8024008404604193e-17,291881.0292058282,7421.094376156453,284459.93482967175,0.974574934190316,0.4142326530861832,nan,nan,nan,2.582174158751774e+21,0.8405476064473039,1.7264379303525787e+20,0.06685985623785891,0.0948503049260022,0.6880704442874127,0.1897006098520044,8.2542776201322,1.7264379303525787e+20,27.716745650209095,13.172462095994252,volume-growth (steady state OUT OF SUPPORT)
2.0,0.5,0.05,0.020314161161742474,1.619401315476905e+22,1.8024008404604193e-17,291881.0292058282,1234.2945735509584,290646.7346322772,0.9957712408479943,1.0157080580871236,nan,nan,nan,1.053079025999597e+21,0.9349710898753055,1.920378502017677e+20,0.18235844173183752,0.034775893516326366,0.2522739860555868,0.06955178703265273,8.2542776201322,1.920378502017677e+20,30.8303250043188,16.2981642639219,volume-growth (steady state OUT OF SUPPORT)
2.0,0.5,0.1,0.038122848105260086,1.619401315476905e+22,1.8024008404604193e-17,291881.0292058282,350.4660303216023,291530.5631755066,0.9987992846562341,1.9061424052630043,nan,nan,nan,5.61144251110004e+20,0.9653486602890186,1.9827723383595077e+20,0.3533444982172355,0.017947577459012102,0.13019670949650064,0.035895154918024204,8.2542776201322,1.9827723383595077e+20,31.832014124804076,17.374436269576925,volume-growth (steady state OUT OF SUPPORT)
2.0,0.5,0.2,0.06271313410453205,1.619401315476905e+22,1.8024008404604193e-17,291881.0292058282,129.50889451426323,291751.520311314,0.9995562956082942,3.1356567052266024,nan,nan,nan,3.411154195315628e+20,0.9789357081366143,2.0106793772775647e+20,0.5894425353268208,0.010758771841861369,0.07804711779252342,0.021517543683722738,8.2542776201322,2.0106793772775647e+20,32.28004198954423,17.86696006252981,volume-growth (steady state OUT OF SUPPORT)
2.0,1.0,0.005,0.002078509543367318,3.23880263095381e+22,1.8024008404604193e-17,583762.0584116564,58949.83113991298,524812.2272717435,0.8990173645400866,0.20785095433673179,nan,nan,nan,1.0292190920398437e+22,0.68222234902386,2.802493353748829e+20,0.02722931760034177,0.23289888658061686,1.6895131806754764,0.4657977731612337,8.2542776201322,2.802493353748829e+20,44.99205798635026,34.70996710986118,volume-growth (steady state OUT OF SUPPORT)
2.0,1.0,0.01,0.004154068068337296,3.23880263095381e+22,1.8024008404604193e-17,583762.0584116564,14758.403978445178,569003.6544332112,0.9747184597460805,0.4154068068337296,nan,nan,nan,5.149751207319316e+21,0.8409983010973798,3.454727264082979e+20,0.06708532363996134,0.09453152205845493,0.685757904865683,0.18906304411690986,8.2542776201322,3.454727264082979e+20,55.46321427835841,52.746367251150545,volume-growth (steady state OUT OF SUPPORT)
2.0,1.0,0.02,0.008284653061723664,3.23880263095381e+22,1.8024008404604193e-17,583762.0584116564,3710.5471880782266,580051.5112235782,0.9936437335475791,0.8284653061723664,nan,nan,nan,2.582174158751774e+21,0.9202738032236519,3.780382188964674e+20,0.14640306797865701,0.04331656323209083,0.3142303752355978,0.08663312646418166,8.2542776201322,3.780382188964674e+20,60.691374853375756,63.15917320975601,volume-growth (steady state OUT OF SUPPORT)
2.0,1.0,0.05,0.020314161161742474,3.23880263095381e+22,1.8024008404604193e-17,583762.0584116564,617.1472867754792,583144.9111248809,0.9989428102119985,2.031416116174247,nan,nan,nan,1.053079025999597e+21,0.9674855449376527,3.974322760629772e+20,0.3774002389666142,0.016803587005758628,0.12189788515381905,0.033607174011517256,8.2542776201322,3.974322760629772e+20,63.80495420748545,69.80576442762886,volume-growth (steady state OUT OF SUPPORT)
2.0,1.0,0.1,0.038122848105260086,3.23880263095381e+22,1.8024008404604193e-17,583762.0584116564,175.23301516080116,583586.8253964956,0.9996998211640585,3.8122848105260085,nan,nan,nan,5.61144251110004e+20,0.9826743301445093,4.036716596971603e+20,0.7193723519374102,0.00881557059343496,0.06395059646465076,0.01763114118686992,8.2542776201322,4.036716596971603e+20,64.80664332797073,72.0147637077986,volume-growth (steady state OUT OF SUPPORT)
2.0,1.0,0.2,0.06271313410453205,3.23880263095381e+22,1.8024008404604193e-17,583762.0584116564,64.75444725713162,583697.3039643993,0.9998890739020735,6.271313410453205,nan,nan,nan,3.411154195315628e+20,0.9894678540683072,4.06462363588966e+20,1.1915684261565807,0.00532212637752138,0.038608182271968605,0.01064425275504276,8.2542776201322,4.06462363588966e+20,65.25467119271089,73.01392511091927,volume-growth (steady state OUT OF SUPPORT)
2.0,2.0,0.005,0.002078509543367318,6.47760526190762e+22,1.8024008404604193e-17,1167524.1168233128,29474.91556995649,1138049.2012533564,0.9747543411350217,0.41570190867346357,nan,nan,nan,1.0292190920398437e+22,0.84111117451193,6.91038187097302e+20,0.06714199070362271,0.09445173854708812,0.6851791331247191,0.18890347709417624,8.2542776201322,6.91038187097302e+20,110.94131639268358,211.04210704632237,volume-growth (steady state OUT OF SUPPORT)
2.0,2.0,0.01,0.004154068068337296,6.47760526190762e+22,1.8024008404604193e-17,1167524.1168233128,7379.201989222589,1160144.9148340903,0.9936796149365201,0.8308136136674592,nan,nan,nan,5.149751207319316e+21,0.9204991505486899,7.56261578130717e+20,0.14685400278286187,0.04318355394674798,0.3132654889536654,0.08636710789349596,8.2542776201322,7.56261578130717e+20,121.41247268469172,252.76043421486648,volume-growth (steady state OUT OF SUPPORT)
2.0,2.0,0.02,0.008284653061723664,6.47760526190762e+22,1.8024008404604193e-17,1167524.1168233128,1855.2735940391133,1165668.8432292738,0.9984109333868948,1.6569306123447327,nan,nan,nan,2.582174158751774e+21,0.960136901611826,7.888270706188865e+20,0.30548949146025317,0.020759070045768484,0.15059205724777502,0.04151814009153697,8.2542776201322,7.888270706188865e+20,126.64063325970906,274.9974278535687,volume-growth (steady state OUT OF SUPPORT)
2.0,2.0,0.05,0.020314161161742474,6.47760526190762e+22,1.8024008404604193e-17,1167524.1168233128,308.5736433877396,1167215.543179925,0.9997357025529996,4.062832232348494,nan,nan,nan,1.053079025999597e+21,0.9837427724688264,8.082211277853963e+20,0.7674838334361676,0.008262946364715893,0.05994170688991122,0.016525892729431786,8.2542776201322,8.082211277853963e+20,129.75421261381877,288.685797171332,volume-growth (steady state OUT OF SUPPORT)
2.0,2.0,0.1,0.038122848105260086,6.47760526190762e+22,1.8024008404604193e-17,1167524.1168233128,87.61650758040058,1167436.5003157323,0.9999249552910145,7.624569621052017,nan,nan,nan,5.61144251110004e+20,0.9913371650722547,8.144605114195794e+20,1.4514280593777595,0.004369267708789034,0.03169588095623458,0.008738535417578068,8.2542776201322,8.144605114195794e+20,130.75590173430405,293.1602510005311,volume-growth (steady state OUT OF SUPPORT)
2.0,2.0,0.2,0.06271313410453205,6.47760526190762e+22,1.8024008404604193e-17,1167524.1168233128,32.37722362856581,1167491.7395996843,0.9999722684755183,12.54262682090641,nan,nan,nan,3.411154195315628e+20,0.9947339270341535,8.17251215311385e+20,2.3958202078161004,0.0026469756498340795,0.01920189621762625,0.005293951299668159,8.2542776201322,8.17251215311385e+20,131.2039295990442,295.1726876239873,volume-growth (steady state OUT OF SUPPORT)
2.0,5.0,0.005,0.002078509543367318,1.6194013154769048e+23,1.8024008404604193e-17,2918810.2920582816,11789.966227982599,2907020.325830299,0.9959606945816034,1.0392547716836589,nan,nan,nan,1.0292190920398437e+22,0.936444469804772,1.923404742264559e+21,0.18688001001346555,0.03393448957442073,0.24617020827032976,0.06786897914884146,8.2542776201322,1.923404742264559e+21,308.7890916116835,1634.9571861860193,volume-growth (steady state OUT OF SUPPORT)
2.0,5.0,0.01,0.004154068068337296,1.6194013154769048e+23,1.8024008404604193e-17,2918810.2920582816,2951.680795689036,2915858.6112625925,0.9989887383898431,2.077034034168648,nan,nan,nan,5.149751207319316e+21,0.968199660219476,1.9886281332979741e+21,0.3861600402115634,0.01642240804614378,0.11913270715781979,0.03284481609228756,8.2542776201322,1.9886281332979741e+21,319.2602479036916,1747.721294436328,volume-growth (steady state OUT OF SUPPORT)
2.0,5.0,0.02,0.008284653061723664,1.6194013154769048e+23,1.8024008404604193e-17,2918810.2920582816,742.1094376156453,2918068.182620666,0.9997457493419032,4.142326530861832,nan,nan,nan,2.582174158751774e+21,0.9840547606447304,2.0211936257861435e+21,0.7827487619050417,0.008101804895909772,0.05877274193907575,0.016203609791819545,8.2542776201322,2.0211936257861435e+21,324.48840847870895,1805.4308511153201,volume-growth (steady state OUT OF SUPPORT)
2.0,5.0,0.05,0.020314161161742474,1.6194013154769048e+23,1.8024008404604193e-17,2918810.2920582816,123.42945735509586,2918686.8626009263,0.9999577124084799,10.157080580871238,nan,nan,nan,1.053079025999597e+21,0.9934971089875305,2.0405876829526533e+21,1.9377346168448275,0.003272727697766808,0.023741275294696534,0.006545455395533616,8.2542776201322,2.0405876829526533e+21,327.6019878328187,1840.244554732755,volume-growth (steady state OUT OF SUPPORT)
2.0,5.0,0.1,0.038122848105260086,1.6194013154769048e+23,1.8024008404604193e-17,2918810.2920582816,35.046603032160235,2918775.245455249,0.9999879928465623,19.061424052630045,nan,nan,nan,5.61144251110004e+20,0.9965348660289018,2.0468270665868362e+21,3.647595181698807,0.0017385914378020661,0.012612224957800991,0.0034771828756041323,8.2542776201322,2.0468270665868362e+21,328.60367695330393,1851.5153722090415,volume-growth (steady state OUT OF SUPPORT)
2.0,5.0,0.2,0.06271313410453205,1.6194013154769048e+23,1.8024008404604193e-17,2918810.2920582816,12.950889451426324,2918797.34116883,0.9999955629560829,31.356567052266026,nan,nan,nan,3.411154195315628e+20,0.9978935708136615,2.0496177704786421e+21,6.00857555279466,0.001055437798151652,0.007656438798573135,0.002110875596303304,8.2542776201322,2.0496177704786421e+21,329.0517048180441,1856.567634493505,volume-growth (steady state OUT OF SUPPORT)
2.0,10.0,0.005,0.002078509543367318,3.2388026309538096e+23,1.8024008404604193e-17,5837620.584116563,5894.983113991299,5831725.601002572,0.9989901736454009,2.0785095433673177,nan,nan,nan,1.0292190920398437e+22,0.968222234902386,3.9773490008766546e+21,0.3864433755298703,0.01641036734754276,0.11904536058742766,0.03282073469508552,8.2542776201322,3.9773490008766546e+21,638.5353836433501,6991.2111825198945,volume-growth (steady state OUT OF SUPPORT)
2.0,10.0,0.01,0.004154068068337296,3.2388026309538096e+23,1.8024008404604193e-17,5837620.584116563,1475.840397844518,5836144.743718719,0.9997471845974609,4.154068068337296,nan,nan,nan,5.149751207319316e+21,0.984099830109738,4.042572391910069e+21,0.7850034359260659,0.008078535024484737,0.05860393583157376,0.016157070048969473,8.2542776201322,4.042572391910069e+21,649.0065399353581,7222.384925906475,volume-growth (steady state OUT OF SUPPORT)
2.0,10.0,0.02,0.008284653061723664,3.2388026309538096e+23,1.8024008404604193e-17,5837620.584116563,371.05471880782267,5837249.529397755,0.9999364373354757,8.284653061723663,nan,nan,nan,2.582174158751774e+21,0.9920273803223651,4.0751378843982386e+21,1.5781808793130225,0.004018346587895639,0.029150201722505924,0.008036693175791278,8.2542776201322,4.0751378843982386e+21,654.2347005103754,7339.21542098595,volume-growth (steady state OUT OF SUPPORT)
2.0,10.0,0.05,0.020314161161742474,3.2388026309538096e+23,1.8024008404604193e-17,5837620.584116563,61.71472867754793,5837558.869387886,0.99998942810212,20.314161161742476,nan,nan,nan,1.053079025999597e+21,0.9967485544937653,4.0945319415647484e+21,3.888152589192594,0.0016310259450970804,0.01183191501137272,0.0032620518901941608,8.2542776201322,4.0945319415647484e+21,657.3482798644851,7409.238015102838,volume-growth (steady state OUT OF SUPPORT)
2.0,10.0,0.1,0.038122848105260086,3.2388026309538096e+23,1.8024008404604193e-17,5837620.584116563,17.523301516080117,5837603.0608150475,0.9999969982116407,38.12284810526009,nan,nan,nan,5.61144251110004e+20,0.998267433014451,4.100771325198932e+21,7.307873718900555,0.000867786991867109,0.006295167754143413,0.001735573983734218,8.2542776201322,4.100771325198932e+21,658.3499689849705,7431.836105324274,volume-growth (steady state OUT OF SUPPORT)
2.0,10.0,0.2,0.06271313410453205,3.2388026309538096e+23,1.8024008404604193e-17,5837620.584116563,6.475444725713162,5837614.1086718375,0.9999988907390207,62.71313410453205,nan,nan,nan,3.411154195315628e+20,0.9989467854068307,4.103562029090738e+21,12.02983446109226,0.0005271625118350945,0.0038241832117780015,0.001054325023670189,8.2542776201322,4.103562029090738e+21,658.7979968497107,7441.954743710415,volume-growth (steady state OUT OF SUPPORT)
2.0,20.0,0.005,0.002078509543367318,6.477605261907619e+23,1.8024008404604193e-17,11675241.168233126,2947.4915569956497,11672293.67667613,0.9997475434113502,4.1570190867346355,nan,nan,nan,1.0292190920398437e+22,0.984111117451193,8.085237518100845e+21,0.7855701065626798,0.00807270757694446,0.05856166190929983,0.01614541515388892,8.2542776201322,8.085237518100845e+21,1298.027967706683,28890.202416816563,volume-growth (steady state OUT OF SUPPORT)
2.0,20.0,0.01,0.004154068068337296,6.477605261907619e+23,1.8024008404604193e-17,11675241.168233126,737.920198922259,11674503.248034203,0.9999367961493651,8.308136136674593,nan,nan,nan,5.149751207319316e+21,0.992049915054869,8.15046090913426e+21,1.5826902273550711,0.004006897649243458,0.02906714794306714,0.008013795298486916,8.2542776201322,8.15046090913426e+21,1308.4991239986912,29358.195430475687,volume-growth (steady state OUT OF SUPPORT)
2.0,20.0,0.02,0.008284653061723664,6.477605261907619e+23,1.8024008404604193e-17,11675241.168233126,185.52735940391133,11675055.640873723,0.9999841093338689,16.569306123447326,nan,nan,nan,2.582174158751774e+21,0.9960136901611826,8.183026401622429e+21,3.1690451141289846,0.0020011320517955584,0.01451676745826975,0.004002264103591117,8.2542776201322,8.183026401622429e+21,1313.7272845737086,29593.26780235613,volume-growth (steady state OUT OF SUPPORT)
2.0,20.0,0.05,0.020314161161742474,6.477605261907619e+23,1.8024008404604193e-17,11675241.168233126,30.857364338773966,11675210.310868789,0.99999735702553,40.62832232348495,nan,nan,nan,1.053079025999597e+21,0.9983742772468827,8.20242045878894e+21,7.788988533888129,0.0008141850156638832,0.005906324137777493,0.0016283700313277664,8.2542776201322,8.20242045878894e+21,1316.8408639278184,29733.708177471934,volume-growth (steady state OUT OF SUPPORT)
2.0,20.0,0.1,0.038122848105260086,6.477605261907619e+23,1.8024008404604193e-17,11675241.168233126,8.761650758040059,11675232.406582369,0.9999992495529102,76.24569621052018,nan,nan,nan,5.61144251110004e+20,0.9991337165072255,8.208659842423121e+21,14.628430793304046,0.000433517295263975,0.003144854812973697,0.00086703459052795,8.2542776201322,8.208659842423121e+21,1317.8425530483034,29778.960813183647,volume-growth (steady state OUT OF SUPPORT)
2.0,20.0,0.2,0.06271313410453205,6.477605261907619e+23,1.8024008404604193e-17,11675241.168233126,3.237722362856581,11675237.930510763,0.9999997226847551,125.4262682090641,nan,nan,nan,3.411154195315628e+20,0.9994733927034154,8.211450546314928e+21,24.072352277687457,0.0002634423789712971,0.0019110841539658665,0.0005268847579425942,8.2542776201322,8.211450546314928e+21,1318.2905809130436,29799.21220377315,volume-growth (steady state OUT OF SUPPORT)
2.0,50.0,0.005,0.002078509543367318,1.619401315476905e+24,1.8024008404604193e-17,29188102.920582823,1178.9966227982595,29186923.923960026,0.9999596069458161,10.392547716836589,nan,nan,nan,1.0292190920398437e+22,0.9936444469804772,2.0408903069773416e+22,1.9829502996611081,0.00319810221796958,0.023199921346711873,0.00639620443593916,8.2542776201322,2.0408903069773416e+22,3276.505719896682,184079.04205273793,volume-growth (steady state OUT OF SUPPORT)
2.0,50.0,0.01,0.004154068068337296,1.619401315476905e+24,1.8024008404604193e-17,29188102.920582823,295.1680795689036,29187807.752503254,0.9999898873838984,20.77034034168648,nan,nan,nan,5.149751207319316e+21,0.9968199660219476,2.0474126460806834e+22,3.975750601642087,0.0015950894276040347,0.01157122153677743,0.0031901788552080694,8.2542776201322,2.0474126460806834e+22,3286.9768761886908,185257.49287721474,volume-growth (steady state OUT OF SUPPORT)
2.0,50.0,0.02,0.008284653061723664,1.619401315476905e+24,1.8024008404604193e-17,29188102.920582823,74.21094376156452,29188028.70963906,0.9999974574934191,41.42326530861832,nan,nan,nan,2.582174158751774e+21,0.998405476064473,2.0506691953295003e+22,7.941637818576871,0.0007985352513350898,0.005792796402646783,0.0015970705026701797,8.2542776201322,2.0506691953295003e+22,3292.205036763708,185847.2908794981,volume-growth (steady state OUT OF SUPPORT)
2.0,50.0,0.05,0.020314161161742474,1.619401315476905e+24,1.8024008404604193e-17,29188102.920582823,12.342945735509584,29188090.577637088,0.9999995771240848,101.57080580871236,nan,nan,nan,1.053079025999597e+21,0.999349710898753,2.0526086010461514e+22,19.491496367974733,0.0003253561261663606,0.002360223664621538,0.0006507122523327212,8.2542776201322,2.0526086010461514e+22,3295.318616117818,186198.98459761063,volume-growth (steady state OUT OF SUPPORT)
2.0,50.0,0.1,0.038122848105260086,1.619401315476905e+24,1.8024008404604193e-17,29188102.920582823,3.504660303216023,29188099.41592252,0.9999998799284656,190.61424052630042,nan,nan,nan,5.61144251110004e+20,0.9996534866028902,2.0532325394095695e+22,36.590102016514535,0.00017331675513248813,0.0012572878579515414,0.00034663351026497627,8.2542776201322,2.0532325394095695e+22,3296.320305238303,186312.2008697932,volume-growth (steady state OUT OF SUPPORT)
2.0,50.0,0.2,0.06271313410453205,1.619401315476905e+24,1.8024008404604193e-17,29188102.920582823,1.2950889451426322,29188101.625493877,0.9999999556295608,313.56567052266024,nan,nan,nan,3.411154195315628e+20,0.9997893570813662,2.05351160979875e+22,60.19990572747305,0.00010534364921063866,0.0007641920768917931,0.0002106872984212773,8.2542776201322,2.05351160979875e+22,3296.7683331030426,186362.8505169927,volume-growth (steady state OUT OF SUPPORT)
3.0,0.5,0.005,0.002078509543367318,1.619401315476905e+22,2.903898344980981e-16,4702576.799873408,176849.49341973892,4525727.306453669,0.9623930664089315,0.10392547716836589,nan,nan,nan,3.1404251687137145e+21,0.8060749278946413,1.1084415662532464e+20,0.03529590761454929,0.12028973076477192,0.5573308424231707,0.24057946152954385,5.633237092474985,1.1084415662532464e+20,13.129120262000303,0.8757496258398969,volume-growth (steady state OUT OF SUPPORT)
3.0,0.5,0.01,0.004154068068337296,1.619401315476905e+22,2.903898344980981e-16,4702576.799873408,44275.21193533553,4658301.587938072,0.990584904017617,0.2077034034168648,nan,nan,nan,1.5713280514478975e+21,0.9029685824983321,1.2416809842679375e+20,0.07902111739962847,0.053729121578738374,0.24893975904470877,0.10745824315747675,5.633237092474985,1.2416809842679375e+20,14.707296681950746,1.0989410948072926,volume-growth (steady state OUT OF SUPPORT)
3.0,0.5,0.02,0.008284653061723664,1.619401315476905e+22,2.903898344980981e-16,4702576.799873408,11131.641564234678,4691445.158309173,0.9976328634197883,0.4142326530861832,nan,nan,nan,7.878910118228072e+20,0.9513467721501278,1.308206308967209e+20,0.16603899388833468,0.025570711581809256,0.11847516938181835,0.05114142316361851,5.633237092474985,1.308206308967209e+20,15.495266941310186,1.21985112829579,volume-growth (steady state OUT OF SUPPORT)
3.0,0.5,0.05,0.020314161161742474,1.619401315476905e+22,2.903898344980981e-16,4702576.799873408,1851.4418603264376,4700725.358013081,0.9996062920523964,1.0157080580871236,nan,nan,nan,3.213228265460152e+20,0.9801579248160986,1.3478248085402467e+20,0.41946126984764054,0.010121876629025984,0.04689705424305886,0.02024375325805197,5.633237092474985,1.3478248085402467e+20,15.964534840792384,1.2948553202401765,volume-growth (steady state OUT OF SUPPORT)
3.0,0.5,0.1,0.038122848105260086,1.619401315476905e+22,2.903898344980981e-16,4702576.799873408,525.6990454824034,4702051.100827926,0.9998882104284833,1.9061424052630043,nan,nan,nan,1.712202526259244e+20,0.9894269412412141,1.3605707242465159e+20,0.7946318869293109,0.005343021459230848,0.024755485210798185,0.010686042918461695,5.633237092474985,1.3605707242465159e+20,16.11550595668312,1.3194611199506636,volume-growth (steady state OUT OF SUPPORT)
3.0,0.5,0.2,0.06271313410453205,1.619401315476905e+22,2.903898344980981e-16,4702576.799873408,194.26334177139483,4702382.5365316365,0.9999586900225049,3.1356567052266024,nan,nan,nan,1.0408351897263358e+20,0.9935727161650488,1.3662716201445078e+20,1.3126685508238227,0.003234430520475107,0.014985883460498438,0.006468861040950214,5.633237092474985,1.3662716201445078e+20,16.18303116516017,1.3305415723850296,volume-growth (steady state OUT OF SUPPORT)
3.0,1.0,0.005,0.002078509543367318,3.23880263095381e+22,2.903898344980981e-16,9405153.599746816,88424.74670986946,9316728.853036946,0.9905982666022328,0.20785095433673179,nan,nan,nan,3.1404251687137145e+21,0.9030374639473207,2.4835514076526628e+20,0.07908328567720337,0.053686884500251324,0.2487440646459848,0.10737376900050265,5.633237092474985,2.4835514076526628e+20,29.41683720698926,4.396435051884915,volume-growth (steady state OUT OF SUPPORT)
3.0,1.0,0.01,0.004154068068337296,3.23880263095381e+22,2.903898344980981e-16,9405153.599746816,22137.605967667765,9383015.993779149,0.9976462260044043,0.4154068068337296,nan,nan,nan,1.5713280514478975e+21,0.9514842912491661,2.616790825667354e+20,0.16653370524736172,0.025494750253385438,0.11812322253737144,0.050989500506770875,5.633237092474985,2.616790825667354e+20,30.995013626939702,4.88081527071167,volume-growth (steady state OUT OF SUPPORT)
3.0,1.0,0.02,0.008284653061723664,3.23880263095381e+22,2.903898344980981e-16,9405153.599746816,5565.820782117339,9399587.778964698,0.9994082158549471,0.8284653061723664,nan,nan,nan,7.878910118228072e+20,0.9756733860750639,2.6833161503666255e+20,0.34056945822477414,0.012466576557344206,0.05776060492166628,0.02493315311468841,5.633237092474985,2.6833161503666255e+20,31.782983886299142,5.132134657911655,volume-growth (steady state OUT OF SUPPORT)
3.0,1.0,0.05,0.020314161161742474,3.23880263095381e+22,2.903898344980981e-16,9405153.599746816,925.7209301632188,9404227.878816653,0.9999015730130991,2.031416116174247,nan,nan,nan,3.213228265460152e+20,0.9900789624080493,2.7229346499396633e+20,0.8474140101433859,0.0050102254308186656,0.023213562307730504,0.010020450861637331,5.633237092474985,2.7229346499396633e+20,32.25225178578134,5.284802851462866,volume-growth (steady state OUT OF SUPPORT)
3.0,1.0,0.1,0.038122848105260086,3.23880263095381e+22,2.903898344980981e-16,9405153.599746816,262.8495227412017,9404890.750224074,0.9999720526071207,3.8122848105260085,nan,nan,nan,1.712202526259244e+20,0.9947134706206071,2.7356805656459323e+20,1.5977552443067264,0.0026573126510967,0.01231195954136427,0.0053146253021934,5.633237092474985,2.7356805656459323e+20,32.40322290167207,5.33439442369276,volume-growth (steady state OUT OF SUPPORT)
3.0,1.0,0.2,0.06271313410453205,3.23880263095381e+22,2.903898344980981e-16,9405153.599746816,97.13167088569742,9405056.468075931,0.9999896725056263,6.271313410453205,nan,nan,nan,1.0408351897263358e+20,0.9967863580825245,2.7413814615439245e+20,2.6338285720957506,0.001612001353859555,0.007468784465821984,0.00322400270771911,5.633237092474985,2.7413814615439245e+20,32.47074811014913,5.3566503217637225,volume-growth (steady state OUT OF SUPPORT)
3.0,2.0,0.005,0.002078509543367318,6.47760526190762e+22,2.903898344980981e-16,18810307.19949363,44212.37335493473,18766094.826138698,0.9976495666505583,0.41570190867346357,nan,nan,nan,3.1404251687137145e+21,0.9515187319736603,5.2337710904514956e+20,0.16665804180251154,0.02547572969256149,0.11803509576944225,0.05095145938512298,5.633237092474985,5.2337710904514956e+20,61.99227109696717,19.524674469135153,volume-growth (steady state OUT OF SUPPORT)
3.0,2.0,0.01,0.004154068068337296,6.47760526190762e+22,2.903898344980981e-16,18810307.19949363,11068.802983833883,18799238.396509796,0.999411556501101,0.8308136136674592,nan,nan,nan,1.5713280514478975e+21,0.9757421456245831,5.367010508466187e+20,0.3415588809428282,0.012430463562629668,0.05759328485503453,0.024860927125259336,5.633237092474985,5.367010508466187e+20,63.57044751691762,20.53143218768063,volume-growth (steady state OUT OF SUPPORT)
3.0,2.0,0.02,0.008284653061723664,6.47760526190762e+22,2.903898344980981e-16,18810307.19949363,2782.9103910586696,18807524.289102573,0.9998520539637368,1.6569306123447327,nan,nan,nan,7.878910118228072e+20,0.987836693037532,5.433535833165459e+20,0.6896303868976531,0.0061565373346613985,0.028524697140160274,0.012313074669322797,5.633237092474985,5.433535833165459e+20,64.35841777627707,21.04357028230359,volume-growth (steady state OUT OF SUPPORT)
3.0,2.0,0.05,0.020314161161742474,6.47760526190762e+22,2.903898344980981e-16,18810307.19949363,462.8604650816094,18809844.33902855,0.9999753932532747,4.062832232348494,nan,nan,nan,3.213228265460152e+20,0.9950394812040246,5.473154332738496e+20,1.7033194907348765,0.0024926241067203705,0.011548918468854147,0.004985248213440741,5.633237092474985,5.473154332738496e+20,64.82768567575926,21.351566479068445,volume-growth (steady state OUT OF SUPPORT)
3.0,2.0,0.1,0.038122848105260086,6.47760526190762e+22,2.903898344980981e-16,18810307.19949363,131.42476137060086,18810175.774732262,0.9999930131517802,7.624569621052017,nan,nan,nan,1.712202526259244e+20,0.9973567353103036,5.4859002484447655e+20,3.2040019590615576,0.0013251350274754283,0.006139664761837013,0.0026502700549508565,5.633237092474985,5.4859002484447655e+20,64.97865679165,21.451129596337154,volume-growth (steady state OUT OF SUPPORT)
3.0,2.0,0.2,0.06271313410453205,6.47760526190762e+22,2.903898344980981e-16,18810307.19949363,48.56583544284871,18810258.63365819,0.9999974181264066,12.54262682090641,nan,nan,nan,1.0408351897263358e+20,0.9983931790412622,5.4916011443427574e+20,5.276148614639605,0.000804703493808303,0.0037283820759568443,0.001609406987616606,5.633237092474985,5.4916011443427574e+20,65.04618200012705,21.49573638568131,volume-growth (steady state OUT OF SUPPORT)
3.0,5.0,0.005,0.002078509543367318,1.6194013154769048e+23,2.903898344980981e-16,47025767.99873407,17684.949341973894,47008083.0493921,0.9996239306640893,1.0392547716836589,nan,nan,nan,3.1404251687137145e+21,0.9806074927894641,1.3484430138847994e+21,0.429382310178436,0.00988800684939261,0.04581348010525255,0.01977601369878522,5.633237092474985,1.3484430138847994e+21,159.7185727669009,129.60434124216746,volume-growth (steady state OUT OF SUPPORT)
3.0,5.0,0.01,0.004154068068337296,1.6194013154769048e+23,2.903898344980981e-16,47025767.99873407,4427.521193533554,47021340.47754054,0.9999058490401762,2.077034034168648,nan,nan,nan,1.5713280514478975e+21,0.9902968582498332,1.3617669556862685e+21,0.8666344080292276,0.004899107610679163,0.0226987271018252,0.009798215221358327,5.633237092474985,1.3617669556862685e+21,161.29674918685134,132.1782314598691,volume-growth (steady state OUT OF SUPPORT)
3.0,5.0,0.02,0.008284653061723664,1.6194013154769048e+23,2.903898344980981e-16,47025767.99873407,1113.1641564234678,47024654.83457765,0.9999763286341979,4.142326530861832,nan,nan,nan,7.878910118228072e+20,0.9951346772150128,1.3684194881561957e+21,1.73681317291629,0.0024445549413488936,0.011326202628850706,0.004889109882697787,5.633237092474985,1.3684194881561957e+21,162.0847194462108,133.472825676761,volume-growth (steady state OUT OF SUPPORT)
3.0,5.0,0.05,0.020314161161742474,1.6194013154769048e+23,2.903898344980981e-16,47025767.99873407,185.1441860326438,47025582.85454804,0.9999960629205239,10.157080580871238,nan,nan,nan,3.213228265460152e+20,0.9980157924816099,1.3723813381134995e+21,4.271035932509348,0.0009940762126901346,0.004605790781382985,0.001988152425380269,5.633237092474985,1.3723813381134995e+21,162.553987345693,134.24680588316681,volume-growth (steady state OUT OF SUPPORT)
3.0,5.0,0.1,0.038122848105260086,1.6194013154769048e+23,2.903898344980981e-16,47025767.99873407,52.56990454824035,47025715.42882952,0.9999988821042848,19.061424052630045,nan,nan,nan,1.712202526259244e+20,0.9989426941241214,1.3736559296841263e+21,8.02274210332605,0.0005292124774012448,0.002451966880096027,0.0010584249548024895,5.633237092474985,1.3736559296841263e+21,162.70495846158374,134.49628363555195,volume-growth (steady state OUT OF SUPPORT)
3.0,5.0,0.2,0.06271313410453205,1.6194013154769048e+23,2.903898344980981e-16,47025767.99873407,19.426334177139484,47025748.57239989,0.999999586900225,31.356567052266026,nan,nan,nan,1.0408351897263358e+20,0.9993572716165049,1.3742260192739257e+21,13.203108742271171,0.00032157087447588393,0.001489914103481283,0.0006431417489517679,5.633237092474985,1.3742260192739257e+21,162.7724836700608,134.6079430987157,volume-growth (steady state OUT OF SUPPORT)
3.0,10.0,0.005,0.002078509543367318,3.2388026309538096e+23,2.903898344980981e-16,94051535.99746814,8842.474670986947,94042693.52279715,0.9999059826660223,2.0785095433673177,nan,nan,nan,3.1404251687137145e+21,0.9903037463947321,2.723552855284216e+21,0.8672560908049769,0.0048955957404825555,0.022682455774566318,0.009791191480965111,5.633237092474985,2.723552855284216e+21,322.5957422167905,528.7202809348269,volume-growth (steady state OUT OF SUPPORT)
3.0,10.0,0.01,0.004154068068337296,3.2388026309538096e+23,2.903898344980981e-16,94051535.99746814,2213.760596766777,94049322.23687138,0.999976462260044,4.154068068337296,nan,nan,nan,1.5713280514478975e+21,0.9951484291249166,2.736876797085685e+21,1.7417602865065602,0.002437611683389579,0.011294032868530987,0.004875223366779158,5.633237092474985,2.736876797085685e+21,324.1739186367409,533.906058651122,volume-growth (steady state OUT OF SUPPORT)
3.0,10.0,0.02,0.008284653061723664,3.2388026309538096e+23,2.903898344980981e-16,94051535.99746814,556.5820782117339,94050979.41538993,0.9999940821585493,8.284653061723663,nan,nan,nan,7.878910118228072e+20,0.9975673386075063,2.7435293295556124e+21,3.4821178162806845,0.0012192968325774266,0.005649291311434995,0.0024385936651548533,5.633237092474985,2.7435293295556124e+21,324.9618888961004,536.5047464051289,volume-growth (steady state OUT OF SUPPORT)
3.0,10.0,0.05,0.020314161161742474,3.2388026309538096e+23,2.903898344980981e-16,94051535.99746814,92.5720930163219,94051443.42537513,0.9999990157301311,20.314161161742476,nan,nan,nan,3.213228265460152e+20,0.9990078962408049,2.747491179512916e+21,8.550563335466801,0.0004965445032658565,0.002300608410595933,0.000993089006531713,5.633237092474985,2.747491179512916e+21,325.4311567955826,538.0553666276028,volume-growth (steady state OUT OF SUPPORT)
3.0,10.0,0.1,0.038122848105260086,3.2388026309538096e+23,2.903898344980981e-16,94051535.99746814,26.284952274120176,94051509.71251588,0.9999997205260712,38.12284810526009,nan,nan,nan,1.712202526259244e+20,0.9994713470620608,2.748765771083543e+21,16.05397567710021,0.00026446627984544845,0.0012253349774888013,0.0005289325596908969,5.633237092474985,2.748765771083543e+21,325.5821279114733,538.5547021051821,volume-growth (steady state OUT OF SUPPORT)
3.0,10.0,0.2,0.06271313410453205,3.2388026309538096e+23,2.903898344980981e-16,94051535.99746814,9.713167088569742,94051526.28430106,0.9999998967250563,62.71313410453205,nan,nan,nan,1.0408351897263358e+20,0.9996786358082524,2.749335860673342e+21,26.414708954990445,0.00016073374994541423,0.0007447175722596924,0.00032146749989082847,5.633237092474985,2.749335860673342e+21,325.64965311995036,538.7781160247117,volume-growth (steady state OUT OF SUPPORT)
3.0,20.0,0.005,0.002078509543367318,6.477605261907619e+23,2.903898344980981e-16,188103071.9949363,4421.237335493473,188098650.75760078,0.9999764956665055,4.1570190867346355,nan,nan,nan,3.1404251687137145e+21,0.9951518731973661,5.473772538083049e+21,1.7430036520580585,0.002435872821631314,0.011285976309733908,0.004871745643262628,5.633237092474985,5.473772538083049e+21,648.3500811165698,2135.639016836166,volume-growth (steady state OUT OF SUPPORT)
3.0,20.0,0.01,0.004154068068337296,6.477605261907619e+23,2.903898344980981e-16,188103071.9949363,1106.8802983833884,188101965.1146379,0.999994115565011,8.308136136674593,nan,nan,nan,1.5713280514478975e+21,0.9975742145624583,5.487096479884519e+21,3.4920120434612256,0.0012158420908090766,0.005633284673728953,0.002431684181618153,5.633237092474985,5.487096479884519e+21,649.9282575365202,2146.0485695496486,volume-growth (steady state OUT OF SUPPORT)
3.0,20.0,0.02,0.008284653061723664,6.477605261907619e+23,2.903898344980981e-16,188103071.9949363,278.29103910586696,188102793.70389718,0.9999985205396373,16.569306123447326,nan,nan,nan,7.878910118228072e+20,0.9987836693037532,5.493749012354445e+21,6.972727103009473,0.0006089059791569897,0.002821205768459965,0.0012178119583139795,5.633237092474985,5.493749012354445e+21,650.7162277958795,2151.255444377884,volume-growth (steady state OUT OF SUPPORT)
3.0,20.0,0.05,0.020314161161742474,6.477605261907619e+23,2.903898344980981e-16,188103071.9949363,46.28604650816095,188103025.70888978,0.9999997539325328,40.62832232348495,nan,nan,nan,3.213228265460152e+20,0.9995039481204024,5.497710862311749e+21,17.109618141381706,0.00024814903459381,0.0011497333115418988,0.00049629806918762,5.633237092474985,5.497710862311749e+21,651.1854956953617,2154.359344632495,volume-growth (steady state OUT OF SUPPORT)
3.0,20.0,0.1,0.038122848105260086,6.477605261907619e+23,2.903898344980981e-16,188103071.9949363,13.142476137060088,188103058.85246015,0.9999999301315178,76.24569621052018,nan,nan,nan,1.712202526259244e+20,0.9997356735310303,5.498985453882376e+21,32.116442824648516,0.00013219817796242394,0.0006125055016931118,0.0002643963559248479,5.633237092474985,5.498985453882376e+21,651.3364668112524,2155.358395560462,volume-growth (steady state OUT OF SUPPORT)
3.0,20.0,0.2,0.06271313410453205,6.477605261907619e+23,2.903898344980981e-16,188103071.9949363,4.856583544284871,188103067.13835275,0.9999999741812641,125.4262682090641,nan,nan,nan,1.0408351897263358e+20,0.9998393179041262,5.499555543472176e+21,52.837909380429004,8.035395937952085e-05,0.00037229894512442427,0.0001607079187590417,5.633237092474985,5.499555543472176e+21,651.4039920197296,2155.805318392725,volume-growth (steady state OUT OF SUPPORT)
3.0,50.0,0.005,0.002078509543367318,1.619401315476905e+24,2.903898344980981e-16,470257679.9873408,1768.4949341973893,470255911.4924066,0.9999962393066408,10.392547716836589,nan,nan,nan,3.1404251687137145e+21,0.9980607492789464,1.3724431586479548e+22,4.370246335817304,0.0009715093607551593,0.004501233205937466,0.0019430187215103186,5.633237092474985,1.3724431586479548e+22,1625.6130978159072,13425.890076668344,volume-growth (steady state OUT OF SUPPORT)
3.0,50.0,0.01,0.004154068068337296,1.619401315476905e+24,2.903898344980981e-16,470257679.9873408,442.7521193533553,470257237.23522145,0.9999990584904017,20.77034034168648,nan,nan,nan,1.5713280514478975e+21,0.9990296858249833,1.3737755528281018e+22,8.74276731432522,0.0004856282995311721,0.002250031050543379,0.0009712565990623442,5.633237092474985,1.3737755528281018e+22,1627.1912742358577,13451.97095437339,volume-growth (steady state OUT OF SUPPORT)
3.0,50.0,0.02,0.008284653061723664,1.619401315476905e+24,2.903898344980981e-16,470257679.9873408,111.31641564234677,470257568.67092514,0.9999997632863419,41.42326530861832,nan,nan,nan,7.878910118228072e+20,0.9995134677215013,1.3744408060750945e+22,17.44455496319584,0.0002433845536908126,0.0011276583418957425,0.0004867691073816252,5.633237092474985,1.3744408060750945e+22,1627.9792444952172,13465.002390424317,volume-growth (steady state OUT OF SUPPORT)
3.0,50.0,0.05,0.020314161161742474,1.619401315476905e+24,2.903898344980981e-16,470257679.9873408,18.514418603264374,470257661.4729222,0.9999999606292053,101.57080580871236,nan,nan,nan,3.213228265460152e+20,0.9998015792481609,1.374836991070825e+22,42.78678255912643,9.923006522368069e-05,0.0004597564188830695,0.00019846013044736138,5.633237092474985,1.374836991070825e+22,1628.4485123946995,13472.766130775337,volume-growth (steady state OUT OF SUPPORT)
3.0,50.0,0.1,0.038122848105260086,1.619401315476905e+24,2.903898344980981e-16,470257679.9873408,5.2569904548240345,470257674.7303504,0.9999999888210429,190.61424052630042,nan,nan,nan,1.712202526259244e+20,0.9998942694124121,1.3749644502278875e+22,80.30384426729346,5.2870883863563855e-05,0.0002449633402286012,0.00010574176772712771,5.633237092474985,1.3749644502278875e+22,1628.59948351059,13475.264328054467,volume-growth (steady state OUT OF SUPPORT)
3.0,50.0,0.2,0.06271313410453205,1.619401315476905e+24,2.903898344980981e-16,470257679.9873408,1.9426334177139484,470257678.0447074,0.9999999958690023,313.56567052266024,nan,nan,nan,1.0408351897263358e+20,0.9999357271616505,1.3750214591868675e+22,132.10751065674464,3.2138484806405154e-05,0.00014890521990098011,6.427696961281031e-05,5.633237092474985,1.3750214591868675e+22,1628.667008719067,13476.381777624925,volume-growth (steady state OUT OF SUPPORT)
4.0,0.5,0.005,0.002078509543367318,1.619401315476905e+22,1.2052709418960094e-15,19518173.48812486,235799.32455965193,19282374.163565207,0.9879189861334559,0.10392547716836589,nan,nan,nan,1.779943345209395e+21,0.8900863344868155,9.199277434980411e+19,0.051682978897837864,0.0617432608807301,0.20523939804197547,0.1234865217614602,4.324077723047992,9.199277434980411e+19,8.781576465992902,0.16528653383933548,volume-growth (steady state OUT OF SUPPORT)
4.0,0.5,0.01,0.004154068068337296,1.619401315476905e+22,1.2052709418960094e-15,19518173.48812486,59033.61591378071,19459139.872211076,0.9969754538789349,0.2077034034168648,nan,nan,nan,8.906039017198115e+20,0.9450041263269239,9.76686732337583e+19,0.1096656696036858,0.029098218801877653,0.09672474089969774,0.058196437603755306,4.324077723047992,9.76686732337583e+19,9.323394455666278,0.18631190881333312,volume-growth (steady state OUT OF SUPPORT)
4.0,0.5,0.02,0.008284653061723664,1.619401315476905e+22,1.2052709418960094e-15,19518173.48812486,14842.188752312906,19503331.299372546,0.9992395708153049,0.4142326530861832,nan,nan,nan,4.465641713789701e+20,0.972424119511879,1.0050260197527873e+20,0.22505746859388923,0.014178936913845298,0.047131888331816,0.028357873827690595,4.324077723047992,1.0050260197527873e+20,9.593919636787634,0.19728072273049413,volume-growth (steady state OUT OF SUPPORT)
4.0,0.5,0.05,0.020314161161742474,1.619401315476905e+22,1.2052709418960094e-15,19518173.48812486,2468.5891471019168,19515704.898977757,0.9998735235574884,1.0157080580871236,nan,nan,nan,1.8212069896532886e+20,0.9887538254276584,1.0219032022608758e+20,0.5611131563114746,0.005687044784619334,0.018904178878529396,0.011374089569238669,4.324077723047992,1.0219032022608758e+20,9.75502823447133,0.20396213960762352,volume-growth (steady state OUT OF SUPPORT)
4.0,0.5,0.1,0.038122848105260086,1.619401315476905e+22,1.2052709418960094e-15,19518173.48812486,700.9320606432046,19517472.556064215,0.9999640882349432,1.9061424052630043,nan,nan,nan,9.704493272527589e+19,0.9940073574229068,1.0273328663805593e+20,1.0586156716588508,0.003014385422976095,0.010020051433195436,0.00602877084595219,4.324077723047992,1.0273328663805593e+20,9.806859490772343,0.20613531608314378,volume-growth (steady state OUT OF SUPPORT)
4.0,0.5,0.2,0.06271313410453205,1.619401315476905e+22,1.2052709418960094e-15,19518173.48812486,259.01778902852647,19517914.47033583,0.9999867294043069,3.1356567052266024,nan,nan,nan,5.8992893314887246e+19,0.9963571171178458,1.0297614051078437e+20,1.7455685714739755,0.0018281009989128873,0.00607674980596811,0.0036562019978257747,4.324077723047992,1.0297614051078437e+20,9.830042179505242,0.20711104520501575,volume-growth (steady state OUT OF SUPPORT)
4.0,1.0,0.005,0.002078509543367318,3.23880263095381e+22,1.2052709418960094e-15,39036346.97624972,117899.66227982596,38918447.31396989,0.9969797465333639,0.20785095433673179,nan,nan,nan,1.779943345209395e+21,0.9450431672434078,1.9534541643125237e+20,0.10974810909404066,0.02907636109199942,0.09665208417321466,0.05815272218399884,4.324077723047992,1.9534541643125237e+20,18.64755926535356,0.7453092132949102,volume-growth (steady state OUT OF SUPPORT)
4.0,1.0,0.01,0.004154068068337296,3.23880263095381e+22,1.2052709418960094e-15,39036346.97624972,29516.807956890356,39006830.16829283,0.9992438634697338,0.4154068068337296,nan,nan,nan,8.906039017198115e+20,0.972502063163462,2.010213153152066e+20,0.22571349050573655,0.014137726735041406,0.04699490249449116,0.028275453470082812,4.324077723047992,2.010213153152066e+20,19.18937725502694,0.7892493986534318,volume-growth (steady state OUT OF SUPPORT)
4.0,1.0,0.02,0.008284653061723664,3.23880263095381e+22,1.2052709418960094e-15,39036346.97624972,7421.094376156453,39028925.88187356,0.9998098927038263,0.8284653061723664,nan,nan,nan,4.465641713789701e+20,0.9862120597559395,2.03855244056727e+20,0.4564970884861433,0.006990352687165796,0.023236475643656492,0.013980705374331591,4.324077723047992,2.03855244056727e+20,19.45990243614829,0.8116593853403853,volume-growth (steady state OUT OF SUPPORT)
4.0,1.0,0.05,0.020314161161742474,3.23880263095381e+22,1.2052709418960094e-15,39036346.97624972,1234.2945735509584,39035112.681676164,0.999968380889372,2.031416116174247,nan,nan,nan,1.8212069896532886e+20,0.9943769127138292,2.0554296230753586e+20,1.128608463921314,0.0028274425996196893,0.009398638958592713,0.005654885199239379,4.324077723047992,2.0554296230753586e+20,19.62101103383199,0.825154479573381,volume-growth (steady state OUT OF SUPPORT)
4.0,1.0,0.1,0.038122848105260086,3.23880263095381e+22,1.2052709418960094e-15,39036346.97624972,350.4660303216023,39035996.510219395,0.9999910220587358,3.8122848105260085,nan,nan,nan,9.704493272527589e+19,0.9970036787114535,2.060859287195042e+20,2.1236134946160665,0.0015026631057264738,0.0049949689549914815,0.0030053262114529476,4.324077723047992,2.060859287195042e+20,19.672842290133,0.8295197268785267,volume-growth (steady state OUT OF SUPPORT)
4.0,1.0,0.2,0.06271313410453205,3.23880263095381e+22,1.2052709418960094e-15,39036346.97624972,129.50889451426323,39036217.46735521,0.9999966823510769,6.271313410453205,nan,nan,nan,5.8992893314887246e+19,0.9981785585589229,2.0632878259223265e+20,3.497519294246316,0.0009123825719652433,0.0030328305823668967,0.0018247651439304866,4.324077723047992,2.0632878259223265e+20,19.6960249788659,0.831475908710797,volume-growth (steady state OUT OF SUPPORT)
4.0,2.0,0.005,0.002078509543367318,6.47760526190762e+22,1.2052709418960094e-15,78072693.95249943,58949.83113991298,78013744.12135953,0.999244936633341,0.41570190867346357,nan,nan,nan,1.779943345209395e+21,0.9725215836217038,4.0205070059414893e+20,0.22587836948644627,0.01412740695993893,0.04696059875996616,0.02825481391987786,4.324077723047992,4.0205070059414893e+20,38.37952486407488,3.1571243329735545,volume-growth (steady state OUT OF SUPPORT)
4.0,2.0,0.01,0.004154068068337296,6.47760526190762e+22,1.2052709418960094e-15,78072693.95249943,14758.403978445178,78057935.54852098,0.9998109658674333,0.8308136136674592,nan,nan,nan,8.906039017198115e+20,0.986251031581731,4.077265994781032e+20,0.45780913230983805,0.006970318903605436,0.023169881790015133,0.013940637807210872,4.324077723047992,4.077265994781032e+20,38.921342853748264,3.246894139101124,volume-growth (steady state OUT OF SUPPORT)
4.0,2.0,0.02,0.008284653061723664,6.47760526190762e+22,1.2052709418960094e-15,78072693.95249943,3710.5471880782266,78068983.40531136,0.9999524731759566,1.6569306123447327,nan,nan,nan,4.465641713789701e+20,0.9931060298779698,4.105605282196236e+20,0.9193763282706516,0.0034709134345288907,0.01153758602634548,0.006941826869057781,4.324077723047992,4.105605282196236e+20,39.191868034869614,3.2921864713276627,volume-growth (steady state OUT OF SUPPORT)
4.0,2.0,0.05,0.020314161161742474,6.47760526190762e+22,1.2052709418960094e-15,78072693.95249943,617.1472867754792,78072076.80521266,0.9999920952223431,4.062832232348494,nan,nan,nan,1.8212069896532886e+20,0.9971884563569146,4.1224824647043246e+20,2.2635990791409935,0.0014097353540157387,0.004686069885676891,0.0028194707080314773,4.324077723047992,4.1224824647043246e+20,39.352976632553315,3.319308920272391,volume-growth (steady state OUT OF SUPPORT)
4.0,2.0,0.1,0.038122848105260086,6.47760526190762e+22,1.2052709418960094e-15,78072693.95249943,175.23301516080116,78072518.71948427,0.999997755514684,7.624569621052017,nan,nan,nan,9.704493272527589e+19,0.9985018393557267,4.1279121288240084e+20,4.253609140530499,0.0007502042486171085,0.002493737230564088,0.001500408497234217,4.324077723047992,4.1279121288240084e+20,39.40480788885433,3.3280583092367886,volume-growth (steady state OUT OF SUPPORT)
4.0,2.0,0.2,0.06271313410453205,6.47760526190762e+22,1.2052709418960094e-15,78072693.95249943,64.75444725713162,78072629.19805218,0.9999991705877692,12.54262682090641,nan,nan,nan,5.8992893314887246e+19,0.9990892792794615,4.1303406675512925e+20,7.001420739790998,0.00045577544441041185,0.0015150330014769486,0.0009115508888208237,4.324077723047992,4.1303406675512925e+20,39.427990577587224,3.3319753964898546,volume-growth (steady state OUT OF SUPPORT)
4.0,5.0,0.005,0.002078509543367318,1.6194013154769048e+23,1.2052709418960094e-15,195181734.88124856,23579.932455965198,195158154.9487926,0.9998791898613346,1.0392547716836589,nan,nan,nan,1.779943345209395e+21,0.9890086334486815,1.0221665530828386e+21,0.5742691506636631,0.005556759657896769,0.01847110099114643,0.011113519315793538,4.324077723047992,1.0221665530828386e+21,97.57542166023883,20.406727778149442,volume-growth (steady state OUT OF SUPPORT)
4.0,5.0,0.01,0.004154068068337296,1.6194013154769048e+23,1.2052709418960094e-15,195181734.88124856,5903.361591378072,195175831.5196572,0.9999697545387894,2.077034034168648,nan,nan,nan,8.906039017198115e+20,0.9945004126326924,1.027842451966793e+21,1.1540960577221426,0.002765000042960672,0.00919107504703231,0.005530000085921344,4.324077723047992,1.027842451966793e+21,98.11723964991222,20.63398644658416,volume-growth (steady state OUT OF SUPPORT)
4.0,5.0,0.02,0.008284653061723664,1.6194013154769048e+23,1.2052709418960094e-15,195181734.88124856,1484.2188752312907,195180250.66237333,0.999992395708153,4.142326530861832,nan,nan,nan,4.465641713789701e+20,0.9972424119511879,1.0306763807083132e+21,2.308014047624176,0.0013826066840742601,0.004595892078268501,0.0027652133681485202,4.324077723047992,1.0306763807083132e+21,98.38776483103356,20.747925815429447,volume-growth (steady state OUT OF SUPPORT)
4.0,5.0,0.05,0.020314161161742474,1.6194013154769048e+23,1.2052709418960094e-15,195181734.88124856,246.85891471019173,195181488.02233386,0.9999987352355749,10.157080580871238,nan,nan,nan,1.8212069896532886e+20,0.9988753825427659,1.0323640989591221e+21,5.66857092480003,0.0005629418228184157,0.0018712623726027254,0.0011258836456368314,4.324077723047992,1.0323640989591221e+21,98.54887342871727,20.815930328509374,volume-growth (steady state OUT OF SUPPORT)
4.0,5.0,0.1,0.038122848105260086,1.6194013154769048e+23,1.2052709418960094e-15,195181734.88124856,70.09320606432047,195181664.7880425,0.9999996408823494,19.061424052630045,nan,nan,nan,9.704493272527589e+19,0.9994007357422907,1.0329070653710905e+21,10.643596078273793,0.0002998117953476348,0.0009965977100220963,0.0005996235906952696,4.324077723047992,1.0329070653710905e+21,98.60070468501829,20.837832142451525,volume-growth (steady state OUT OF SUPPORT)
4.0,5.0,0.2,0.06271313410453205,1.6194013154769048e+23,1.2052709418960094e-15,195181734.88124856,25.901778902852648,195181708.97946966,0.999999867294043,31.356567052266026,nan,nan,nan,5.8992893314887246e+19,0.9996357117117846,1.0331499192438189e+21,17.51312507642504,0.000182210521266608,0.0006056819346472941,0.000364421042533216,4.324077723047992,1.0331499192438189e+21,98.62388737375117,20.84763194596698,volume-growth (steady state OUT OF SUPPORT)
4.0,10.0,0.005,0.002078509543367318,3.2388026309538096e+23,1.2052709418960094e-15,390363469.7624971,11789.966227982599,390351679.7962691,0.9999697974653335,2.0785095433673177,nan,nan,nan,1.779943345209395e+21,0.9945043167243408,2.0556929738973213e+21,1.154920452625691,0.0027630263555620638,0.009184514356718337,0.0055260527111241275,4.324077723047992,2.0556929738973213e+21,196.23524965384541,82.53659380724244,volume-growth (steady state OUT OF SUPPORT)
4.0,10.0,0.01,0.004154068068337296,3.2388026309538096e+23,1.2052709418960094e-15,390363469.7624971,2951.680795689036,390360518.08170146,0.9999924386346973,4.154068068337296,nan,nan,nan,8.906039017198115e+20,0.9972502063163462,2.0613688727812757e+21,2.31457426674265,0.001378687949241454,0.004582865899108239,0.002757375898482908,4.324077723047992,2.0613688727812757e+21,196.77706764351882,82.99300057952242,volume-growth (steady state OUT OF SUPPORT)
4.0,10.0,0.02,0.008284653061723664,3.2388026309538096e+23,1.2052709418960094e-15,390363469.7624971,742.1094376156453,390362727.6530595,0.9999980989270382,8.284653061723663,nan,nan,nan,4.465641713789701e+20,0.998621205975594,2.0642028015227961e+21,4.622410246546718,0.0006903488610874197,0.0022947732702722446,0.0013806977221748394,4.324077723047992,2.0642028015227961e+21,197.04759282464016,83.22135167606562,volume-growth (steady state OUT OF SUPPORT)
4.0,10.0,0.05,0.020314161161742474,3.2388026309538096e+23,1.2052709418960094e-15,390363469.7624971,123.42945735509586,390363346.33303976,0.9999996838088937,20.314161161742476,nan,nan,nan,1.8212069896532886e+20,0.9994376912713829,2.0658905197736053e+21,11.343524000898427,0.000281312548810199,0.0009351047767138334,0.000562625097620398,4.324077723047992,2.0658905197736053e+21,197.20870142232388,83.35749296270423,volume-growth (steady state OUT OF SUPPORT)
4.0,10.0,0.1,0.038122848105260086,3.2388026309538096e+23,1.2052709418960094e-15,390363469.7624971,35.046603032160235,390363434.7158941,0.9999999102205874,38.12284810526009,nan,nan,nan,9.704493272527589e+19,0.9997003678711454,2.066433486185573e+21,21.293574307845947,0.00014986096758807228,0.0004981495039139282,0.00029972193517614456,4.324077723047992,2.066433486185573e+21,197.26053267862486,83.4013154849426,volume-growth (steady state OUT OF SUPPORT)
4.0,10.0,0.2,0.06271313410453205,3.2388026309538096e+23,1.2052709418960094e-15,390363469.7624971,12.950889451426324,390363456.81160766,0.9999999668235108,62.71313410453205,nan,nan,nan,5.8992893314887246e+19,0.9998178558558923,2.0666763400583017e+21,35.03263230414844,9.108866332045113e-05,0.00030278579656573034,0.00018217732664090226,4.324077723047992,2.0666763400583017e+21,197.28371536735776,83.42091981556204,volume-growth (steady state OUT OF SUPPORT)
4.0,20.0,0.005,0.002078509543367318,6.477605261907619e+23,1.2052709418960094e-15,780726939.5249943,5894.983113991299,780721044.5418802,0.9999924493663334,4.1570190867346355,nan,nan,nan,1.779943345209395e+21,0.9972521583621704,4.122745815526287e+21,2.3162230565497475,0.0013777065383054636,0.004579603612878757,0.002755413076610927,4.324077723047992,4.122745815526287e+21,393.5549056410586,331.97330194217795,volume-growth (steady state OUT OF SUPPORT)
4.0,20.0,0.01,0.004154068068337296,6.477605261907619e+23,1.2052709418960094e-15,780726939.5249943,1475.840397844518,780725463.6845964,0.9999981096586743,8.308136136674593,nan,nan,nan,8.906039017198115e+20,0.9986251031581731,4.128421714410241e+21,4.635530684783665,0.0006883948928775973,0.0022882781280744303,0.0013767897857551946,4.324077723047992,4.128421714410241e+21,394.096723630732,332.88800492214835,volume-growth (steady state OUT OF SUPPORT)
4.0,20.0,0.02,0.008284653061723664,6.477605261907619e+23,1.2052709418960094e-15,780726939.5249943,371.05471880782267,780726568.4702754,0.9999995247317595,16.569306123447326,nan,nan,nan,4.465641713789701e+20,0.999310602987797,4.1312556431517617e+21,9.2512026443918,0.0003449363041590138,0.0011465950845254843,0.0006898726083180276,4.324077723047992,4.1312556431517617e+21,394.36724881185336,333.34517947408744,volume-growth (steady state OUT OF SUPPORT)
4.0,20.0,0.05,0.020314161161742474,6.477605261907619e+23,1.2052709418960094e-15,780726939.5249943,61.71472867754793,780726877.8102655,0.9999999209522233,40.62832232348495,nan,nan,nan,1.8212069896532886e+20,0.9997188456356915,4.1329433614025705e+21,22.693430153095218,0.00014061671715799045,0.0004674208969930164,0.0002812334343159809,4.324077723047992,4.1329433614025705e+21,394.528357409537,333.6175943078433,volume-growth (steady state OUT OF SUPPORT)
4.0,20.0,0.1,0.038122848105260086,6.477605261907619e+23,1.2052709418960094e-15,780726939.5249943,17.523301516080117,780726922.0016928,0.9999999775551469,76.24569621052018,nan,nan,nan,9.704493272527589e+19,0.9998501839355727,4.1334863278145394e+21,42.59353076699027,7.491925632179278e-05,0.0002490374309665938,0.00014983851264358555,4.324077723047992,4.1334863278145394e+21,394.58018866583814,333.7052582466743,volume-growth (steady state OUT OF SUPPORT)
4.0,20.0,0.2,0.06271313410453205,6.477605261907619e+23,1.2052709418960094e-15,780726939.5249943,6.475444725713162,780726933.0495496,0.9999999917058777,125.4262682090641,nan,nan,nan,5.8992893314887246e+19,0.9999089279279462,4.1337291816872675e+21,70.07164675959525,4.55401834657863e-05,0.00015137910936213875,9.10803669315726e-05,4.324077723047992,4.1337291816872675e+21,394.603371354571,333.74447163150165,volume-growth (steady state OUT OF SUPPORT)
4.0,50.0,0.005,0.002078509543367318,1.619401315476905e+24,1.2052709418960094e-15,1951817348.8124862,2357.993245596519,1951814990.8192406,0.9999987918986133,10.392547716836589,nan,nan,nan,1.779943345209395e+21,0.9989008633448682,1.0323904340413186e+22,5.800130868321917,0.0005501730429240624,0.0018288179558054024,0.0011003460858481247,4.324077723047992,1.0323904340413186e+22,985.5138736026984,2081.6992349609804,volume-growth (steady state OUT OF SUPPORT)
4.0,50.0,0.01,0.004154068068337296,1.619401315476905e+24,1.2052709418960094e-15,1951817348.8124862,590.3361591378072,1951816758.476327,0.9999996975453879,20.77034034168648,nan,nan,nan,8.906039017198115e+20,0.9994500412632692,1.032958023929714e+22,11.598399938906711,0.0002751306788859983,0.0009145557606120175,0.0005502613577719966,4.324077723047992,1.032958023929714e+22,986.0556915923718,2083.9888265640225,volume-growth (steady state OUT OF SUPPORT)
4.0,50.0,0.02,0.008284653061723664,1.619401315476905e+24,1.2052709418960094e-15,1951817348.8124862,148.42188752312904,1951817200.3905985,0.9999999239570815,41.42326530861832,nan,nan,nan,4.465641713789701e+20,0.9997242411951188,1.0332414168038659e+22,23.13757983792705,0.00013791743438746723,0.0004584482712673129,0.00027583486877493445,4.324077723047992,1.0332414168038659e+22,986.3262167734929,2085.1324714821485,volume-growth (steady state OUT OF SUPPORT)
4.0,50.0,0.05,0.020314161161742474,1.619401315476905e+24,1.2052709418960094e-15,1951817348.8124862,24.68589147101917,1951817324.1265948,0.9999999873523558,101.57080580871236,nan,nan,nan,1.8212069896532886e+20,0.9998875382542766,1.033410188628947e+22,56.7431486096856,5.623719739511144e-05,0.0001869368150677425,0.00011247439479022289,4.324077723047992,1.033410188628947e+22,986.4873253711768,2085.8137069572567,volume-growth (steady state OUT OF SUPPORT)
4.0,50.0,0.1,0.038122848105260086,1.619401315476905e+24,1.2052709418960094e-15,1951817348.8124862,7.009320606432046,1951817341.8031657,0.9999999964088235,190.61424052630042,nan,nan,nan,9.704493272527589e+19,0.9999400735742291,1.0334644852701436e+22,106.4934001444232,2.99650085813157e-05,9.960601749609344e-05,5.99300171626314e-05,4.324077723047992,1.0334644852701436e+22,986.5391566274776,2086.0328951458646,volume-growth (steady state OUT OF SUPPORT)
4.0,50.0,0.2,0.06271313410453205,1.619401315476905e+24,1.2052709418960094e-15,1951817348.8124862,2.5901778902852644,1951817346.2223084,0.9999999986729405,313.56567052266024,nan,nan,nan,5.8992893314887246e+19,0.9999635711711785,1.0334887706574165e+22,175.1886901259357,1.8215077964701485e-05,6.0548334886046564e-05,3.643015592940297e-05,4.324077723047992,1.0334887706574165e+22,986.5623393162107,2086.1309356933166,volume-growth (steady state OUT OF SUPPORT)
